1001,deepseek,large_graphs,0.0,A,F1,1,0,,nan,0,path_adjacency,0,0,0,erdos_renyi,extra_large,0,30.87
1001,deepseek,large_graphs,0.0,A,F2,1,1,503,-23.206106870229007,0,none,161,342,9,erdos_renyi,extra_large,0,52.39
1001,deepseek,large_graphs,0.0,A,F3,1,0,,nan,0,path_adjacency,0,0,0,erdos_renyi,extra_large,0,78.7
1001,deepseek,large_graphs,0.0,A,F4,1,0,,nan,1,parse_error,0,0,0,erdos_renyi,extra_large,0,137.18
1001,deepseek,large_graphs,0.0,A,F5,1,0,,nan,0,path_adjacency,0,0,0,erdos_renyi,extra_large,0,49.24
1002,deepseek,large_graphs,0.0,A,F1,1,0,,nan,0,path_adjacency,0,0,0,barabasi_albert,extra_large,0,52.58
1002,deepseek,large_graphs,0.0,A,F2,1,1,312,-51.02040816326531,0,none,137,175,7,barabasi_albert,extra_large,0,72.38
1002,deepseek,large_graphs,0.0,A,F3,1,1,312,-51.02040816326531,0,none,137,175,7,barabasi_albert,extra_large,0,51.68
1002,deepseek,large_graphs,0.0,A,F4,1,1,312,-51.02040816326531,0,none,137,175,7,barabasi_albert,extra_large,0,52.3
1002,deepseek,large_graphs,0.0,A,F5,1,1,312,-51.02040816326531,0,none,137,175,7,barabasi_albert,extra_large,0,61.94
1003,deepseek,large_graphs,0.0,A,F1,1,1,393,-70.15945330296127,0,none,141,252,9,waxman,extra_large,0,72.46
1003,deepseek,large_graphs,0.0,A,F2,1,1,393,-70.15945330296127,0,none,141,252,9,waxman,extra_large,0,142.01
1003,deepseek,large_graphs,0.0,A,F3,1,1,393,-70.15945330296127,0,none,141,252,9,waxman,extra_large,0,71.65
1003,deepseek,large_graphs,0.0,A,F4,1,0,,nan,0,path_adjacency,0,0,0,waxman,extra_large,0,60.01
1003,deepseek,large_graphs,0.0,A,F5,1,1,393,-70.15945330296127,0,none,141,252,9,waxman,extra_large,0,66.19
1004,deepseek,large_graphs,0.0,A,F1,1,1,298,-69.37307297019527,0,none,109,189,7,waxman,extra_large,0,34.14
1004,deepseek,large_graphs,0.0,A,F2,1,1,298,-69.37307297019527,0,none,109,189,7,waxman,extra_large,0,64.32
1004,deepseek,large_graphs,0.0,A,F3,1,1,298,-69.37307297019527,0,none,109,189,7,waxman,extra_large,0,80.8
1004,deepseek,large_graphs,0.0,A,F4,1,1,298,-69.37307297019527,0,none,109,189,7,waxman,extra_large,0,99.52
1004,deepseek,large_graphs,0.0,A,F5,1,0,,nan,0,path_adjacency,0,0,0,waxman,extra_large,0,73.16
1005,deepseek,large_graphs,0.0,A,F1,1,0,,nan,0,path_adjacency,0,0,0,erdos_renyi,extra_large,0,49.38
1005,deepseek,large_graphs,0.0,A,F2,1,1,368,-28.125,0,none,80,288,6,erdos_renyi,extra_large,0,27.53
1005,deepseek,large_graphs,0.0,A,F3,1,1,368,-28.125,0,none,80,288,6,erdos_renyi,extra_large,0,41.74
1005,deepseek,large_graphs,0.0,A,F4,1,1,368,-28.125,0,none,80,288,6,erdos_renyi,extra_large,0,37.15
1005,deepseek,large_graphs,0.0,A,F5,1,0,,nan,0,path_adjacency,0,0,0,erdos_renyi,extra_large,0,49.76
1006,deepseek,large_graphs,0.0,A,F1,1,1,324,-53.84615384615385,0,none,54,270,5,barabasi_albert,extra_large,0,46.44
1006,deepseek,large_graphs,0.0,A,F2,1,0,,nan,0,path_adjacency,0,0,0,barabasi_albert,extra_large,0,39.79
1006,deepseek,large_graphs,0.0,A,F3,1,1,324,-53.84615384615385,0,none,54,270,5,barabasi_albert,extra_large,0,63.22
1006,deepseek,large_graphs,0.0,A,F4,1,0,,nan,0,path_adjacency,0,0,0,barabasi_albert,extra_large,0,39.63
1006,deepseek,large_graphs,0.0,A,F5,1,0,,nan,0,path_adjacency,0,0,0,barabasi_albert,extra_large,0,42.7
1007,deepseek,large_graphs,0.0,A,F1,1,1,667,-62.295081967213115,0,none,145,522,9,waxman,extra_large,0,62.63
1007,deepseek,large_graphs,0.0,A,F2,1,1,667,-62.295081967213115,0,none,145,522,9,waxman,extra_large,0,76.61
1007,deepseek,large_graphs,0.0,A,F3,1,0,,nan,0,path_adjacency,0,0,0,waxman,extra_large,0,100.34
1007,deepseek,large_graphs,0.0,A,F4,1,0,,nan,0,path_adjacency,0,0,0,waxman,extra_large,0,50.91
1007,deepseek,large_graphs,0.0,A,F5,1,0,,nan,1,parse_error,0,0,0,waxman,extra_large,0,155.18
1008,deepseek,large_graphs,0.0,A,F1,1,1,696,-37.634408602150536,0,none,136,560,8,erdos_renyi,extra_large,0,59.8
1008,deepseek,large_graphs,0.0,A,F2,1,1,766,-31.36200716845878,0,none,136,630,9,erdos_renyi,extra_large,0,86.08
1008,deepseek,large_graphs,0.0,A,F3,1,1,696,-37.634408602150536,0,none,136,560,8,erdos_renyi,extra_large,0,43.76
1008,deepseek,large_graphs,0.0,A,F4,1,1,696,-37.634408602150536,0,none,136,560,8,erdos_renyi,extra_large,0,101.65
1008,deepseek,large_graphs,0.0,A,F5,1,0,,nan,0,path_adjacency,0,0,0,erdos_renyi,extra_large,0,59.46
1009,deepseek,large_graphs,0.0,A,F1,1,1,541,-40.87431693989071,0,none,167,374,11,barabasi_albert,extra_large,0,47.9
1009,deepseek,large_graphs,0.0,A,F2,1,0,,nan,0,path_adjacency,0,0,0,barabasi_albert,extra_large,0,141.95
1009,deepseek,large_graphs,0.0,A,F3,1,0,,nan,0,path_adjacency,0,0,0,barabasi_albert,extra_large,0,69.46
1009,deepseek,large_graphs,0.0,A,F4,1,0,,nan,0,path_adjacency,0,0,0,barabasi_albert,extra_large,0,78.6
1009,deepseek,large_graphs,0.0,A,F5,1,1,473,-48.306010928961754,0,none,167,306,9,barabasi_albert,extra_large,0,133.58
1010,deepseek,large_graphs,0.0,A,F1,1,0,,nan,0,path_adjacency,0,0,0,waxman,extra_large,0,35.09
1010,deepseek,large_graphs,0.0,A,F2,1,1,431,-45.85427135678392,0,none,66,365,5,waxman,extra_large,0,104.17
1010,deepseek,large_graphs,0.0,A,F3,1,1,431,-45.85427135678392,0,none,66,365,5,waxman,extra_large,0,36.0
1010,deepseek,large_graphs,0.0,A,F4,1,1,504,-36.68341708542713,0,none,66,438,6,waxman,extra_large,0,62.81
1010,deepseek,large_graphs,0.0,A,F5,1,0,,nan,0,path_adjacency,0,0,0,waxman,extra_large,0,62.05
1011,deepseek,large_graphs,0.0,A,F1,1,0,,nan,0,path_adjacency,0,0,0,erdos_renyi,extra_large,0,87.31
1011,deepseek,large_graphs,0.0,A,F2,1,0,,nan,0,path_adjacency,0,0,0,erdos_renyi,extra_large,0,100.22
1011,deepseek,large_graphs,0.0,A,F3,1,1,303,-18.766756032171582,0,none,93,210,6,erdos_renyi,extra_large,0,90.4
1011,deepseek,large_graphs,0.0,A,F4,1,1,303,-18.766756032171582,0,none,93,210,6,erdos_renyi,extra_large,0,61.15
1011,deepseek,large_graphs,0.0,A,F5,1,0,,nan,0,path_adjacency,0,0,0,erdos_renyi,extra_large,0,47.87
1012,deepseek,large_graphs,0.0,A,F1,1,1,325,-65.31483457844183,0,none,109,216,6,waxman,extra_large,0,100.51
1012,deepseek,large_graphs,0.0,A,F2,1,0,,nan,0,path_adjacency,0,0,0,waxman,extra_large,0,63.86
1012,deepseek,large_graphs,0.0,A,F3,1,0,,nan,0,path_adjacency,0,0,0,waxman,extra_large,0,126.69
1012,deepseek,large_graphs,0.0,A,F4,1,1,325,-65.31483457844183,0,none,109,216,6,waxman,extra_large,0,65.39
1012,deepseek,large_graphs,0.0,A,F5,1,0,,nan,0,path_adjacency,0,0,0,waxman,extra_large,0,52.24
1013,deepseek,large_graphs,0.0,A,F1,1,1,619,-66.41345632121542,0,none,160,459,9,waxman,extra_large,0,57.86
1013,deepseek,large_graphs,0.0,A,F2,1,1,619,-66.41345632121542,0,none,160,459,9,waxman,extra_large,0,93.63
1013,deepseek,large_graphs,0.0,A,F3,1,1,619,-66.41345632121542,0,none,160,459,9,waxman,extra_large,0,64.65
1013,deepseek,large_graphs,0.0,A,F4,1,0,,nan,0,path_adjacency,0,0,0,waxman,extra_large,0,59.18
1013,deepseek,large_graphs,0.0,A,F5,1,0,,nan,0,path_adjacency,0,0,0,waxman,extra_large,0,111.22
1014,deepseek,large_graphs,0.0,A,F1,1,1,401,-21.218074656188605,0,none,158,243,9,erdos_renyi,extra_large,0,103.59
1014,deepseek,large_graphs,0.0,A,F2,1,0,,nan,1,parse_error,0,0,0,erdos_renyi,extra_large,0,142.34
1014,deepseek,large_graphs,0.0,A,F3,1,0,,nan,0,path_adjacency,0,0,0,erdos_renyi,extra_large,0,28.34
1014,deepseek,large_graphs,0.0,A,F4,1,1,401,-21.218074656188605,0,none,158,243,9,erdos_renyi,extra_large,0,112.74
1014,deepseek,large_graphs,0.0,A,F5,1,0,,nan,0,path_adjacency,0,0,0,erdos_renyi,extra_large,0,53.93
1015,deepseek,large_graphs,0.0,A,F1,1,1,668,-56.225425950196595,0,none,122,546,7,barabasi_albert,extra_large,0,46.82
1015,deepseek,large_graphs,0.0,A,F2,1,1,668,-56.225425950196595,0,none,122,546,7,barabasi_albert,extra_large,0,59.77
1015,deepseek,large_graphs,0.0,A,F3,1,1,668,-56.225425950196595,0,none,122,546,7,barabasi_albert,extra_large,0,96.28
1015,deepseek,large_graphs,0.0,A,F4,1,1,668,-56.225425950196595,0,none,122,546,7,barabasi_albert,extra_large,0,39.24
1015,deepseek,large_graphs,0.0,A,F5,1,1,668,-56.225425950196595,0,none,122,546,7,barabasi_albert,extra_large,0,65.67
1016,deepseek,large_graphs,0.0,A,F1,1,0,,nan,0,path_adjacency,0,0,0,erdos_renyi,extra_large,0,77.98
1016,deepseek,large_graphs,0.0,A,F2,1,0,,nan,1,parse_error,0,0,0,erdos_renyi,extra_large,0,127.6
1016,deepseek,large_graphs,0.0,A,F3,1,0,,nan,0,path_adjacency,0,0,0,erdos_renyi,extra_large,0,93.41
1016,deepseek,large_graphs,0.0,A,F4,1,1,602,18.503937007874015,0,none,179,423,9,erdos_renyi,extra_large,0,72.69
1016,deepseek,large_graphs,0.0,A,F5,1,0,,nan,0,path_adjacency,0,0,0,erdos_renyi,extra_large,0,72.04
1017,deepseek,large_graphs,0.0,A,F1,1,1,262,-49.0272373540856,0,none,94,168,6,barabasi_albert,extra_large,0,40.86
1017,deepseek,large_graphs,0.0,A,F2,1,1,262,-49.0272373540856,0,none,94,168,6,barabasi_albert,extra_large,0,22.08
1017,deepseek,large_graphs,0.0,A,F3,1,1,262,-49.0272373540856,0,none,94,168,6,barabasi_albert,extra_large,0,44.69
1017,deepseek,large_graphs,0.0,A,F4,1,1,262,-49.0272373540856,0,none,94,168,6,barabasi_albert,extra_large,0,37.75
1017,deepseek,large_graphs,0.0,A,F5,1,0,,nan,0,path_adjacency,0,0,0,barabasi_albert,extra_large,0,57.06
1018,deepseek,large_graphs,0.0,A,F1,1,1,301,-54.46293494704992,0,none,141,160,8,waxman,extra_large,0,53.38
1018,deepseek,large_graphs,0.0,A,F2,1,0,,nan,0,path_adjacency,0,0,0,waxman,extra_large,0,116.81
1018,deepseek,large_graphs,0.0,A,F3,1,1,301,-54.46293494704992,0,none,141,160,8,waxman,extra_large,0,52.69
1018,deepseek,large_graphs,0.0,A,F4,1,1,301,-54.46293494704992,0,none,141,160,8,waxman,extra_large,0,81.58
1018,deepseek,large_graphs,0.0,A,F5,1,1,301,-54.46293494704992,0,none,141,160,8,waxman,extra_large,0,41.17
1019,deepseek,large_graphs,0.0,A,F1,1,1,708,-38.003502626970224,0,none,150,558,9,erdos_renyi,extra_large,0,68.95
1019,deepseek,large_graphs,0.0,A,F2,1,1,708,-38.003502626970224,0,none,150,558,9,erdos_renyi,extra_large,0,38.34
1019,deepseek,large_graphs,0.0,A,F3,1,1,708,-38.003502626970224,0,none,150,558,9,erdos_renyi,extra_large,0,73.27
1019,deepseek,large_graphs,0.0,A,F4,1,1,708,-38.003502626970224,0,none,150,558,9,erdos_renyi,extra_large,0,34.52
1019,deepseek,large_graphs,0.0,A,F5,1,1,708,-38.003502626970224,0,none,150,558,9,erdos_renyi,extra_large,0,65.9
1020,deepseek,large_graphs,0.0,A,F1,1,1,733,-60.463861920172604,0,none,143,590,10,waxman,extra_large,0,43.94
1020,deepseek,large_graphs,0.0,A,F2,1,1,910,-50.916936353829556,0,none,143,767,13,waxman,extra_large,0,90.12
1020,deepseek,large_graphs,0.0,A,F3,1,1,615,-66.8284789644013,0,none,143,472,8,waxman,extra_large,0,65.3
1020,deepseek,large_graphs,0.0,A,F4,1,1,1087,-41.370010787486514,0,none,143,944,16,waxman,extra_large,0,63.43
1020,deepseek,large_graphs,0.0,A,F5,1,0,,nan,0,path_adjacency,0,0,0,waxman,extra_large,0,94.8
1021,deepseek,large_graphs,0.0,A,F1,1,0,,nan,0,path_adjacency,0,0,0,waxman,extra_large,0,92.75
1021,deepseek,large_graphs,0.0,A,F2,1,1,403,-60.17786561264822,0,none,142,261,9,waxman,extra_large,0,90.79
1021,deepseek,large_graphs,0.0,A,F3,1,0,,nan,0,path_adjacency,0,0,0,waxman,extra_large,0,61.08
1021,deepseek,large_graphs,0.0,A,F4,1,0,,nan,0,path_adjacency,0,0,0,waxman,extra_large,0,84.04
1021,deepseek,large_graphs,0.0,A,F5,1,1,403,-60.17786561264822,0,none,142,261,9,waxman,extra_large,0,133.42
1022,deepseek,large_graphs,0.0,A,F1,1,1,279,-73.40324118207818,0,none,69,210,3,barabasi_albert,extra_large,0,35.56
1022,deepseek,large_graphs,0.0,A,F2,1,0,,nan,0,path_adjacency,0,0,0,barabasi_albert,extra_large,0,37.88
1022,deepseek,large_graphs,0.0,A,F3,1,1,419,-60.05719733079123,0,none,69,350,5,barabasi_albert,extra_large,0,63.99
1022,deepseek,large_graphs,0.0,A,F4,1,1,419,-60.05719733079123,0,none,69,350,5,barabasi_albert,extra_large,0,30.2
1022,deepseek,large_graphs,0.0,A,F5,1,1,419,-60.05719733079123,0,none,69,350,5,barabasi_albert,extra_large,0,53.19
1023,deepseek,large_graphs,0.0,A,F1,1,1,302,-65.60364464692483,0,none,86,216,6,waxman,extra_large,0,39.73
1023,deepseek,large_graphs,0.0,A,F2,1,1,302,-65.60364464692483,0,none,86,216,6,waxman,extra_large,0,29.61
1023,deepseek,large_graphs,0.0,A,F3,1,1,302,-65.60364464692483,0,none,86,216,6,waxman,extra_large,0,40.87
1023,deepseek,large_graphs,0.0,A,F4,1,0,,nan,0,path_adjacency,0,0,0,waxman,extra_large,0,32.18
1023,deepseek,large_graphs,0.0,A,F5,1,0,,nan,0,path_adjacency,0,0,0,waxman,extra_large,0,45.14
1024,deepseek,large_graphs,0.0,A,F1,1,0,,nan,0,path_adjacency,0,0,0,waxman,extra_large,0,64.3
1024,deepseek,large_graphs,0.0,A,F2,1,1,401,-58.78725590955807,0,none,93,308,7,waxman,extra_large,0,54.77
1024,deepseek,large_graphs,0.0,A,F3,1,1,401,-58.78725590955807,0,none,93,308,7,waxman,extra_large,0,23.14
1024,deepseek,large_graphs,0.0,A,F4,1,1,401,-58.78725590955807,0,none,93,308,7,waxman,extra_large,0,98.77
1024,deepseek,large_graphs,0.0,A,F5,1,0,,nan,0,path_adjacency,0,0,0,waxman,extra_large,0,63.65
1025,deepseek,large_graphs,0.0,A,F1,1,1,392,-28.073394495412845,0,none,86,306,6,erdos_renyi,extra_large,0,69.93
1025,deepseek,large_graphs,0.0,A,F2,1,0,,nan,0,path_adjacency,0,0,0,erdos_renyi,extra_large,0,75.55
1025,deepseek,large_graphs,0.0,A,F3,1,0,,nan,0,path_adjacency,0,0,0,erdos_renyi,extra_large,0,41.13
1025,deepseek,large_graphs,0.0,A,F4,1,1,392,-28.073394495412845,0,none,86,306,6,erdos_renyi,extra_large,0,28.62
1025,deepseek,large_graphs,0.0,A,F5,1,0,,nan,0,path_adjacency,0,0,0,erdos_renyi,extra_large,0,30.65
1026,deepseek,large_graphs,0.0,A,F1,1,0,,nan,0,path_adjacency,0,0,0,barabasi_albert,extra_large,0,36.81
1026,deepseek,large_graphs,0.0,A,F2,1,1,541,-58.73379099923722,0,none,121,420,6,barabasi_albert,extra_large,0,36.86
1026,deepseek,large_graphs,0.0,A,F3,1,1,541,-58.73379099923722,0,none,121,420,6,barabasi_albert,extra_large,0,40.06
1026,deepseek,large_graphs,0.0,A,F4,1,0,,nan,0,path_adjacency,0,0,0,barabasi_albert,extra_large,0,67.54
1026,deepseek,large_graphs,0.0,A,F5,1,1,541,-58.73379099923722,0,none,121,420,6,barabasi_albert,extra_large,0,55.55
1027,deepseek,large_graphs,0.0,A,F1,1,0,,nan,0,path_adjacency,0,0,0,barabasi_albert,extra_large,0,38.8
1027,deepseek,large_graphs,0.0,A,F2,1,0,,nan,0,path_adjacency,0,0,0,barabasi_albert,extra_large,0,42.63
1027,deepseek,large_graphs,0.0,A,F3,1,1,421,-54.925053533190585,0,none,79,342,6,barabasi_albert,extra_large,0,37.49
1027,deepseek,large_graphs,0.0,A,F4,1,1,421,-54.925053533190585,0,none,79,342,6,barabasi_albert,extra_large,0,30.09
1027,deepseek,large_graphs,0.0,A,F5,1,0,,nan,0,path_adjacency,0,0,0,barabasi_albert,extra_large,0,81.49
1028,deepseek,large_graphs,0.0,A,F1,1,0,,nan,0,path_adjacency,0,0,0,erdos_renyi,extra_large,0,73.65
1028,deepseek,large_graphs,0.0,A,F2,1,1,466,-17.08185053380783,0,none,130,336,7,erdos_renyi,extra_large,0,47.83
1028,deepseek,large_graphs,0.0,A,F3,1,1,466,-17.08185053380783,0,none,130,336,7,erdos_renyi,extra_large,0,54.18
1028,deepseek,large_graphs,0.0,A,F4,1,1,466,-17.08185053380783,0,none,130,336,7,erdos_renyi,extra_large,0,48.83
1028,deepseek,large_graphs,0.0,A,F5,1,0,,nan,0,path_adjacency,0,0,0,erdos_renyi,extra_large,0,68.13
1029,deepseek,large_graphs,0.0,A,F1,1,0,,nan,0,path_adjacency,0,0,0,barabasi_albert,extra_large,0,47.69
1029,deepseek,large_graphs,0.0,A,F2,1,0,,nan,0,path_adjacency,0,0,0,barabasi_albert,extra_large,0,46.97
1029,deepseek,large_graphs,0.0,A,F3,1,1,361,-61.83932346723044,0,none,91,270,6,barabasi_albert,extra_large,0,40.81
1029,deepseek,large_graphs,0.0,A,F4,1,1,361,-61.83932346723044,0,none,91,270,6,barabasi_albert,extra_large,0,24.13
1029,deepseek,large_graphs,0.0,A,F5,1,1,361,-61.83932346723044,0,none,91,270,6,barabasi_albert,extra_large,0,38.85
1030,deepseek,large_graphs,0.0,A,F1,1,1,496,-34.04255319148936,0,none,112,384,6,erdos_renyi,extra_large,0,40.85
1030,deepseek,large_graphs,0.0,A,F2,1,0,,nan,1,parse_error,0,0,0,erdos_renyi,extra_large,0,125.32
1030,deepseek,large_graphs,0.0,A,F3,1,1,496,-34.04255319148936,0,none,112,384,6,erdos_renyi,extra_large,0,58.76
1030,deepseek,large_graphs,0.0,A,F4,1,0,,nan,0,path_adjacency,0,0,0,erdos_renyi,extra_large,0,35.69
1030,deepseek,large_graphs,0.0,A,F5,1,1,496,-34.04255319148936,0,none,112,384,6,erdos_renyi,extra_large,0,36.97
100,deepseek,main_t0,0.0,A,F1,1,1,257,-21.88449848024316,0,none,77,180,5,erdos_renyi,large,0,33.21
100,deepseek,main_t0,0.0,A,F2,1,1,257,-21.88449848024316,0,none,77,180,5,erdos_renyi,large,0,62.36
100,deepseek,main_t0,0.0,A,F3,1,0,,nan,0,path_adjacency,0,0,0,erdos_renyi,large,0,38.37
100,deepseek,main_t0,0.0,A,F4,1,0,,nan,0,path_adjacency,0,0,0,erdos_renyi,large,0,31.87
100,deepseek,main_t0,0.0,A,F5,1,0,,nan,0,path_adjacency,0,0,0,erdos_renyi,large,0,36.21
101,deepseek,main_t0,0.0,A,F1,1,1,553,nan,0,none,56,497,7,waxman,medium,0,91.03
101,deepseek,main_t0,0.0,A,F2,1,0,,nan,0,path_adjacency,0,0,0,waxman,medium,0,133.22
101,deepseek,main_t0,0.0,A,F3,1,0,,nan,0,path_adjacency,0,0,0,waxman,medium,0,126.44
101,deepseek,main_t0,0.0,A,F4,1,0,,nan,1,parse_error,0,0,0,waxman,medium,0,140.62
101,deepseek,main_t0,0.0,A,F5,1,0,,nan,1,parse_error,0,0,0,waxman,medium,0,143.95
102,deepseek,main_t0,0.0,A,F1,1,1,851,-50.20479812755998,0,none,149,702,9,barabasi_albert,medium,0,61.76
102,deepseek,main_t0,0.0,A,F2,1,1,851,-50.20479812755998,0,none,149,702,9,barabasi_albert,medium,0,62.01
102,deepseek,main_t0,0.0,A,F3,1,1,851,-50.20479812755998,0,none,149,702,9,barabasi_albert,medium,0,44.47
102,deepseek,main_t0,0.0,A,F4,1,1,851,-50.20479812755998,0,none,149,702,9,barabasi_albert,medium,0,45.31
102,deepseek,main_t0,0.0,A,F5,1,1,851,-50.20479812755998,0,none,149,702,9,barabasi_albert,medium,0,50.91
103,deepseek,main_t0,0.0,A,F1,1,0,,nan,1,parse_error,0,0,0,waxman,small,0,138.05
103,deepseek,main_t0,0.0,A,F2,1,0,,nan,1,parse_error,0,0,0,waxman,small,0,142.3
103,deepseek,main_t0,0.0,A,F3,1,0,,nan,0,path_adjacency,0,0,0,waxman,small,0,116.88
103,deepseek,main_t0,0.0,A,F4,1,0,,nan,0,path_adjacency,0,0,0,waxman,small,0,104.45
103,deepseek,main_t0,0.0,A,F5,1,1,664,nan,0,none,92,572,11,waxman,small,0,61.59
104,deepseek,main_t0,0.0,A,F1,1,1,394,-82.67370272647318,0,none,65,329,7,waxman,medium,0,72.85
104,deepseek,main_t0,0.0,A,F2,1,1,394,-82.67370272647318,0,none,65,329,7,waxman,medium,0,93.56
104,deepseek,main_t0,0.0,A,F3,1,1,394,-82.67370272647318,0,none,65,329,7,waxman,medium,0,32.42
104,deepseek,main_t0,0.0,A,F4,1,1,394,-82.67370272647318,0,none,65,329,7,waxman,medium,0,33.75
104,deepseek,main_t0,0.0,A,F5,1,1,394,-82.67370272647318,0,none,65,329,7,waxman,medium,0,79.49
105,deepseek,main_t0,0.0,A,F1,1,1,702,nan,0,none,112,590,10,waxman,medium,0,114.6
105,deepseek,main_t0,0.0,A,F2,1,0,,nan,0,path_adjacency,0,0,0,waxman,medium,0,135.09
105,deepseek,main_t0,0.0,A,F3,1,1,702,nan,0,none,112,590,10,waxman,medium,0,102.73
105,deepseek,main_t0,0.0,A,F4,1,1,702,nan,0,none,112,590,10,waxman,medium,0,100.53
105,deepseek,main_t0,0.0,A,F5,1,0,,nan,0,path_adjacency,0,0,0,waxman,medium,0,127.94
106,deepseek,main_t0,0.0,A,F1,1,0,,nan,0,path_adjacency,0,0,0,erdos_renyi,medium,0,63.74
106,deepseek,main_t0,0.0,A,F2,1,1,314,-19.48717948717949,0,none,86,228,6,erdos_renyi,medium,0,79.98
106,deepseek,main_t0,0.0,A,F3,1,1,314,-19.48717948717949,0,none,86,228,6,erdos_renyi,medium,0,29.69
106,deepseek,main_t0,0.0,A,F4,1,1,314,-19.48717948717949,0,none,86,228,6,erdos_renyi,medium,0,26.87
106,deepseek,main_t0,0.0,A,F5,1,0,,nan,0,path_adjacency,0,0,0,erdos_renyi,medium,0,26.83
107,deepseek,main_t0,0.0,A,F1,1,1,353,-77.8405524168236,0,none,153,200,10,waxman,large,0,102.38
107,deepseek,main_t0,0.0,A,F2,1,1,353,-77.8405524168236,0,none,153,200,10,waxman,large,0,117.38
107,deepseek,main_t0,0.0,A,F3,1,0,,nan,1,parse_error,0,0,0,waxman,large,0,141.99
107,deepseek,main_t0,0.0,A,F4,1,1,353,-77.8405524168236,0,none,153,200,10,waxman,large,0,45.24
107,deepseek,main_t0,0.0,A,F5,1,0,,nan,0,path_adjacency,0,0,0,waxman,large,0,152.34
108,deepseek,main_t0,0.0,A,F1,1,1,372,-48.476454293628805,0,none,72,300,6,barabasi_albert,large,0,41.83
108,deepseek,main_t0,0.0,A,F2,1,1,372,-48.476454293628805,0,none,72,300,6,barabasi_albert,large,0,97.48
108,deepseek,main_t0,0.0,A,F3,1,1,372,-48.476454293628805,0,none,72,300,6,barabasi_albert,large,0,34.64
108,deepseek,main_t0,0.0,A,F4,1,1,372,-48.476454293628805,0,none,72,300,6,barabasi_albert,large,0,57.03
108,deepseek,main_t0,0.0,A,F5,1,1,372,-48.476454293628805,0,none,72,300,6,barabasi_albert,large,0,40.32
109,deepseek,main_t0,0.0,A,F1,1,1,312,-77.71428571428571,0,none,74,238,7,waxman,medium,0,36.38
109,deepseek,main_t0,0.0,A,F2,1,1,312,-77.71428571428571,0,none,74,238,7,waxman,medium,0,145.2
109,deepseek,main_t0,0.0,A,F3,1,0,,nan,0,path_adjacency,0,0,0,waxman,medium,0,56.88
109,deepseek,main_t0,0.0,A,F4,1,0,,nan,1,parse_error,0,0,0,waxman,medium,0,144.04
109,deepseek,main_t0,0.0,A,F5,1,1,312,-77.71428571428571,0,none,74,238,7,waxman,medium,0,69.5
10,deepseek,main_t0,0.0,A,F1,1,1,272,nan,0,none,97,175,5,waxman,medium,0,25.34
10,deepseek,main_t0,0.0,A,F2,1,1,272,nan,0,none,97,175,5,waxman,medium,0,24.8
10,deepseek,main_t0,0.0,A,F3,1,0,,nan,0,path_adjacency,0,0,0,waxman,medium,0,28.97
10,deepseek,main_t0,0.0,A,F4,1,1,272,nan,0,none,97,175,5,waxman,medium,0,27.91
10,deepseek,main_t0,0.0,A,F5,1,1,272,nan,0,none,97,175,5,waxman,medium,0,35.32
110,deepseek,main_t0,0.0,A,F1,1,0,,nan,0,path_adjacency,0,0,0,barabasi_albert,medium,0,34.28
110,deepseek,main_t0,0.0,A,F2,1,1,582,-54.02843601895735,0,none,126,456,6,barabasi_albert,medium,0,53.81
110,deepseek,main_t0,0.0,A,F3,1,0,,nan,0,path_adjacency,0,0,0,barabasi_albert,medium,0,67.25
110,deepseek,main_t0,0.0,A,F4,1,1,582,-54.02843601895735,0,none,126,456,6,barabasi_albert,medium,0,31.82
110,deepseek,main_t0,0.0,A,F5,1,1,658,-48.02527646129542,0,none,126,532,7,barabasi_albert,medium,0,72.27
111,deepseek,main_t0,0.0,A,F1,1,0,,nan,0,path_adjacency,0,0,0,erdos_renyi,medium,0,31.34
111,deepseek,main_t0,0.0,A,F2,1,1,623,-41.93849021435228,0,none,98,525,7,erdos_renyi,medium,0,44.41
111,deepseek,main_t0,0.0,A,F3,1,0,,nan,0,path_adjacency,0,0,0,erdos_renyi,medium,0,41.74
111,deepseek,main_t0,0.0,A,F4,1,0,,nan,0,path_adjacency,0,0,0,erdos_renyi,medium,0,31.23
111,deepseek,main_t0,0.0,A,F5,1,1,623,-41.93849021435228,0,none,98,525,7,erdos_renyi,medium,0,65.17
112,deepseek,main_t0,0.0,A,F1,1,0,,nan,0,path_adjacency,0,0,0,waxman,small,0,141.59
112,deepseek,main_t0,0.0,A,F2,1,0,,nan,1,parse_error,0,0,0,waxman,small,0,168.63
112,deepseek,main_t0,0.0,A,F3,1,1,415,-66.2327095199349,0,none,82,333,9,waxman,small,0,94.95
112,deepseek,main_t0,0.0,A,F4,1,0,,nan,0,path_adjacency,0,0,0,waxman,small,0,108.57
112,deepseek,main_t0,0.0,A,F5,1,1,711,-42.148087876322215,0,none,82,629,17,waxman,small,0,97.34
113,deepseek,main_t0,0.0,A,F1,1,1,598,-74.44444444444444,0,none,129,469,7,waxman,small,0,21.28
113,deepseek,main_t0,0.0,A,F2,1,1,598,-74.44444444444444,0,none,129,469,7,waxman,small,0,36.72
113,deepseek,main_t0,0.0,A,F3,1,1,598,-74.44444444444444,0,none,129,469,7,waxman,small,0,37.84
113,deepseek,main_t0,0.0,A,F4,1,1,598,-74.44444444444444,0,none,129,469,7,waxman,small,0,40.88
113,deepseek,main_t0,0.0,A,F5,1,1,598,-74.44444444444444,0,none,129,469,7,waxman,small,0,34.6
114,deepseek,main_t0,0.0,A,F1,1,0,,nan,1,parse_error,0,0,0,waxman,medium,0,175.19
114,deepseek,main_t0,0.0,A,F2,1,0,,nan,1,parse_error,0,0,0,waxman,medium,0,176.22
114,deepseek,main_t0,0.0,A,F3,1,1,1140,-10.7981220657277,0,none,82,1058,46,waxman,medium,0,169.84
114,deepseek,main_t0,0.0,A,F4,1,0,,nan,0,path_adjacency,0,0,0,waxman,medium,0,172.29
114,deepseek,main_t0,0.0,A,F5,1,0,,nan,1,parse_error,0,0,0,waxman,medium,0,173.27
115,deepseek,main_t0,0.0,A,F1,1,0,,nan,0,path_adjacency,0,0,0,erdos_renyi,medium,0,38.3
115,deepseek,main_t0,0.0,A,F2,1,1,309,-36.15702479338843,0,none,99,210,6,erdos_renyi,medium,0,64.78
115,deepseek,main_t0,0.0,A,F3,1,1,309,-36.15702479338843,0,none,99,210,6,erdos_renyi,medium,0,42.93
115,deepseek,main_t0,0.0,A,F4,1,0,,nan,0,path_adjacency,0,0,0,erdos_renyi,medium,0,55.49
115,deepseek,main_t0,0.0,A,F5,1,0,,nan,0,path_adjacency,0,0,0,erdos_renyi,medium,0,53.82
116,deepseek,main_t0,0.0,A,F1,1,1,437,-31.39717425431711,0,none,87,350,7,erdos_renyi,medium,0,66.02
116,deepseek,main_t0,0.0,A,F2,1,0,,nan,0,path_adjacency,0,0,0,erdos_renyi,medium,0,71.21
116,deepseek,main_t0,0.0,A,F3,1,1,437,-31.39717425431711,0,none,87,350,7,erdos_renyi,medium,0,29.93
116,deepseek,main_t0,0.0,A,F4,1,1,637,0.0,0,none,87,550,11,erdos_renyi,medium,0,48.51
116,deepseek,main_t0,0.0,A,F5,1,1,437,-31.39717425431711,0,none,87,350,7,erdos_renyi,medium,0,32.78
117,deepseek,main_t0,0.0,A,F1,1,1,766,-38.32528180354267,0,none,154,612,9,erdos_renyi,medium,0,73.57
117,deepseek,main_t0,0.0,A,F2,1,0,,nan,0,path_adjacency,0,0,0,erdos_renyi,medium,0,97.97
117,deepseek,main_t0,0.0,A,F3,1,1,766,-38.32528180354267,0,none,154,612,9,erdos_renyi,medium,0,40.93
117,deepseek,main_t0,0.0,A,F4,1,1,766,-38.32528180354267,0,none,154,612,9,erdos_renyi,medium,0,74.86
117,deepseek,main_t0,0.0,A,F5,1,0,,nan,0,path_adjacency,0,0,0,erdos_renyi,medium,0,42.97
118,deepseek,main_t0,0.0,A,F1,1,1,700,nan,0,none,151,549,9,erdos_renyi,small,0,65.99
118,deepseek,main_t0,0.0,A,F2,1,0,,nan,0,path_adjacency,0,0,0,erdos_renyi,small,0,72.21
118,deepseek,main_t0,0.0,A,F3,1,0,,nan,0,path_adjacency,0,0,0,erdos_renyi,small,0,51.2
118,deepseek,main_t0,0.0,A,F4,1,0,,nan,0,path_adjacency,0,0,0,erdos_renyi,small,0,41.48
118,deepseek,main_t0,0.0,A,F5,1,0,,nan,0,path_adjacency,0,0,0,erdos_renyi,small,0,66.41
119,deepseek,main_t0,0.0,A,F1,1,1,617,-55.41907514450867,0,none,145,472,8,barabasi_albert,large,0,37.54
119,deepseek,main_t0,0.0,A,F2,1,1,617,-55.41907514450867,0,none,145,472,8,barabasi_albert,large,0,133.13
119,deepseek,main_t0,0.0,A,F3,1,1,617,-55.41907514450867,0,none,145,472,8,barabasi_albert,large,0,51.64
119,deepseek,main_t0,0.0,A,F4,1,1,617,-55.41907514450867,0,none,145,472,8,barabasi_albert,large,0,48.53
119,deepseek,main_t0,0.0,A,F5,1,1,617,-55.41907514450867,0,none,145,472,8,barabasi_albert,large,0,61.7
11,deepseek,main_t0,0.0,A,F1,1,1,642,nan,0,none,138,504,7,waxman,medium,0,126.56
11,deepseek,main_t0,0.0,A,F2,1,1,786,nan,0,none,138,648,9,waxman,medium,0,116.28
11,deepseek,main_t0,0.0,A,F3,1,1,786,nan,0,none,138,648,9,waxman,medium,0,89.12
11,deepseek,main_t0,0.0,A,F4,1,0,,nan,1,parse_error,0,0,0,waxman,medium,0,150.97
11,deepseek,main_t0,0.0,A,F5,1,1,786,nan,0,none,138,648,9,waxman,medium,0,97.07
120,deepseek,main_t0,0.0,A,F1,1,1,662,nan,0,none,102,560,7,erdos_renyi,medium,0,46.0
120,deepseek,main_t0,0.0,A,F2,1,1,662,nan,0,none,102,560,7,erdos_renyi,medium,0,64.33
120,deepseek,main_t0,0.0,A,F3,1,0,,nan,0,path_adjacency,0,0,0,erdos_renyi,medium,0,79.74
120,deepseek,main_t0,0.0,A,F4,1,1,662,nan,0,none,102,560,7,erdos_renyi,medium,0,35.63
120,deepseek,main_t0,0.0,A,F5,1,1,662,nan,0,none,102,560,7,erdos_renyi,medium,0,40.43
12,deepseek,main_t0,0.0,A,F1,1,0,,nan,1,parse_error,0,0,0,waxman,large,0,148.57
12,deepseek,main_t0,0.0,A,F2,1,0,,nan,1,parse_error,0,0,0,waxman,large,0,145.75
12,deepseek,main_t0,0.0,A,F3,1,1,320,-70.0374531835206,0,none,82,238,7,waxman,large,0,71.5
12,deepseek,main_t0,0.0,A,F4,1,1,320,-70.0374531835206,0,none,82,238,7,waxman,large,0,111.72
12,deepseek,main_t0,0.0,A,F5,1,1,388,-63.670411985018724,0,none,82,306,9,waxman,large,0,56.57
13,deepseek,main_t0,0.0,A,F1,1,1,1003,-43.42921601804851,0,none,123,880,16,waxman,small,0,69.69
13,deepseek,main_t0,0.0,A,F2,1,1,453,-74.45008460236888,0,none,123,330,6,waxman,small,0,76.99
13,deepseek,main_t0,0.0,A,F3,1,1,563,-68.24591088550478,0,none,123,440,8,waxman,small,0,85.62
13,deepseek,main_t0,0.0,A,F4,1,1,1003,-43.42921601804851,0,none,123,880,16,waxman,small,0,105.9
13,deepseek,main_t0,0.0,A,F5,1,1,673,-62.04173716864072,0,none,123,550,10,waxman,small,0,84.58
14,deepseek,main_t0,0.0,A,F1,1,1,628,-37.57455268389662,0,none,124,504,8,erdos_renyi,large,0,58.41
14,deepseek,main_t0,0.0,A,F2,1,0,,nan,0,path_adjacency,0,0,0,erdos_renyi,large,0,107.22
14,deepseek,main_t0,0.0,A,F3,1,1,628,-37.57455268389662,0,none,124,504,8,erdos_renyi,large,0,37.22
14,deepseek,main_t0,0.0,A,F4,1,1,628,-37.57455268389662,0,none,124,504,8,erdos_renyi,large,0,36.94
14,deepseek,main_t0,0.0,A,F5,1,1,628,-37.57455268389662,0,none,124,504,8,erdos_renyi,large,0,34.51
15,deepseek,main_t0,0.0,A,F1,1,0,,nan,1,parse_error,0,0,0,waxman,large,0,138.84
15,deepseek,main_t0,0.0,A,F2,1,1,847,nan,0,none,117,730,10,waxman,large,0,70.83
15,deepseek,main_t0,0.0,A,F3,1,1,1066,nan,0,none,117,949,13,waxman,large,0,67.58
15,deepseek,main_t0,0.0,A,F4,1,1,1066,nan,0,none,117,949,13,waxman,large,0,59.22
15,deepseek,main_t0,0.0,A,F5,1,0,,nan,1,parse_error,0,0,0,waxman,large,0,133.41
16,deepseek,main_t0,0.0,A,F1,1,1,316,nan,0,none,148,168,7,erdos_renyi,large,0,47.22
16,deepseek,main_t0,0.0,A,F2,1,1,316,nan,0,none,148,168,7,erdos_renyi,large,0,52.13
16,deepseek,main_t0,0.0,A,F3,1,0,,nan,0,path_adjacency,0,0,0,erdos_renyi,large,0,56.05
16,deepseek,main_t0,0.0,A,F4,1,0,,nan,0,path_adjacency,0,0,0,erdos_renyi,large,0,38.69
16,deepseek,main_t0,0.0,A,F5,1,0,,nan,0,path_adjacency,0,0,0,erdos_renyi,large,0,46.6
17,deepseek,main_t0,0.0,A,F1,1,0,,nan,0,path_adjacency,0,0,0,erdos_renyi,medium,0,53.77
17,deepseek,main_t0,0.0,A,F2,1,0,,nan,0,path_adjacency,0,0,0,erdos_renyi,medium,0,63.64
17,deepseek,main_t0,0.0,A,F3,1,1,413,-39.353891336270195,0,none,78,335,5,erdos_renyi,medium,0,38.3
17,deepseek,main_t0,0.0,A,F4,1,1,413,-39.353891336270195,0,none,78,335,5,erdos_renyi,medium,0,23.2
17,deepseek,main_t0,0.0,A,F5,1,0,,nan,0,path_adjacency,0,0,0,erdos_renyi,medium,0,84.58
18,deepseek,main_t0,0.0,A,F1,1,1,425,-39.71631205673759,0,none,75,350,5,erdos_renyi,small,0,34.18
18,deepseek,main_t0,0.0,A,F2,1,1,425,-39.71631205673759,0,none,75,350,5,erdos_renyi,small,0,54.56
18,deepseek,main_t0,0.0,A,F3,1,1,425,-39.71631205673759,0,none,75,350,5,erdos_renyi,small,0,46.53
18,deepseek,main_t0,0.0,A,F4,1,1,425,-39.71631205673759,0,none,75,350,5,erdos_renyi,small,0,21.49
18,deepseek,main_t0,0.0,A,F5,1,0,,nan,0,path_adjacency,0,0,0,erdos_renyi,small,0,38.57
19,deepseek,main_t0,0.0,A,F1,1,1,459,-73.01587301587301,0,none,162,297,11,waxman,medium,0,75.93
19,deepseek,main_t0,0.0,A,F2,1,1,459,-73.01587301587301,0,none,162,297,11,waxman,medium,0,50.52
19,deepseek,main_t0,0.0,A,F3,1,1,459,-73.01587301587301,0,none,162,297,11,waxman,medium,0,108.83
19,deepseek,main_t0,0.0,A,F4,1,1,459,-73.01587301587301,0,none,162,297,11,waxman,medium,0,90.83
19,deepseek,main_t0,0.0,A,F5,1,1,459,-73.01587301587301,0,none,162,297,11,waxman,medium,0,101.31
1,deepseek,main_t0,0.0,A,F1,1,1,384,-43.859649122807014,0,none,144,240,8,barabasi_albert,medium,0,33.71
1,deepseek,main_t0,0.0,A,F2,1,0,,nan,0,path_adjacency,0,0,0,barabasi_albert,medium,0,38.36
1,deepseek,main_t0,0.0,A,F3,1,1,384,-43.859649122807014,0,none,144,240,8,barabasi_albert,medium,0,44.8
1,deepseek,main_t0,0.0,A,F4,1,1,384,-43.859649122807014,0,none,144,240,8,barabasi_albert,medium,0,97.15
1,deepseek,main_t0,0.0,A,F5,1,0,,nan,0,path_adjacency,0,0,0,barabasi_albert,medium,0,53.32
20,deepseek,main_t0,0.0,A,F1,1,1,288,-22.58064516129032,0,none,78,210,5,erdos_renyi,small,0,41.37
20,deepseek,main_t0,0.0,A,F2,1,0,,nan,0,path_adjacency,0,0,0,erdos_renyi,small,0,37.76
20,deepseek,main_t0,0.0,A,F3,1,1,288,-22.58064516129032,0,none,78,210,5,erdos_renyi,small,0,31.96
20,deepseek,main_t0,0.0,A,F4,1,1,288,-22.58064516129032,0,none,78,210,5,erdos_renyi,small,0,35.02
20,deepseek,main_t0,0.0,A,F5,1,0,,nan,0,path_adjacency,0,0,0,erdos_renyi,small,0,26.25
21,deepseek,main_t0,0.0,A,F1,1,0,,nan,1,parse_error,0,0,0,waxman,large,0,138.51
21,deepseek,main_t0,0.0,A,F2,1,1,1025,nan,0,none,101,924,14,waxman,large,0,75.58
21,deepseek,main_t0,0.0,A,F3,1,0,,nan,1,parse_error,0,0,0,waxman,large,0,135.99
21,deepseek,main_t0,0.0,A,F4,1,0,,nan,1,parse_error,0,0,0,waxman,large,0,128.07
21,deepseek,main_t0,0.0,A,F5,1,0,,nan,1,parse_error,0,0,0,waxman,large,0,137.35
22,deepseek,main_t0,0.0,A,F1,1,1,570,-40.0,0,none,114,456,6,barabasi_albert,small,0,28.22
22,deepseek,main_t0,0.0,A,F2,1,0,,nan,0,path_adjacency,0,0,0,barabasi_albert,small,0,48.89
22,deepseek,main_t0,0.0,A,F3,1,0,,nan,0,path_adjacency,0,0,0,barabasi_albert,small,0,56.85
22,deepseek,main_t0,0.0,A,F4,1,1,570,-40.0,0,none,114,456,6,barabasi_albert,small,0,41.67
22,deepseek,main_t0,0.0,A,F5,1,1,570,-40.0,0,none,114,456,6,barabasi_albert,small,0,49.14
23,deepseek,main_t0,0.0,A,F1,1,1,426,-83.46273291925466,0,none,125,301,7,waxman,large,0,37.61
23,deepseek,main_t0,0.0,A,F2,1,1,426,-83.46273291925466,0,none,125,301,7,waxman,large,0,33.94
23,deepseek,main_t0,0.0,A,F3,1,1,426,-83.46273291925466,0,none,125,301,7,waxman,large,0,25.67
23,deepseek,main_t0,0.0,A,F4,1,1,426,-83.46273291925466,0,none,125,301,7,waxman,large,0,23.26
23,deepseek,main_t0,0.0,A,F5,1,0,,nan,0,path_adjacency,0,0,0,waxman,large,0,43.08
24,deepseek,main_t0,0.0,A,F1,1,1,711,nan,0,none,91,620,10,waxman,medium,0,66.41
24,deepseek,main_t0,0.0,A,F2,1,1,711,nan,0,none,91,620,10,waxman,medium,0,108.02
24,deepseek,main_t0,0.0,A,F3,1,0,,nan,0,path_adjacency,0,0,0,waxman,medium,0,61.77
24,deepseek,main_t0,0.0,A,F4,1,1,711,nan,0,none,91,620,10,waxman,medium,0,53.28
24,deepseek,main_t0,0.0,A,F5,1,1,711,nan,0,none,91,620,10,waxman,medium,0,32.24
25,deepseek,main_t0,0.0,A,F1,1,0,,nan,1,parse_error,0,0,0,waxman,medium,0,167.7
25,deepseek,main_t0,0.0,A,F2,1,0,,nan,1,parse_error,0,0,0,waxman,medium,0,165.05
25,deepseek,main_t0,0.0,A,F3,1,1,1323,nan,0,none,167,1156,17,waxman,medium,0,109.04
25,deepseek,main_t0,0.0,A,F4,1,1,1595,nan,0,none,167,1428,21,waxman,medium,0,158.77
25,deepseek,main_t0,0.0,A,F5,1,0,,nan,1,parse_error,0,0,0,waxman,medium,0,166.71
26,deepseek,main_t0,0.0,A,F1,1,0,,nan,1,parse_error,0,0,0,waxman,medium,0,175.87
26,deepseek,main_t0,0.0,A,F2,1,0,,nan,0,path_adjacency,0,0,0,waxman,medium,0,129.31
26,deepseek,main_t0,0.0,A,F3,1,0,,nan,1,parse_error,0,0,0,waxman,medium,0,168.61
26,deepseek,main_t0,0.0,A,F4,1,0,,nan,0,path_adjacency,0,0,0,waxman,medium,0,115.17
26,deepseek,main_t0,0.0,A,F5,1,0,,nan,1,parse_error,0,0,0,waxman,medium,0,173.94
27,deepseek,main_t0,0.0,A,F1,1,0,,nan,0,path_adjacency,0,0,0,erdos_renyi,large,0,41.63
27,deepseek,main_t0,0.0,A,F2,1,1,171,-34.98098859315589,0,none,56,115,5,erdos_renyi,large,0,50.86
27,deepseek,main_t0,0.0,A,F3,1,1,171,-34.98098859315589,0,none,56,115,5,erdos_renyi,large,0,37.59
27,deepseek,main_t0,0.0,A,F4,1,0,,nan,0,path_adjacency,0,0,0,erdos_renyi,large,0,41.33
27,deepseek,main_t0,0.0,A,F5,1,1,171,-34.98098859315589,0,none,56,115,5,erdos_renyi,large,0,33.86
28,deepseek,main_t0,0.0,A,F1,1,0,,nan,0,path_adjacency,0,0,0,waxman,small,0,109.75
28,deepseek,main_t0,0.0,A,F2,1,0,,nan,0,path_adjacency,0,0,0,waxman,small,0,108.57
28,deepseek,main_t0,0.0,A,F3,1,1,295,-79.00355871886121,0,none,110,185,5,waxman,small,0,70.13
28,deepseek,main_t0,0.0,A,F4,1,1,665,-52.66903914590747,0,none,110,555,15,waxman,small,0,63.18
28,deepseek,main_t0,0.0,A,F5,1,0,,nan,0,path_adjacency,0,0,0,waxman,small,0,139.41
29,deepseek,main_t0,0.0,A,F1,1,1,493,-75.75012297097885,0,none,73,420,6,waxman,small,0,28.97
29,deepseek,main_t0,0.0,A,F2,1,1,493,-75.75012297097885,0,none,73,420,6,waxman,small,0,107.06
29,deepseek,main_t0,0.0,A,F3,1,1,493,-75.75012297097885,0,none,73,420,6,waxman,small,0,27.88
29,deepseek,main_t0,0.0,A,F4,1,0,,nan,0,path_adjacency,0,0,0,waxman,small,0,68.43
29,deepseek,main_t0,0.0,A,F5,1,1,493,-75.75012297097885,0,none,73,420,6,waxman,small,0,23.56
2,deepseek,main_t0,0.0,A,F1,1,0,,nan,0,path_adjacency,0,0,0,barabasi_albert,medium,0,42.41
2,deepseek,main_t0,0.0,A,F2,1,1,283,-42.59634888438134,0,none,136,147,7,barabasi_albert,medium,0,54.36
2,deepseek,main_t0,0.0,A,F3,1,0,,nan,0,path_adjacency,0,0,0,barabasi_albert,medium,0,43.57
2,deepseek,main_t0,0.0,A,F4,1,1,283,-42.59634888438134,0,none,136,147,7,barabasi_albert,medium,0,58.19
2,deepseek,main_t0,0.0,A,F5,1,1,283,-42.59634888438134,0,none,136,147,7,barabasi_albert,medium,0,37.53
30,deepseek,main_t0,0.0,A,F1,1,1,909,186.75078864353313,0,none,95,814,11,waxman,medium,0,83.12
30,deepseek,main_t0,0.0,A,F2,1,0,,nan,0,path_adjacency,0,0,0,waxman,medium,0,99.07
30,deepseek,main_t0,0.0,A,F3,1,0,,nan,1,parse_error,0,0,0,waxman,medium,0,136.75
30,deepseek,main_t0,0.0,A,F4,1,0,,nan,0,path_adjacency,0,0,0,waxman,medium,0,86.07
30,deepseek,main_t0,0.0,A,F5,1,1,465,46.68769716088328,0,none,95,370,5,waxman,medium,0,121.41
31,deepseek,main_t0,0.0,A,F1,1,0,,nan,1,parse_error,0,0,0,waxman,large,0,132.17
31,deepseek,main_t0,0.0,A,F2,1,0,,nan,1,parse_error,0,0,0,waxman,large,0,135.17
31,deepseek,main_t0,0.0,A,F3,1,0,,nan,1,parse_error,0,0,0,waxman,large,0,126.89
31,deepseek,main_t0,0.0,A,F4,1,0,,nan,1,parse_error,0,0,0,waxman,large,0,136.42
31,deepseek,main_t0,0.0,A,F5,1,1,492,nan,0,none,172,320,10,waxman,large,0,54.02
32,deepseek,main_t0,0.0,A,F1,1,1,616,-49.34210526315789,0,none,136,480,8,barabasi_albert,large,0,25.73
32,deepseek,main_t0,0.0,A,F2,1,1,616,-49.34210526315789,0,none,136,480,8,barabasi_albert,large,0,37.66
32,deepseek,main_t0,0.0,A,F3,1,0,,nan,0,path_adjacency,0,0,0,barabasi_albert,large,0,42.54
32,deepseek,main_t0,0.0,A,F4,1,1,616,-49.34210526315789,0,none,136,480,8,barabasi_albert,large,0,33.08
32,deepseek,main_t0,0.0,A,F5,1,0,,nan,0,path_adjacency,0,0,0,barabasi_albert,large,0,43.43
33,deepseek,main_t0,0.0,A,F1,1,1,322,-52.083333333333336,0,none,112,210,6,barabasi_albert,large,0,80.49
33,deepseek,main_t0,0.0,A,F2,1,1,322,-52.083333333333336,0,none,112,210,6,barabasi_albert,large,0,50.32
33,deepseek,main_t0,0.0,A,F3,1,1,322,-52.083333333333336,0,none,112,210,6,barabasi_albert,large,0,35.93
33,deepseek,main_t0,0.0,A,F4,1,0,,nan,0,path_adjacency,0,0,0,barabasi_albert,large,0,31.8
33,deepseek,main_t0,0.0,A,F5,1,1,322,-52.083333333333336,0,none,112,210,6,barabasi_albert,large,0,41.94
34,deepseek,main_t0,0.0,A,F1,1,1,818,nan,0,none,161,657,9,waxman,small,0,47.89
34,deepseek,main_t0,0.0,A,F2,1,0,,nan,1,parse_error,0,0,0,waxman,small,0,141.57
34,deepseek,main_t0,0.0,A,F3,1,0,,nan,1,parse_error,0,0,0,waxman,small,0,140.43
34,deepseek,main_t0,0.0,A,F4,1,1,1548,nan,0,none,161,1387,19,waxman,small,0,127.82
34,deepseek,main_t0,0.0,A,F5,1,0,,nan,1,parse_error,0,0,0,waxman,small,0,139.97
35,deepseek,main_t0,0.0,A,F1,1,1,372,nan,0,none,97,275,5,erdos_renyi,small,0,38.3
35,deepseek,main_t0,0.0,A,F2,1,1,372,nan,0,none,97,275,5,erdos_renyi,small,0,46.2
35,deepseek,main_t0,0.0,A,F3,1,0,,nan,0,path_adjacency,0,0,0,erdos_renyi,small,0,28.5
35,deepseek,main_t0,0.0,A,F4,1,0,,nan,0,path_adjacency,0,0,0,erdos_renyi,small,0,38.49
35,deepseek,main_t0,0.0,A,F5,1,1,372,nan,0,none,97,275,5,erdos_renyi,small,0,41.76
36,deepseek,main_t0,0.0,A,F1,1,1,603,-54.421768707483,0,none,93,510,17,waxman,large,0,53.8
36,deepseek,main_t0,0.0,A,F2,1,1,603,-54.421768707483,0,none,93,510,17,waxman,large,0,38.82
36,deepseek,main_t0,0.0,A,F3,1,1,603,-54.421768707483,0,none,93,510,17,waxman,large,0,87.21
36,deepseek,main_t0,0.0,A,F4,1,1,603,-54.421768707483,0,none,93,510,17,waxman,large,0,36.04
36,deepseek,main_t0,0.0,A,F5,1,1,603,-54.421768707483,0,none,93,510,17,waxman,large,0,46.0
37,deepseek,main_t0,0.0,A,F1,1,1,291,-30.878859857482183,0,none,109,182,7,erdos_renyi,medium,0,36.76
37,deepseek,main_t0,0.0,A,F2,1,0,,nan,0,path_adjacency,0,0,0,erdos_renyi,medium,0,101.23
37,deepseek,main_t0,0.0,A,F3,1,1,291,-30.878859857482183,0,none,109,182,7,erdos_renyi,medium,0,46.93
37,deepseek,main_t0,0.0,A,F4,1,0,,nan,0,path_adjacency,0,0,0,erdos_renyi,medium,0,34.78
37,deepseek,main_t0,0.0,A,F5,1,1,291,-30.878859857482183,0,none,109,182,7,erdos_renyi,medium,0,61.14
38,deepseek,main_t0,0.0,A,F1,1,1,473,nan,0,none,102,371,7,barabasi_albert,small,0,49.34
38,deepseek,main_t0,0.0,A,F2,1,1,473,nan,0,none,102,371,7,barabasi_albert,small,0,55.49
38,deepseek,main_t0,0.0,A,F3,1,1,473,nan,0,none,102,371,7,barabasi_albert,small,0,28.85
38,deepseek,main_t0,0.0,A,F4,1,0,,nan,0,path_adjacency,0,0,0,barabasi_albert,small,0,46.65
38,deepseek,main_t0,0.0,A,F5,1,1,473,nan,0,none,102,371,7,barabasi_albert,small,0,46.14
39,deepseek,main_t0,0.0,A,F1,1,1,549,-41.84322033898305,0,none,75,474,6,barabasi_albert,small,0,42.41
39,deepseek,main_t0,0.0,A,F2,1,1,470,-50.21186440677966,0,none,75,395,5,barabasi_albert,small,0,46.98
39,deepseek,main_t0,0.0,A,F3,1,1,470,-50.21186440677966,0,none,75,395,5,barabasi_albert,small,0,102.47
39,deepseek,main_t0,0.0,A,F4,1,1,470,-50.21186440677966,0,none,75,395,5,barabasi_albert,small,0,33.32
39,deepseek,main_t0,0.0,A,F5,1,1,470,-50.21186440677966,0,none,75,395,5,barabasi_albert,small,0,26.05
3,deepseek,main_t0,0.0,A,F1,1,1,300,-22.68041237113402,0,none,124,176,8,erdos_renyi,large,0,35.77
3,deepseek,main_t0,0.0,A,F2,1,0,,nan,0,path_adjacency,0,0,0,erdos_renyi,large,0,58.86
3,deepseek,main_t0,0.0,A,F3,1,1,300,-22.68041237113402,0,none,124,176,8,erdos_renyi,large,0,42.31
3,deepseek,main_t0,0.0,A,F4,1,0,,nan,0,path_adjacency,0,0,0,erdos_renyi,large,0,48.32
3,deepseek,main_t0,0.0,A,F5,1,1,300,-22.68041237113402,0,none,124,176,8,erdos_renyi,large,0,37.49
40,deepseek,main_t0,0.0,A,F1,1,1,313,-74.25986842105263,0,none,145,168,8,waxman,large,0,69.49
40,deepseek,main_t0,0.0,A,F2,1,0,,nan,0,path_adjacency,0,0,0,waxman,large,0,65.89
40,deepseek,main_t0,0.0,A,F3,1,1,313,-74.25986842105263,0,none,145,168,8,waxman,large,0,54.86
40,deepseek,main_t0,0.0,A,F4,1,1,313,-74.25986842105263,0,none,145,168,8,waxman,large,0,83.17
40,deepseek,main_t0,0.0,A,F5,1,1,313,-74.25986842105263,0,none,145,168,8,waxman,large,0,147.0
41,deepseek,main_t0,0.0,A,F1,1,0,,nan,1,parse_error,0,0,0,waxman,medium,0,173.97
41,deepseek,main_t0,0.0,A,F2,1,0,,nan,1,parse_error,0,0,0,waxman,medium,0,182.14
41,deepseek,main_t0,0.0,A,F3,1,0,,nan,0,path_adjacency,0,0,0,waxman,medium,0,180.9
41,deepseek,main_t0,0.0,A,F4,1,1,399,-63.561643835616444,0,none,80,319,11,waxman,medium,0,136.48
41,deepseek,main_t0,0.0,A,F5,1,1,1211,10.593607305936073,0,none,80,1131,39,waxman,medium,0,156.22
42,deepseek,main_t0,0.0,A,F1,1,1,559,-47.014218009478675,0,none,125,434,7,erdos_renyi,small,0,46.2
42,deepseek,main_t0,0.0,A,F2,1,1,559,-47.014218009478675,0,none,125,434,7,erdos_renyi,small,0,44.18
42,deepseek,main_t0,0.0,A,F3,1,1,559,-47.014218009478675,0,none,125,434,7,erdos_renyi,small,0,44.8
42,deepseek,main_t0,0.0,A,F4,1,1,559,-47.014218009478675,0,none,125,434,7,erdos_renyi,small,0,31.65
42,deepseek,main_t0,0.0,A,F5,1,1,559,-47.014218009478675,0,none,125,434,7,erdos_renyi,small,0,55.76
43,deepseek,main_t0,0.0,A,F1,1,1,434,nan,0,none,130,304,8,erdos_renyi,small,0,40.89
43,deepseek,main_t0,0.0,A,F2,1,1,434,nan,0,none,130,304,8,erdos_renyi,small,0,44.04
43,deepseek,main_t0,0.0,A,F3,1,1,434,nan,0,none,130,304,8,erdos_renyi,small,0,44.97
43,deepseek,main_t0,0.0,A,F4,1,1,472,nan,0,none,130,342,9,erdos_renyi,small,0,48.46
43,deepseek,main_t0,0.0,A,F5,1,0,,nan,0,path_adjacency,0,0,0,erdos_renyi,small,0,34.64
44,deepseek,main_t0,0.0,A,F1,1,1,710,nan,0,none,174,536,8,waxman,small,0,75.44
44,deepseek,main_t0,0.0,A,F2,1,0,,nan,1,parse_error,0,0,0,waxman,small,0,163.46
44,deepseek,main_t0,0.0,A,F3,1,1,710,nan,0,none,174,536,8,waxman,small,0,94.38
44,deepseek,main_t0,0.0,A,F4,1,1,710,nan,0,none,174,536,8,waxman,small,0,65.57
44,deepseek,main_t0,0.0,A,F5,1,1,844,nan,0,none,174,670,10,waxman,small,0,162.72
45,deepseek,main_t0,0.0,A,F1,1,0,,nan,0,path_adjacency,0,0,0,barabasi_albert,medium,0,47.84
45,deepseek,main_t0,0.0,A,F2,1,0,,nan,0,path_adjacency,0,0,0,barabasi_albert,medium,0,42.4
45,deepseek,main_t0,0.0,A,F3,1,0,,nan,0,path_adjacency,0,0,0,barabasi_albert,medium,0,48.59
45,deepseek,main_t0,0.0,A,F4,1,1,206,-20.76923076923077,0,none,71,135,5,barabasi_albert,medium,0,42.1
45,deepseek,main_t0,0.0,A,F5,1,1,206,-20.76923076923077,0,none,71,135,5,barabasi_albert,medium,0,45.73
46,deepseek,main_t0,0.0,A,F1,1,0,,nan,1,parse_error,0,0,0,waxman,medium,0,174.19
46,deepseek,main_t0,0.0,A,F2,1,0,,nan,0,path_adjacency,0,0,0,waxman,medium,0,168.45
46,deepseek,main_t0,0.0,A,F3,1,1,488,-51.96850393700787,0,none,158,330,15,waxman,medium,0,123.25
46,deepseek,main_t0,0.0,A,F4,1,1,576,-43.30708661417323,0,none,158,418,19,waxman,medium,0,113.07
46,deepseek,main_t0,0.0,A,F5,1,0,,nan,0,path_adjacency,0,0,0,waxman,medium,0,103.06
47,deepseek,main_t0,0.0,A,F1,1,0,,nan,0,path_adjacency,0,0,0,waxman,large,0,38.23
47,deepseek,main_t0,0.0,A,F2,1,1,612,nan,0,none,108,504,8,waxman,large,0,47.1
47,deepseek,main_t0,0.0,A,F3,1,1,612,nan,0,none,108,504,8,waxman,large,0,33.89
47,deepseek,main_t0,0.0,A,F4,1,1,612,nan,0,none,108,504,8,waxman,large,0,39.23
47,deepseek,main_t0,0.0,A,F5,1,0,,nan,0,path_adjacency,0,0,0,waxman,large,0,38.29
48,deepseek,main_t0,0.0,A,F1,1,0,,nan,1,parse_error,0,0,0,waxman,medium,0,150.83
48,deepseek,main_t0,0.0,A,F2,1,0,,nan,1,parse_error,0,0,0,waxman,medium,0,155.89
48,deepseek,main_t0,0.0,A,F3,1,1,761,-70.28504490433424,0,none,111,650,13,waxman,medium,0,145.42
48,deepseek,main_t0,0.0,A,F4,1,1,1661,-35.14252245216712,0,none,111,1550,31,waxman,medium,0,139.06
48,deepseek,main_t0,0.0,A,F5,1,1,961,-62.47559547051933,0,none,111,850,17,waxman,medium,0,91.15
49,deepseek,main_t0,0.0,A,F1,1,0,,nan,0,path_adjacency,0,0,0,waxman,medium,0,97.05
49,deepseek,main_t0,0.0,A,F2,1,0,,nan,0,path_adjacency,0,0,0,waxman,medium,0,54.54
49,deepseek,main_t0,0.0,A,F3,1,0,,nan,0,path_adjacency,0,0,0,waxman,medium,0,90.07
49,deepseek,main_t0,0.0,A,F4,1,1,334,-75.40500736377025,0,none,78,256,8,waxman,medium,0,110.35
49,deepseek,main_t0,0.0,A,F5,1,1,462,-65.97938144329896,0,none,78,384,12,waxman,medium,0,86.32
4,deepseek,main_t0,0.0,A,F1,1,0,,nan,0,path_adjacency,0,0,0,barabasi_albert,small,0,53.66
4,deepseek,main_t0,0.0,A,F2,1,1,504,-42.857142857142854,0,none,126,378,7,barabasi_albert,small,0,47.34
4,deepseek,main_t0,0.0,A,F3,1,1,504,-42.857142857142854,0,none,126,378,7,barabasi_albert,small,0,33.82
4,deepseek,main_t0,0.0,A,F4,1,1,504,-42.857142857142854,0,none,126,378,7,barabasi_albert,small,0,50.04
4,deepseek,main_t0,0.0,A,F5,1,1,504,-42.857142857142854,0,none,126,378,7,barabasi_albert,small,0,50.68
50,deepseek,main_t0,0.0,A,F1,1,0,,nan,0,path_adjacency,0,0,0,erdos_renyi,medium,0,36.87
50,deepseek,main_t0,0.0,A,F2,1,1,499,-21.169036334913113,0,none,97,402,6,erdos_renyi,medium,0,43.99
50,deepseek,main_t0,0.0,A,F3,1,1,499,-21.169036334913113,0,none,97,402,6,erdos_renyi,medium,0,25.76
50,deepseek,main_t0,0.0,A,F4,1,1,499,-21.169036334913113,0,none,97,402,6,erdos_renyi,medium,0,34.2
50,deepseek,main_t0,0.0,A,F5,1,1,499,-21.169036334913113,0,none,97,402,6,erdos_renyi,medium,0,41.74
51,deepseek,main_t0,0.0,A,F1,1,1,312,-78.51239669421489,0,none,102,210,7,waxman,large,0,30.04
51,deepseek,main_t0,0.0,A,F2,1,1,312,-78.51239669421489,0,none,102,210,7,waxman,large,0,37.28
51,deepseek,main_t0,0.0,A,F3,1,0,,nan,0,path_adjacency,0,0,0,waxman,large,0,33.39
51,deepseek,main_t0,0.0,A,F4,1,1,312,-78.51239669421489,0,none,102,210,7,waxman,large,0,16.92
51,deepseek,main_t0,0.0,A,F5,1,0,,nan,0,path_adjacency,0,0,0,waxman,large,0,29.04
52,deepseek,main_t0,0.0,A,F1,1,1,309,-23.325062034739457,0,none,74,235,5,erdos_renyi,medium,0,27.93
52,deepseek,main_t0,0.0,A,F2,1,1,309,-23.325062034739457,0,none,74,235,5,erdos_renyi,medium,0,66.4
52,deepseek,main_t0,0.0,A,F3,1,1,309,-23.325062034739457,0,none,74,235,5,erdos_renyi,medium,0,23.84
52,deepseek,main_t0,0.0,A,F4,1,1,309,-23.325062034739457,0,none,74,235,5,erdos_renyi,medium,0,29.48
52,deepseek,main_t0,0.0,A,F5,1,1,309,-23.325062034739457,0,none,74,235,5,erdos_renyi,medium,0,33.37
53,deepseek,main_t0,0.0,A,F1,1,1,372,-44.22788605697151,0,none,77,295,5,barabasi_albert,medium,0,38.08
53,deepseek,main_t0,0.0,A,F2,1,1,372,-44.22788605697151,0,none,77,295,5,barabasi_albert,medium,0,42.99
53,deepseek,main_t0,0.0,A,F3,1,1,372,-44.22788605697151,0,none,77,295,5,barabasi_albert,medium,0,41.9
53,deepseek,main_t0,0.0,A,F4,1,1,372,-44.22788605697151,0,none,77,295,5,barabasi_albert,medium,0,31.44
53,deepseek,main_t0,0.0,A,F5,1,1,372,-44.22788605697151,0,none,77,295,5,barabasi_albert,medium,0,40.42
54,deepseek,main_t0,0.0,A,F1,1,1,238,-23.961661341853034,0,none,88,150,6,barabasi_albert,small,0,35.93
54,deepseek,main_t0,0.0,A,F2,1,1,238,-23.961661341853034,0,none,88,150,6,barabasi_albert,small,0,57.52
54,deepseek,main_t0,0.0,A,F3,1,0,,nan,0,path_adjacency,0,0,0,barabasi_albert,small,0,45.77
54,deepseek,main_t0,0.0,A,F4,1,0,,nan,0,path_adjacency,0,0,0,barabasi_albert,small,0,32.15
54,deepseek,main_t0,0.0,A,F5,1,1,238,-23.961661341853034,0,none,88,150,6,barabasi_albert,small,0,43.3
55,deepseek,main_t0,0.0,A,F1,1,0,,nan,0,path_adjacency,0,0,0,barabasi_albert,small,0,56.4
55,deepseek,main_t0,0.0,A,F2,1,1,361,nan,0,none,81,280,5,barabasi_albert,small,0,42.57
55,deepseek,main_t0,0.0,A,F3,1,0,,nan,0,path_adjacency,0,0,0,barabasi_albert,small,0,42.62
55,deepseek,main_t0,0.0,A,F4,1,1,361,nan,0,none,81,280,5,barabasi_albert,small,0,45.93
55,deepseek,main_t0,0.0,A,F5,1,0,,nan,0,path_adjacency,0,0,0,barabasi_albert,small,0,55.28
56,deepseek,main_t0,0.0,A,F1,1,0,,nan,0,path_adjacency,0,0,0,waxman,medium,0,123.94
56,deepseek,main_t0,0.0,A,F2,1,1,351,-49.928673323823105,0,none,126,225,9,waxman,medium,0,144.9
56,deepseek,main_t0,0.0,A,F3,1,1,501,-28.530670470756064,0,none,126,375,15,waxman,medium,0,141.34
56,deepseek,main_t0,0.0,A,F4,1,0,,nan,0,path_adjacency,0,0,0,waxman,medium,0,123.58
56,deepseek,main_t0,0.0,A,F5,1,0,,nan,0,path_adjacency,0,0,0,waxman,medium,0,81.72
57,deepseek,main_t0,0.0,A,F1,1,0,,nan,0,path_adjacency,0,0,0,barabasi_albert,medium,0,53.1
57,deepseek,main_t0,0.0,A,F2,1,0,,nan,0,path_adjacency,0,0,0,barabasi_albert,medium,0,80.04
57,deepseek,main_t0,0.0,A,F3,1,1,869,nan,0,none,158,711,9,barabasi_albert,medium,0,42.66
57,deepseek,main_t0,0.0,A,F4,1,1,869,nan,0,none,158,711,9,barabasi_albert,medium,0,60.15
57,deepseek,main_t0,0.0,A,F5,1,1,869,nan,0,none,158,711,9,barabasi_albert,medium,0,76.21
58,deepseek,main_t0,0.0,A,F1,1,0,,nan,0,path_adjacency,0,0,0,erdos_renyi,small,0,33.81
58,deepseek,main_t0,0.0,A,F2,1,1,385,-23.0,0,none,178,207,9,erdos_renyi,small,0,55.97
58,deepseek,main_t0,0.0,A,F3,1,1,385,-23.0,0,none,178,207,9,erdos_renyi,small,0,37.28
58,deepseek,main_t0,0.0,A,F4,1,1,385,-23.0,0,none,178,207,9,erdos_renyi,small,0,35.32
58,deepseek,main_t0,0.0,A,F5,1,1,385,-23.0,0,none,178,207,9,erdos_renyi,small,0,42.93
59,deepseek,main_t0,0.0,A,F1,1,1,708,-40.4040404040404,0,none,148,560,7,barabasi_albert,medium,0,51.24
59,deepseek,main_t0,0.0,A,F2,1,1,708,-40.4040404040404,0,none,148,560,7,barabasi_albert,medium,0,55.23
59,deepseek,main_t0,0.0,A,F3,1,1,708,-40.4040404040404,0,none,148,560,7,barabasi_albert,medium,0,34.89
59,deepseek,main_t0,0.0,A,F4,1,1,708,-40.4040404040404,0,none,148,560,7,barabasi_albert,medium,0,57.12
59,deepseek,main_t0,0.0,A,F5,1,1,708,-40.4040404040404,0,none,148,560,7,barabasi_albert,medium,0,27.82
5,deepseek,main_t0,0.0,A,F1,1,1,202,-70.38123167155426,0,none,82,120,6,waxman,medium,0,76.91
5,deepseek,main_t0,0.0,A,F2,1,1,162,-76.24633431085044,0,none,82,80,4,waxman,medium,0,137.8
5,deepseek,main_t0,0.0,A,F3,1,1,202,-70.38123167155426,0,none,82,120,6,waxman,medium,0,114.72
5,deepseek,main_t0,0.0,A,F4,1,0,,nan,0,path_adjacency,0,0,0,waxman,medium,0,92.68
5,deepseek,main_t0,0.0,A,F5,1,1,162,-76.24633431085044,0,none,82,80,4,waxman,medium,0,72.69
60,deepseek,main_t0,0.0,A,F1,1,1,409,-45.539280958721704,0,none,67,342,6,erdos_renyi,large,0,35.03
60,deepseek,main_t0,0.0,A,F2,1,1,409,-45.539280958721704,0,none,67,342,6,erdos_renyi,large,0,60.84
60,deepseek,main_t0,0.0,A,F3,1,0,,nan,0,path_adjacency,0,0,0,erdos_renyi,large,0,41.63
60,deepseek,main_t0,0.0,A,F4,1,1,409,-45.539280958721704,0,none,67,342,6,erdos_renyi,large,0,44.95
60,deepseek,main_t0,0.0,A,F5,1,1,409,-45.539280958721704,0,none,67,342,6,erdos_renyi,large,0,31.55
61,deepseek,main_t0,0.0,A,F1,1,1,319,-25.292740046838407,0,none,103,216,6,erdos_renyi,medium,0,29.57
61,deepseek,main_t0,0.0,A,F2,1,0,,nan,0,path_adjacency,0,0,0,erdos_renyi,medium,0,46.81
61,deepseek,main_t0,0.0,A,F3,1,0,,nan,0,path_adjacency,0,0,0,erdos_renyi,medium,0,37.22
61,deepseek,main_t0,0.0,A,F4,1,0,,nan,0,path_adjacency,0,0,0,erdos_renyi,medium,0,30.17
61,deepseek,main_t0,0.0,A,F5,1,0,,nan,0,path_adjacency,0,0,0,erdos_renyi,medium,0,29.74
62,deepseek,main_t0,0.0,A,F1,1,1,503,-44.41988950276243,0,none,101,402,6,barabasi_albert,medium,0,67.41
62,deepseek,main_t0,0.0,A,F2,1,1,570,-37.01657458563536,0,none,101,469,7,barabasi_albert,medium,0,67.55
62,deepseek,main_t0,0.0,A,F3,1,1,570,-37.01657458563536,0,none,101,469,7,barabasi_albert,medium,0,46.48
62,deepseek,main_t0,0.0,A,F4,1,1,570,-37.01657458563536,0,none,101,469,7,barabasi_albert,medium,0,50.44
62,deepseek,main_t0,0.0,A,F5,1,0,,nan,0,path_adjacency,0,0,0,barabasi_albert,medium,0,38.64
63,deepseek,main_t0,0.0,A,F1,1,1,762,nan,0,none,146,616,11,waxman,medium,0,65.9
63,deepseek,main_t0,0.0,A,F2,1,0,,nan,0,path_adjacency,0,0,0,waxman,medium,0,70.1
63,deepseek,main_t0,0.0,A,F3,1,0,,nan,0,path_adjacency,0,0,0,waxman,medium,0,138.04
63,deepseek,main_t0,0.0,A,F4,1,1,762,nan,0,none,146,616,11,waxman,medium,0,61.22
63,deepseek,main_t0,0.0,A,F5,1,1,762,nan,0,none,146,616,11,waxman,medium,0,47.11
64,deepseek,main_t0,0.0,A,F1,1,0,,nan,0,path_adjacency,0,0,0,erdos_renyi,large,0,61.06
64,deepseek,main_t0,0.0,A,F2,1,1,743,-37.7200335289187,0,none,143,600,8,erdos_renyi,large,0,56.0
64,deepseek,main_t0,0.0,A,F3,1,0,,nan,0,path_adjacency,0,0,0,erdos_renyi,large,0,39.56
64,deepseek,main_t0,0.0,A,F4,1,1,743,-37.7200335289187,0,none,143,600,8,erdos_renyi,large,0,88.74
64,deepseek,main_t0,0.0,A,F5,1,1,743,-37.7200335289187,0,none,143,600,8,erdos_renyi,large,0,37.75
65,deepseek,main_t0,0.0,A,F1,1,1,410,-28.321678321678323,0,none,86,324,6,barabasi_albert,small,0,47.0
65,deepseek,main_t0,0.0,A,F2,1,1,410,-28.321678321678323,0,none,86,324,6,barabasi_albert,small,0,29.33
65,deepseek,main_t0,0.0,A,F3,1,1,410,-28.321678321678323,0,none,86,324,6,barabasi_albert,small,0,30.47
65,deepseek,main_t0,0.0,A,F4,1,1,410,-28.321678321678323,0,none,86,324,6,barabasi_albert,small,0,26.86
65,deepseek,main_t0,0.0,A,F5,1,1,464,-18.88111888111888,0,none,86,378,7,barabasi_albert,small,0,45.94
66,deepseek,main_t0,0.0,A,F1,1,0,,nan,0,path_adjacency,0,0,0,waxman,medium,0,101.9
66,deepseek,main_t0,0.0,A,F2,1,1,480,-64.39169139465875,0,none,108,372,12,waxman,medium,0,108.84
66,deepseek,main_t0,0.0,A,F3,1,1,480,-64.39169139465875,0,none,108,372,12,waxman,medium,0,103.63
66,deepseek,main_t0,0.0,A,F4,1,1,480,-64.39169139465875,0,none,108,372,12,waxman,medium,0,89.17
66,deepseek,main_t0,0.0,A,F5,1,1,480,-64.39169139465875,0,none,108,372,12,waxman,medium,0,67.21
67,deepseek,main_t0,0.0,A,F1,1,0,,nan,1,parse_error,0,0,0,waxman,medium,0,161.74
67,deepseek,main_t0,0.0,A,F2,1,1,612,nan,0,none,80,532,7,waxman,medium,0,147.0
67,deepseek,main_t0,0.0,A,F3,1,0,,nan,1,parse_error,0,0,0,waxman,medium,0,160.51
67,deepseek,main_t0,0.0,A,F4,1,1,612,nan,0,none,80,532,7,waxman,medium,0,94.32
67,deepseek,main_t0,0.0,A,F5,1,0,,nan,1,parse_error,0,0,0,waxman,medium,0,175.86
68,deepseek,main_t0,0.0,A,F1,1,0,,nan,1,parse_error,0,0,0,waxman,medium,0,182.45
68,deepseek,main_t0,0.0,A,F2,1,0,,nan,0,path_adjacency,0,0,0,waxman,medium,0,184.06
68,deepseek,main_t0,0.0,A,F3,1,0,,nan,1,parse_error,0,0,0,waxman,medium,0,180.13
68,deepseek,main_t0,0.0,A,F4,1,0,,nan,1,parse_error,0,0,0,waxman,medium,0,183.53
68,deepseek,main_t0,0.0,A,F5,1,0,,nan,1,parse_error,0,0,0,waxman,medium,0,83.29
69,deepseek,main_t0,0.0,A,F1,1,0,,nan,0,path_adjacency,0,0,0,barabasi_albert,medium,0,48.63
69,deepseek,main_t0,0.0,A,F2,1,0,,nan,0,path_adjacency,0,0,0,barabasi_albert,medium,0,63.01
69,deepseek,main_t0,0.0,A,F3,1,0,,nan,0,path_adjacency,0,0,0,barabasi_albert,medium,0,50.21
69,deepseek,main_t0,0.0,A,F4,1,1,386,-33.21799307958477,0,none,66,320,5,barabasi_albert,medium,0,36.42
69,deepseek,main_t0,0.0,A,F5,1,0,,nan,0,path_adjacency,0,0,0,barabasi_albert,medium,0,43.13
6,deepseek,main_t0,0.0,A,F1,1,0,,nan,0,path_adjacency,0,0,0,waxman,medium,0,149.84
6,deepseek,main_t0,0.0,A,F2,1,0,,nan,1,parse_error,0,0,0,waxman,medium,0,149.88
6,deepseek,main_t0,0.0,A,F3,1,0,,nan,1,parse_error,0,0,0,waxman,medium,0,154.53
6,deepseek,main_t0,0.0,A,F4,1,1,1159,nan,0,none,158,1001,13,waxman,medium,0,145.55
6,deepseek,main_t0,0.0,A,F5,1,0,,nan,1,parse_error,0,0,0,waxman,medium,0,123.42
70,deepseek,main_t0,0.0,A,F1,1,1,268,-80.5090909090909,0,none,106,162,6,waxman,large,0,129.9
70,deepseek,main_t0,0.0,A,F2,1,1,322,-76.58181818181818,0,none,106,216,8,waxman,large,0,50.98
70,deepseek,main_t0,0.0,A,F3,1,1,268,-80.5090909090909,0,none,106,162,6,waxman,large,0,84.5
70,deepseek,main_t0,0.0,A,F4,1,0,,nan,0,path_adjacency,0,0,0,waxman,large,0,59.79
70,deepseek,main_t0,0.0,A,F5,1,0,,nan,0,path_adjacency,0,0,0,waxman,large,0,92.18
71,deepseek,main_t0,0.0,A,F1,1,0,,nan,1,parse_error,0,0,0,waxman,medium,0,173.0
71,deepseek,main_t0,0.0,A,F2,1,1,396,nan,0,none,74,322,7,waxman,medium,0,155.63
71,deepseek,main_t0,0.0,A,F3,1,0,,nan,0,path_adjacency,0,0,0,waxman,medium,0,50.44
71,deepseek,main_t0,0.0,A,F4,1,1,304,nan,0,none,74,230,5,waxman,medium,0,100.82
71,deepseek,main_t0,0.0,A,F5,1,1,1132,nan,0,none,74,1058,23,waxman,medium,0,158.05
72,deepseek,main_t0,0.0,A,F1,1,1,267,-22.608695652173914,0,none,72,195,5,erdos_renyi,medium,0,27.15
72,deepseek,main_t0,0.0,A,F2,1,1,267,-22.608695652173914,0,none,72,195,5,erdos_renyi,medium,0,38.1
72,deepseek,main_t0,0.0,A,F3,1,1,267,-22.608695652173914,0,none,72,195,5,erdos_renyi,medium,0,38.43
72,deepseek,main_t0,0.0,A,F4,1,0,,nan,0,path_adjacency,0,0,0,erdos_renyi,medium,0,43.8
72,deepseek,main_t0,0.0,A,F5,1,1,267,-22.608695652173914,0,none,72,195,5,erdos_renyi,medium,0,40.0
73,deepseek,main_t0,0.0,A,F1,1,1,670,-66.69980119284294,0,none,121,549,9,waxman,large,0,123.44
73,deepseek,main_t0,0.0,A,F2,1,1,670,-66.69980119284294,0,none,121,549,9,waxman,large,0,139.78
73,deepseek,main_t0,0.0,A,F3,1,1,670,-66.69980119284294,0,none,121,549,9,waxman,large,0,121.38
73,deepseek,main_t0,0.0,A,F4,1,0,,nan,0,path_adjacency,0,0,0,waxman,large,0,31.97
73,deepseek,main_t0,0.0,A,F5,1,1,670,-66.69980119284294,0,none,121,549,9,waxman,large,0,93.73
74,deepseek,main_t0,0.0,A,F1,1,1,641,nan,0,none,116,525,7,waxman,large,0,66.47
74,deepseek,main_t0,0.0,A,F2,1,1,641,nan,0,none,116,525,7,waxman,large,0,102.82
74,deepseek,main_t0,0.0,A,F3,1,0,,nan,0,path_adjacency,0,0,0,waxman,large,0,107.55
74,deepseek,main_t0,0.0,A,F4,1,0,,nan,0,path_adjacency,0,0,0,waxman,large,0,88.72
74,deepseek,main_t0,0.0,A,F5,1,1,641,nan,0,none,116,525,7,waxman,large,0,47.0
75,deepseek,main_t0,0.0,A,F1,1,1,964,nan,0,none,132,832,13,waxman,small,0,90.8
75,deepseek,main_t0,0.0,A,F2,1,0,,nan,0,path_adjacency,0,0,0,waxman,small,0,144.49
75,deepseek,main_t0,0.0,A,F3,1,0,,nan,1,parse_error,0,0,0,waxman,small,0,145.18
75,deepseek,main_t0,0.0,A,F4,1,1,708,nan,0,none,132,576,9,waxman,small,0,138.78
75,deepseek,main_t0,0.0,A,F5,1,1,964,nan,0,none,132,832,13,waxman,small,0,84.93
76,deepseek,main_t0,0.0,A,F1,1,0,,nan,0,path_adjacency,0,0,0,barabasi_albert,medium,0,61.47
76,deepseek,main_t0,0.0,A,F2,1,0,,nan,0,path_adjacency,0,0,0,barabasi_albert,medium,0,52.77
76,deepseek,main_t0,0.0,A,F3,1,1,557,-42.0997920997921,0,none,152,405,9,barabasi_albert,medium,0,32.51
76,deepseek,main_t0,0.0,A,F4,1,1,557,-42.0997920997921,0,none,152,405,9,barabasi_albert,medium,0,47.53
76,deepseek,main_t0,0.0,A,F5,1,1,602,-37.42203742203743,0,none,152,450,10,barabasi_albert,medium,0,53.43
77,deepseek,main_t0,0.0,A,F1,1,1,834,-26.713532513181022,0,none,150,684,9,erdos_renyi,large,0,52.25
77,deepseek,main_t0,0.0,A,F2,1,0,,nan,0,path_adjacency,0,0,0,erdos_renyi,large,0,65.43
77,deepseek,main_t0,0.0,A,F3,1,1,834,-26.713532513181022,0,none,150,684,9,erdos_renyi,large,0,53.78
77,deepseek,main_t0,0.0,A,F4,1,1,834,-26.713532513181022,0,none,150,684,9,erdos_renyi,large,0,57.77
77,deepseek,main_t0,0.0,A,F5,1,1,834,-26.713532513181022,0,none,150,684,9,erdos_renyi,large,0,64.28
78,deepseek,main_t0,0.0,A,F1,1,1,289,-75.36231884057972,0,none,81,208,8,waxman,large,0,21.5
78,deepseek,main_t0,0.0,A,F2,1,1,289,-75.36231884057972,0,none,81,208,8,waxman,large,0,138.09
78,deepseek,main_t0,0.0,A,F3,1,1,289,-75.36231884057972,0,none,81,208,8,waxman,large,0,45.43
78,deepseek,main_t0,0.0,A,F4,1,1,289,-75.36231884057972,0,none,81,208,8,waxman,large,0,40.2
78,deepseek,main_t0,0.0,A,F5,1,1,289,-75.36231884057972,0,none,81,208,8,waxman,large,0,52.45
79,deepseek,main_t0,0.0,A,F1,1,1,588,-73.7265415549598,0,none,159,429,13,waxman,medium,0,58.52
79,deepseek,main_t0,0.0,A,F2,1,1,522,-76.67560321715817,0,none,159,363,11,waxman,medium,0,117.85
79,deepseek,main_t0,0.0,A,F3,1,1,522,-76.67560321715817,0,none,159,363,11,waxman,medium,0,94.17
79,deepseek,main_t0,0.0,A,F4,1,1,522,-76.67560321715817,0,none,159,363,11,waxman,medium,0,55.34
79,deepseek,main_t0,0.0,A,F5,1,0,,nan,1,parse_error,0,0,0,waxman,medium,0,126.58
7,deepseek,main_t0,0.0,A,F1,1,1,446,-45.006165228113446,0,none,81,365,5,erdos_renyi,small,0,44.94
7,deepseek,main_t0,0.0,A,F2,1,1,446,-45.006165228113446,0,none,81,365,5,erdos_renyi,small,0,37.63
7,deepseek,main_t0,0.0,A,F3,1,1,446,-45.006165228113446,0,none,81,365,5,erdos_renyi,small,0,29.76
7,deepseek,main_t0,0.0,A,F4,1,1,446,-45.006165228113446,0,none,81,365,5,erdos_renyi,small,0,41.14
7,deepseek,main_t0,0.0,A,F5,1,1,519,-36.00493218249075,0,none,81,438,6,erdos_renyi,small,0,38.12
80,deepseek,main_t0,0.0,A,F1,1,1,946,nan,0,none,88,858,11,waxman,medium,0,32.38
80,deepseek,main_t0,0.0,A,F2,1,1,946,nan,0,none,88,858,11,waxman,medium,0,51.01
80,deepseek,main_t0,0.0,A,F3,1,1,946,nan,0,none,88,858,11,waxman,medium,0,78.57
80,deepseek,main_t0,0.0,A,F4,1,1,946,nan,0,none,88,858,11,waxman,medium,0,30.63
80,deepseek,main_t0,0.0,A,F5,1,1,946,nan,0,none,88,858,11,waxman,medium,0,69.08
81,deepseek,main_t0,0.0,A,F1,1,0,,nan,0,path_adjacency,0,0,0,erdos_renyi,large,0,58.01
81,deepseek,main_t0,0.0,A,F2,1,1,656,nan,0,none,144,512,8,erdos_renyi,large,0,44.95
81,deepseek,main_t0,0.0,A,F3,1,1,656,nan,0,none,144,512,8,erdos_renyi,large,0,52.62
81,deepseek,main_t0,0.0,A,F4,1,0,,nan,0,path_adjacency,0,0,0,erdos_renyi,large,0,51.58
81,deepseek,main_t0,0.0,A,F5,1,0,,nan,0,path_adjacency,0,0,0,erdos_renyi,large,0,42.86
82,deepseek,main_t0,0.0,A,F1,1,1,1100,nan,0,none,188,912,12,waxman,small,0,51.74
82,deepseek,main_t0,0.0,A,F2,1,1,1100,nan,0,none,188,912,12,waxman,small,0,51.05
82,deepseek,main_t0,0.0,A,F3,1,1,1100,nan,0,none,188,912,12,waxman,small,0,141.19
82,deepseek,main_t0,0.0,A,F4,1,0,,nan,1,parse_error,0,0,0,waxman,small,0,147.88
82,deepseek,main_t0,0.0,A,F5,1,0,,nan,1,parse_error,0,0,0,waxman,small,0,142.92
83,deepseek,main_t0,0.0,A,F1,1,1,338,nan,0,none,107,231,7,erdos_renyi,medium,0,34.04
83,deepseek,main_t0,0.0,A,F2,1,1,338,nan,0,none,107,231,7,erdos_renyi,medium,0,38.78
83,deepseek,main_t0,0.0,A,F3,1,1,338,nan,0,none,107,231,7,erdos_renyi,medium,0,30.02
83,deepseek,main_t0,0.0,A,F4,1,1,338,nan,0,none,107,231,7,erdos_renyi,medium,0,36.38
83,deepseek,main_t0,0.0,A,F5,1,0,,nan,0,path_adjacency,0,0,0,erdos_renyi,medium,0,40.34
84,deepseek,main_t0,0.0,A,F1,1,1,583,nan,0,none,135,448,8,erdos_renyi,medium,0,38.34
84,deepseek,main_t0,0.0,A,F2,1,1,583,nan,0,none,135,448,8,erdos_renyi,medium,0,38.31
84,deepseek,main_t0,0.0,A,F3,1,1,583,nan,0,none,135,448,8,erdos_renyi,medium,0,43.82
84,deepseek,main_t0,0.0,A,F4,1,1,583,nan,0,none,135,448,8,erdos_renyi,medium,0,22.09
84,deepseek,main_t0,0.0,A,F5,1,0,,nan,0,path_adjacency,0,0,0,erdos_renyi,medium,0,69.46
85,deepseek,main_t0,0.0,A,F1,1,1,582,nan,0,none,186,396,9,erdos_renyi,small,0,31.69
85,deepseek,main_t0,0.0,A,F2,1,0,,nan,0,path_adjacency,0,0,0,erdos_renyi,small,0,49.23
85,deepseek,main_t0,0.0,A,F3,1,1,582,nan,0,none,186,396,9,erdos_renyi,small,0,49.57
85,deepseek,main_t0,0.0,A,F4,1,0,,nan,0,path_adjacency,0,0,0,erdos_renyi,small,0,43.14
85,deepseek,main_t0,0.0,A,F5,1,0,,nan,0,path_adjacency,0,0,0,erdos_renyi,small,0,47.58
86,deepseek,main_t0,0.0,A,F1,1,1,780,-14.096916299559473,0,none,76,704,11,waxman,small,0,98.55
86,deepseek,main_t0,0.0,A,F2,1,1,268,-70.48458149779736,0,none,76,192,3,waxman,small,0,114.23
86,deepseek,main_t0,0.0,A,F3,1,1,524,-42.290748898678416,0,none,76,448,7,waxman,small,0,69.83
86,deepseek,main_t0,0.0,A,F4,1,1,396,-56.38766519823789,0,none,76,320,5,waxman,small,0,135.3
86,deepseek,main_t0,0.0,A,F5,1,1,524,-42.290748898678416,0,none,76,448,7,waxman,small,0,98.72
87,deepseek,main_t0,0.0,A,F1,1,1,377,-27.63915547024952,0,none,125,252,7,erdos_renyi,medium,0,54.29
87,deepseek,main_t0,0.0,A,F2,1,1,377,-27.63915547024952,0,none,125,252,7,erdos_renyi,medium,0,37.93
87,deepseek,main_t0,0.0,A,F3,1,1,377,-27.63915547024952,0,none,125,252,7,erdos_renyi,medium,0,44.53
87,deepseek,main_t0,0.0,A,F4,1,1,377,-27.63915547024952,0,none,125,252,7,erdos_renyi,medium,0,32.93
87,deepseek,main_t0,0.0,A,F5,1,1,377,-27.63915547024952,0,none,125,252,7,erdos_renyi,medium,0,39.62
88,deepseek,main_t0,0.0,A,F1,1,1,568,nan,0,none,144,424,8,barabasi_albert,medium,0,28.61
88,deepseek,main_t0,0.0,A,F2,1,1,568,nan,0,none,144,424,8,barabasi_albert,medium,0,59.19
88,deepseek,main_t0,0.0,A,F3,1,1,568,nan,0,none,144,424,8,barabasi_albert,medium,0,30.34
88,deepseek,main_t0,0.0,A,F4,1,1,568,nan,0,none,144,424,8,barabasi_albert,medium,0,36.41
88,deepseek,main_t0,0.0,A,F5,1,1,568,nan,0,none,144,424,8,barabasi_albert,medium,0,30.7
89,deepseek,main_t0,0.0,A,F1,1,1,550,-39.82494529540481,0,none,134,416,8,barabasi_albert,medium,0,31.29
89,deepseek,main_t0,0.0,A,F2,1,1,550,-39.82494529540481,0,none,134,416,8,barabasi_albert,medium,0,41.38
89,deepseek,main_t0,0.0,A,F3,1,1,550,-39.82494529540481,0,none,134,416,8,barabasi_albert,medium,0,52.48
89,deepseek,main_t0,0.0,A,F4,1,1,550,-39.82494529540481,0,none,134,416,8,barabasi_albert,medium,0,49.7
89,deepseek,main_t0,0.0,A,F5,1,1,550,-39.82494529540481,0,none,134,416,8,barabasi_albert,medium,0,38.69
8,deepseek,main_t0,0.0,A,F1,1,0,,nan,1,parse_error,0,0,0,waxman,medium,0,146.27
8,deepseek,main_t0,0.0,A,F2,1,0,,nan,1,parse_error,0,0,0,waxman,medium,0,151.26
8,deepseek,main_t0,0.0,A,F3,1,0,,nan,0,path_adjacency,0,0,0,waxman,medium,0,154.13
8,deepseek,main_t0,0.0,A,F4,1,0,,nan,1,parse_error,0,0,0,waxman,medium,0,149.01
8,deepseek,main_t0,0.0,A,F5,1,1,1048,nan,0,none,138,910,13,waxman,medium,0,116.22
90,deepseek,main_t0,0.0,A,F1,1,0,,nan,0,path_adjacency,0,0,0,waxman,medium,0,156.42
90,deepseek,main_t0,0.0,A,F2,1,0,,nan,1,parse_error,0,0,0,waxman,medium,0,143.23
90,deepseek,main_t0,0.0,A,F3,1,0,,nan,1,parse_error,0,0,0,waxman,medium,0,154.7
90,deepseek,main_t0,0.0,A,F4,1,0,,nan,1,parse_error,0,0,0,waxman,medium,0,177.31
90,deepseek,main_t0,0.0,A,F5,1,0,,nan,1,parse_error,0,0,0,waxman,medium,0,171.63
91,deepseek,main_t0,0.0,A,F1,1,1,681,-64.69673405909798,0,none,57,624,12,waxman,medium,0,74.89
91,deepseek,main_t0,0.0,A,F2,1,1,681,-64.69673405909798,0,none,57,624,12,waxman,medium,0,62.95
91,deepseek,main_t0,0.0,A,F3,1,1,681,-64.69673405909798,0,none,57,624,12,waxman,medium,0,75.49
91,deepseek,main_t0,0.0,A,F4,1,1,681,-64.69673405909798,0,none,57,624,12,waxman,medium,0,31.19
91,deepseek,main_t0,0.0,A,F5,1,1,681,-64.69673405909798,0,none,57,624,12,waxman,medium,0,91.58
92,deepseek,main_t0,0.0,A,F1,1,0,,nan,1,parse_error,0,0,0,waxman,large,0,166.55
92,deepseek,main_t0,0.0,A,F2,1,0,,nan,1,parse_error,0,0,0,waxman,large,0,165.5
92,deepseek,main_t0,0.0,A,F3,1,0,,nan,0,path_adjacency,0,0,0,waxman,large,0,139.99
92,deepseek,main_t0,0.0,A,F4,1,1,459,-76.0313315926893,0,none,95,364,7,waxman,large,0,48.54
92,deepseek,main_t0,0.0,A,F5,1,1,459,-76.0313315926893,0,none,95,364,7,waxman,large,0,146.41
93,deepseek,main_t0,0.0,A,F1,1,1,570,-24.90118577075099,0,none,129,441,7,erdos_renyi,medium,0,55.29
93,deepseek,main_t0,0.0,A,F2,1,1,570,-24.90118577075099,0,none,129,441,7,erdos_renyi,medium,0,102.81
93,deepseek,main_t0,0.0,A,F3,1,0,,nan,0,path_adjacency,0,0,0,erdos_renyi,medium,0,50.82
93,deepseek,main_t0,0.0,A,F4,1,0,,nan,0,path_adjacency,0,0,0,erdos_renyi,medium,0,51.37
93,deepseek,main_t0,0.0,A,F5,1,1,570,-24.90118577075099,0,none,129,441,7,erdos_renyi,medium,0,44.35
94,deepseek,main_t0,0.0,A,F1,1,1,399,-54.91525423728814,0,none,129,270,10,waxman,small,0,87.72
94,deepseek,main_t0,0.0,A,F2,1,1,399,-54.91525423728814,0,none,129,270,10,waxman,small,0,107.9
94,deepseek,main_t0,0.0,A,F3,1,0,,nan,0,path_adjacency,0,0,0,waxman,small,0,129.86
94,deepseek,main_t0,0.0,A,F4,1,0,,nan,0,path_adjacency,0,0,0,waxman,small,0,95.93
94,deepseek,main_t0,0.0,A,F5,1,0,,nan,0,path_adjacency,0,0,0,waxman,small,0,136.78
95,deepseek,main_t0,0.0,A,F1,1,0,,nan,0,path_adjacency,0,0,0,barabasi_albert,small,0,61.95
95,deepseek,main_t0,0.0,A,F2,1,1,850,nan,0,none,166,684,9,barabasi_albert,small,0,64.72
95,deepseek,main_t0,0.0,A,F3,1,1,850,nan,0,none,166,684,9,barabasi_albert,small,0,62.52
95,deepseek,main_t0,0.0,A,F4,1,0,,nan,0,path_adjacency,0,0,0,barabasi_albert,small,0,77.42
95,deepseek,main_t0,0.0,A,F5,1,1,850,nan,0,none,166,684,9,barabasi_albert,small,0,43.52
96,deepseek,main_t0,0.0,A,F1,1,1,702,-36.0655737704918,0,none,174,528,8,erdos_renyi,medium,0,40.78
96,deepseek,main_t0,0.0,A,F2,1,0,,nan,0,path_adjacency,0,0,0,erdos_renyi,medium,0,73.56
96,deepseek,main_t0,0.0,A,F3,1,0,,nan,0,path_adjacency,0,0,0,erdos_renyi,medium,0,51.44
96,deepseek,main_t0,0.0,A,F4,1,0,,nan,0,path_adjacency,0,0,0,erdos_renyi,medium,0,36.73
96,deepseek,main_t0,0.0,A,F5,1,0,,nan,0,path_adjacency,0,0,0,erdos_renyi,medium,0,48.35
97,deepseek,main_t0,0.0,A,F1,1,1,451,-51.55746509129968,0,none,91,360,9,waxman,large,0,51.54
97,deepseek,main_t0,0.0,A,F2,1,1,331,-64.4468313641246,0,none,91,240,6,waxman,large,0,62.87
97,deepseek,main_t0,0.0,A,F3,1,0,,nan,0,path_adjacency,0,0,0,waxman,large,0,91.47
97,deepseek,main_t0,0.0,A,F4,1,1,331,-64.4468313641246,0,none,91,240,6,waxman,large,0,62.95
97,deepseek,main_t0,0.0,A,F5,1,1,331,-64.4468313641246,0,none,91,240,6,waxman,large,0,80.41
98,deepseek,main_t0,0.0,A,F1,1,0,,nan,1,parse_error,0,0,0,waxman,small,0,176.99
98,deepseek,main_t0,0.0,A,F2,1,0,,nan,1,parse_error,0,0,0,waxman,small,0,173.14
98,deepseek,main_t0,0.0,A,F3,1,0,,nan,0,path_adjacency,0,0,0,waxman,small,0,128.5
98,deepseek,main_t0,0.0,A,F4,1,0,,nan,0,path_adjacency,0,0,0,waxman,small,0,68.45
98,deepseek,main_t0,0.0,A,F5,1,1,674,-37.00934579439252,0,none,80,594,9,waxman,small,0,94.49
99,deepseek,main_t0,0.0,A,F1,1,1,420,-34.883720930232556,0,none,105,315,7,erdos_renyi,medium,0,67.48
99,deepseek,main_t0,0.0,A,F2,1,0,,nan,0,path_adjacency,0,0,0,erdos_renyi,medium,0,55.07
99,deepseek,main_t0,0.0,A,F3,1,1,420,-34.883720930232556,0,none,105,315,7,erdos_renyi,medium,0,30.93
99,deepseek,main_t0,0.0,A,F4,1,0,,nan,0,path_adjacency,0,0,0,erdos_renyi,medium,0,45.42
99,deepseek,main_t0,0.0,A,F5,1,0,,nan,0,path_adjacency,0,0,0,erdos_renyi,medium,0,38.78
9,deepseek,main_t0,0.0,A,F1,1,0,,nan,0,path_adjacency,0,0,0,barabasi_albert,large,0,62.99
9,deepseek,main_t0,0.0,A,F2,1,1,324,-43.75,0,none,128,196,7,barabasi_albert,large,0,74.81
9,deepseek,main_t0,0.0,A,F3,1,1,324,-43.75,0,none,128,196,7,barabasi_albert,large,0,37.93
9,deepseek,main_t0,0.0,A,F4,1,1,324,-43.75,0,none,128,196,7,barabasi_albert,large,0,78.21
9,deepseek,main_t0,0.0,A,F5,1,0,,nan,0,path_adjacency,0,0,0,barabasi_albert,large,0,63.48
100,deepseek,main_t0.5,0.5,A,F1,1,0,,nan,0,path_adjacency,0,0,0,erdos_renyi,large,0,51.28
100,deepseek,main_t0.5,0.5,A,F2,1,1,257,-21.88449848024316,0,none,77,180,5,erdos_renyi,large,0,49.17
100,deepseek,main_t0.5,0.5,A,F3,1,0,,nan,0,path_adjacency,0,0,0,erdos_renyi,large,0,24.7
100,deepseek,main_t0.5,0.5,A,F4,1,0,,nan,0,path_adjacency,0,0,0,erdos_renyi,large,0,34.63
100,deepseek,main_t0.5,0.5,A,F5,1,1,257,-21.88449848024316,0,none,77,180,5,erdos_renyi,large,0,48.2
101,deepseek,main_t0.5,0.5,A,F1,1,0,,nan,1,parse_error,0,0,0,waxman,medium,0,153.13
101,deepseek,main_t0.5,0.5,A,F2,1,0,,nan,1,parse_error,0,0,0,waxman,medium,0,151.77
101,deepseek,main_t0.5,0.5,A,F3,1,0,,nan,0,path_adjacency,0,0,0,waxman,medium,0,139.53
101,deepseek,main_t0.5,0.5,A,F4,1,0,,nan,0,path_adjacency,0,0,0,waxman,medium,0,149.98
101,deepseek,main_t0.5,0.5,A,F5,1,0,,nan,1,parse_error,0,0,0,waxman,medium,0,141.95
102,deepseek,main_t0.5,0.5,A,F1,1,1,851,-50.20479812755998,0,none,149,702,9,barabasi_albert,medium,0,34.76
102,deepseek,main_t0.5,0.5,A,F2,1,1,851,-50.20479812755998,0,none,149,702,9,barabasi_albert,medium,0,63.97
102,deepseek,main_t0.5,0.5,A,F3,1,0,,nan,0,path_adjacency,0,0,0,barabasi_albert,medium,0,46.88
102,deepseek,main_t0.5,0.5,A,F4,1,1,851,-50.20479812755998,0,none,149,702,9,barabasi_albert,medium,0,31.11
102,deepseek,main_t0.5,0.5,A,F5,1,0,,nan,0,path_adjacency,0,0,0,barabasi_albert,medium,0,47.09
103,deepseek,main_t0.5,0.5,A,F1,1,0,,nan,1,parse_error,0,0,0,waxman,small,0,152.69
103,deepseek,main_t0.5,0.5,A,F2,1,0,,nan,1,parse_error,0,0,0,waxman,small,0,150.15
103,deepseek,main_t0.5,0.5,A,F3,1,1,456,nan,0,none,92,364,7,waxman,small,0,122.29
103,deepseek,main_t0.5,0.5,A,F4,1,0,,nan,1,parse_error,0,0,0,waxman,small,0,68.97
103,deepseek,main_t0.5,0.5,A,F5,1,0,,nan,1,parse_error,0,0,0,waxman,small,0,147.19
104,deepseek,main_t0.5,0.5,A,F1,1,1,394,-82.67370272647318,0,none,65,329,7,waxman,medium,0,102.68
104,deepseek,main_t0.5,0.5,A,F2,1,1,394,-82.67370272647318,0,none,65,329,7,waxman,medium,0,89.5
104,deepseek,main_t0.5,0.5,A,F3,1,1,394,-82.67370272647318,0,none,65,329,7,waxman,medium,0,78.85
104,deepseek,main_t0.5,0.5,A,F4,1,1,394,-82.67370272647318,0,none,65,329,7,waxman,medium,0,133.19
104,deepseek,main_t0.5,0.5,A,F5,1,1,394,-82.67370272647318,0,none,65,329,7,waxman,medium,0,95.16
105,deepseek,main_t0.5,0.5,A,F1,1,1,702,nan,0,none,112,590,10,waxman,medium,0,73.81
105,deepseek,main_t0.5,0.5,A,F2,1,0,,nan,1,parse_error,0,0,0,waxman,medium,0,148.12
105,deepseek,main_t0.5,0.5,A,F3,1,0,,nan,0,path_adjacency,0,0,0,waxman,medium,0,148.16
105,deepseek,main_t0.5,0.5,A,F4,1,0,,nan,1,parse_error,0,0,0,waxman,medium,0,148.1
105,deepseek,main_t0.5,0.5,A,F5,1,1,702,nan,0,none,112,590,10,waxman,medium,0,145.18
106,deepseek,main_t0.5,0.5,A,F1,1,0,,nan,0,path_adjacency,0,0,0,erdos_renyi,medium,0,34.14
106,deepseek,main_t0.5,0.5,A,F2,1,1,314,-19.48717948717949,0,none,86,228,6,erdos_renyi,medium,0,38.27
106,deepseek,main_t0.5,0.5,A,F3,1,1,314,-19.48717948717949,0,none,86,228,6,erdos_renyi,medium,0,31.54
106,deepseek,main_t0.5,0.5,A,F4,1,1,314,-19.48717948717949,0,none,86,228,6,erdos_renyi,medium,0,26.84
106,deepseek,main_t0.5,0.5,A,F5,1,1,314,-19.48717948717949,0,none,86,228,6,erdos_renyi,medium,0,25.92
107,deepseek,main_t0.5,0.5,A,F1,1,1,353,-77.8405524168236,0,none,153,200,10,waxman,large,0,120.04
107,deepseek,main_t0.5,0.5,A,F2,1,1,353,-77.8405524168236,0,none,153,200,10,waxman,large,0,118.47
107,deepseek,main_t0.5,0.5,A,F3,1,1,353,-77.8405524168236,0,none,153,200,10,waxman,large,0,38.78
107,deepseek,main_t0.5,0.5,A,F4,1,1,353,-77.8405524168236,0,none,153,200,10,waxman,large,0,108.68
107,deepseek,main_t0.5,0.5,A,F5,1,0,,nan,1,parse_error,0,0,0,waxman,large,0,134.44
108,deepseek,main_t0.5,0.5,A,F1,1,1,372,-48.476454293628805,0,none,72,300,6,barabasi_albert,large,0,30.93
108,deepseek,main_t0.5,0.5,A,F2,1,1,372,-48.476454293628805,0,none,72,300,6,barabasi_albert,large,0,80.47
108,deepseek,main_t0.5,0.5,A,F3,1,1,372,-48.476454293628805,0,none,72,300,6,barabasi_albert,large,0,28.94
108,deepseek,main_t0.5,0.5,A,F4,1,1,372,-48.476454293628805,0,none,72,300,6,barabasi_albert,large,0,37.92
108,deepseek,main_t0.5,0.5,A,F5,1,1,372,-48.476454293628805,0,none,72,300,6,barabasi_albert,large,0,61.7
109,deepseek,main_t0.5,0.5,A,F1,1,1,312,-77.71428571428571,0,none,74,238,7,waxman,medium,0,27.97
109,deepseek,main_t0.5,0.5,A,F2,1,1,312,-77.71428571428571,0,none,74,238,7,waxman,medium,0,39.87
109,deepseek,main_t0.5,0.5,A,F3,1,1,312,-77.71428571428571,0,none,74,238,7,waxman,medium,0,58.39
109,deepseek,main_t0.5,0.5,A,F4,1,1,312,-77.71428571428571,0,none,74,238,7,waxman,medium,0,95.53
109,deepseek,main_t0.5,0.5,A,F5,1,1,312,-77.71428571428571,0,none,74,238,7,waxman,medium,0,85.15
10,deepseek,main_t0.5,0.5,A,F1,1,1,272,nan,0,none,97,175,5,waxman,medium,0,44.21
10,deepseek,main_t0.5,0.5,A,F2,1,0,,nan,0,path_adjacency,0,0,0,waxman,medium,0,24.02
10,deepseek,main_t0.5,0.5,A,F3,1,1,272,nan,0,none,97,175,5,waxman,medium,0,26.28
10,deepseek,main_t0.5,0.5,A,F4,1,0,,nan,0,path_adjacency,0,0,0,waxman,medium,0,12.76
10,deepseek,main_t0.5,0.5,A,F5,1,0,,nan,0,path_adjacency,0,0,0,waxman,medium,0,34.32
110,deepseek,main_t0.5,0.5,A,F1,1,1,582,-54.02843601895735,0,none,126,456,6,barabasi_albert,medium,0,54.32
110,deepseek,main_t0.5,0.5,A,F2,1,0,,nan,0,path_adjacency,0,0,0,barabasi_albert,medium,0,61.56
110,deepseek,main_t0.5,0.5,A,F3,1,1,582,-54.02843601895735,0,none,126,456,6,barabasi_albert,medium,0,44.83
110,deepseek,main_t0.5,0.5,A,F4,1,1,582,-54.02843601895735,0,none,126,456,6,barabasi_albert,medium,0,44.32
110,deepseek,main_t0.5,0.5,A,F5,1,0,,nan,0,path_adjacency,0,0,0,barabasi_albert,medium,0,32.98
111,deepseek,main_t0.5,0.5,A,F1,1,0,,nan,0,path_adjacency,0,0,0,erdos_renyi,medium,0,36.87
111,deepseek,main_t0.5,0.5,A,F2,1,0,,nan,0,path_adjacency,0,0,0,erdos_renyi,medium,0,51.54
111,deepseek,main_t0.5,0.5,A,F3,1,1,623,-41.93849021435228,0,none,98,525,7,erdos_renyi,medium,0,31.8
111,deepseek,main_t0.5,0.5,A,F4,1,0,,nan,0,path_adjacency,0,0,0,erdos_renyi,medium,0,39.51
111,deepseek,main_t0.5,0.5,A,F5,1,1,623,-41.93849021435228,0,none,98,525,7,erdos_renyi,medium,0,71.23
112,deepseek,main_t0.5,0.5,A,F1,1,0,,nan,0,path_adjacency,0,0,0,waxman,small,0,145.61
112,deepseek,main_t0.5,0.5,A,F2,1,0,,nan,0,path_adjacency,0,0,0,waxman,small,0,122.15
112,deepseek,main_t0.5,0.5,A,F3,1,0,,nan,0,path_adjacency,0,0,0,waxman,small,0,116.34
112,deepseek,main_t0.5,0.5,A,F4,1,0,,nan,1,parse_error,0,0,0,waxman,small,0,145.75
112,deepseek,main_t0.5,0.5,A,F5,1,0,,nan,0,path_adjacency,0,0,0,waxman,small,0,114.06
113,deepseek,main_t0.5,0.5,A,F1,1,1,598,-74.44444444444444,0,none,129,469,7,waxman,small,0,33.1
113,deepseek,main_t0.5,0.5,A,F2,1,1,598,-74.44444444444444,0,none,129,469,7,waxman,small,0,14.25
113,deepseek,main_t0.5,0.5,A,F3,1,0,,nan,0,path_adjacency,0,0,0,waxman,small,0,25.77
113,deepseek,main_t0.5,0.5,A,F4,1,1,598,-74.44444444444444,0,none,129,469,7,waxman,small,0,41.39
113,deepseek,main_t0.5,0.5,A,F5,1,1,598,-74.44444444444444,0,none,129,469,7,waxman,small,0,16.77
114,deepseek,main_t0.5,0.5,A,F1,1,0,,nan,1,parse_error,0,0,0,waxman,medium,0,152.86
114,deepseek,main_t0.5,0.5,A,F2,1,0,,nan,0,path_adjacency,0,0,0,waxman,medium,0,75.17
114,deepseek,main_t0.5,0.5,A,F3,1,0,,nan,1,parse_error,0,0,0,waxman,medium,0,156.29
114,deepseek,main_t0.5,0.5,A,F4,1,1,634,-50.39123630672926,0,none,82,552,24,waxman,medium,0,153.73
114,deepseek,main_t0.5,0.5,A,F5,1,0,,nan,0,path_adjacency,0,0,0,waxman,medium,0,109.26
115,deepseek,main_t0.5,0.5,A,F1,1,1,309,-36.15702479338843,0,none,99,210,6,erdos_renyi,medium,0,37.54
115,deepseek,main_t0.5,0.5,A,F2,1,1,309,-36.15702479338843,0,none,99,210,6,erdos_renyi,medium,0,80.92
115,deepseek,main_t0.5,0.5,A,F3,1,0,,nan,0,path_adjacency,0,0,0,erdos_renyi,medium,0,42.32
115,deepseek,main_t0.5,0.5,A,F4,1,1,309,-36.15702479338843,0,none,99,210,6,erdos_renyi,medium,0,37.17
115,deepseek,main_t0.5,0.5,A,F5,1,0,,nan,0,path_adjacency,0,0,0,erdos_renyi,medium,0,33.94
116,deepseek,main_t0.5,0.5,A,F1,1,1,437,-31.39717425431711,0,none,87,350,7,erdos_renyi,medium,0,36.25
116,deepseek,main_t0.5,0.5,A,F2,1,1,437,-31.39717425431711,0,none,87,350,7,erdos_renyi,medium,0,74.55
116,deepseek,main_t0.5,0.5,A,F3,1,1,437,-31.39717425431711,0,none,87,350,7,erdos_renyi,medium,0,41.81
116,deepseek,main_t0.5,0.5,A,F4,1,1,437,-31.39717425431711,0,none,87,350,7,erdos_renyi,medium,0,45.12
116,deepseek,main_t0.5,0.5,A,F5,1,0,,nan,0,path_adjacency,0,0,0,erdos_renyi,medium,0,73.25
117,deepseek,main_t0.5,0.5,A,F1,1,1,630,-49.275362318840585,0,none,154,476,7,erdos_renyi,medium,0,50.78
117,deepseek,main_t0.5,0.5,A,F2,1,1,766,-38.32528180354267,0,none,154,612,9,erdos_renyi,medium,0,85.78
117,deepseek,main_t0.5,0.5,A,F3,1,1,766,-38.32528180354267,0,none,154,612,9,erdos_renyi,medium,0,46.48
117,deepseek,main_t0.5,0.5,A,F4,1,1,766,-38.32528180354267,0,none,154,612,9,erdos_renyi,medium,0,40.25
117,deepseek,main_t0.5,0.5,A,F5,1,1,766,-38.32528180354267,0,none,154,612,9,erdos_renyi,medium,0,35.72
118,deepseek,main_t0.5,0.5,A,F1,1,1,761,nan,0,none,151,610,10,erdos_renyi,small,0,106.96
118,deepseek,main_t0.5,0.5,A,F2,1,0,,nan,0,path_adjacency,0,0,0,erdos_renyi,small,0,40.33
118,deepseek,main_t0.5,0.5,A,F3,1,0,,nan,0,path_adjacency,0,0,0,erdos_renyi,small,0,62.7
118,deepseek,main_t0.5,0.5,A,F4,1,0,,nan,0,path_adjacency,0,0,0,erdos_renyi,small,0,51.62
118,deepseek,main_t0.5,0.5,A,F5,1,1,700,nan,0,none,151,549,9,erdos_renyi,small,0,56.95
119,deepseek,main_t0.5,0.5,A,F1,1,1,617,-55.41907514450867,0,none,145,472,8,barabasi_albert,large,0,46.17
119,deepseek,main_t0.5,0.5,A,F2,1,1,617,-55.41907514450867,0,none,145,472,8,barabasi_albert,large,0,75.7
119,deepseek,main_t0.5,0.5,A,F3,1,0,,nan,0,path_adjacency,0,0,0,barabasi_albert,large,0,54.2
119,deepseek,main_t0.5,0.5,A,F4,1,1,617,-55.41907514450867,0,none,145,472,8,barabasi_albert,large,0,36.44
119,deepseek,main_t0.5,0.5,A,F5,1,0,,nan,0,path_adjacency,0,0,0,barabasi_albert,large,0,86.15
11,deepseek,main_t0.5,0.5,A,F1,1,1,642,nan,0,none,138,504,7,waxman,medium,0,74.32
11,deepseek,main_t0.5,0.5,A,F2,1,0,,nan,0,path_adjacency,0,0,0,waxman,medium,0,91.96
11,deepseek,main_t0.5,0.5,A,F3,1,0,,nan,1,parse_error,0,0,0,waxman,medium,0,150.45
11,deepseek,main_t0.5,0.5,A,F4,1,0,,nan,0,path_adjacency,0,0,0,waxman,medium,0,113.24
11,deepseek,main_t0.5,0.5,A,F5,1,0,,nan,1,parse_error,0,0,0,waxman,medium,0,146.79
120,deepseek,main_t0.5,0.5,A,F1,1,1,662,nan,0,none,102,560,7,erdos_renyi,medium,0,32.94
120,deepseek,main_t0.5,0.5,A,F2,1,1,662,nan,0,none,102,560,7,erdos_renyi,medium,0,40.99
120,deepseek,main_t0.5,0.5,A,F3,1,1,662,nan,0,none,102,560,7,erdos_renyi,medium,0,56.01
120,deepseek,main_t0.5,0.5,A,F4,1,1,662,nan,0,none,102,560,7,erdos_renyi,medium,0,44.57
120,deepseek,main_t0.5,0.5,A,F5,1,0,,nan,0,path_adjacency,0,0,0,erdos_renyi,medium,0,42.03
12,deepseek,main_t0.5,0.5,A,F1,1,1,320,-70.0374531835206,0,none,82,238,7,waxman,large,0,127.61
12,deepseek,main_t0.5,0.5,A,F2,1,1,218,-79.5880149812734,0,none,82,136,4,waxman,large,0,136.98
12,deepseek,main_t0.5,0.5,A,F3,1,1,320,-70.0374531835206,0,none,82,238,7,waxman,large,0,25.24
12,deepseek,main_t0.5,0.5,A,F4,1,1,320,-70.0374531835206,0,none,82,238,7,waxman,large,0,49.92
12,deepseek,main_t0.5,0.5,A,F5,1,1,320,-70.0374531835206,0,none,82,238,7,waxman,large,0,100.36
13,deepseek,main_t0.5,0.5,A,F1,1,1,673,-62.04173716864072,0,none,123,550,10,waxman,small,0,103.65
13,deepseek,main_t0.5,0.5,A,F2,1,1,673,-62.04173716864072,0,none,123,550,10,waxman,small,0,78.89
13,deepseek,main_t0.5,0.5,A,F3,1,0,,nan,1,parse_error,0,0,0,waxman,small,0,140.67
13,deepseek,main_t0.5,0.5,A,F4,1,1,563,-68.24591088550478,0,none,123,440,8,waxman,small,0,83.86
13,deepseek,main_t0.5,0.5,A,F5,1,0,,nan,1,parse_error,0,0,0,waxman,small,0,142.21
14,deepseek,main_t0.5,0.5,A,F1,1,0,,nan,0,path_adjacency,0,0,0,erdos_renyi,large,0,30.78
14,deepseek,main_t0.5,0.5,A,F2,1,0,,nan,0,path_adjacency,0,0,0,erdos_renyi,large,0,61.48
14,deepseek,main_t0.5,0.5,A,F3,1,1,628,-37.57455268389662,0,none,124,504,8,erdos_renyi,large,0,39.95
14,deepseek,main_t0.5,0.5,A,F4,1,1,628,-37.57455268389662,0,none,124,504,8,erdos_renyi,large,0,47.14
14,deepseek,main_t0.5,0.5,A,F5,1,1,628,-37.57455268389662,0,none,124,504,8,erdos_renyi,large,0,50.88
15,deepseek,main_t0.5,0.5,A,F1,1,1,1066,nan,0,none,117,949,13,waxman,large,0,106.95
15,deepseek,main_t0.5,0.5,A,F2,1,0,,nan,1,parse_error,0,0,0,waxman,large,0,143.69
15,deepseek,main_t0.5,0.5,A,F3,1,0,,nan,1,parse_error,0,0,0,waxman,large,0,142.59
15,deepseek,main_t0.5,0.5,A,F4,1,0,,nan,1,parse_error,0,0,0,waxman,large,0,149.78
15,deepseek,main_t0.5,0.5,A,F5,1,1,1066,nan,0,none,117,949,13,waxman,large,0,63.66
16,deepseek,main_t0.5,0.5,A,F1,1,1,316,nan,0,none,148,168,7,erdos_renyi,large,0,40.72
16,deepseek,main_t0.5,0.5,A,F2,1,0,,nan,0,path_adjacency,0,0,0,erdos_renyi,large,0,69.23
16,deepseek,main_t0.5,0.5,A,F3,1,0,,nan,0,path_adjacency,0,0,0,erdos_renyi,large,0,60.59
16,deepseek,main_t0.5,0.5,A,F4,1,1,316,nan,0,none,148,168,7,erdos_renyi,large,0,34.98
16,deepseek,main_t0.5,0.5,A,F5,1,0,,nan,0,path_adjacency,0,0,0,erdos_renyi,large,0,29.61
17,deepseek,main_t0.5,0.5,A,F1,1,1,413,-39.353891336270195,0,none,78,335,5,erdos_renyi,medium,0,36.88
17,deepseek,main_t0.5,0.5,A,F2,1,0,,nan,0,path_adjacency,0,0,0,erdos_renyi,medium,0,78.12
17,deepseek,main_t0.5,0.5,A,F3,1,1,413,-39.353891336270195,0,none,78,335,5,erdos_renyi,medium,0,38.0
17,deepseek,main_t0.5,0.5,A,F4,1,1,413,-39.353891336270195,0,none,78,335,5,erdos_renyi,medium,0,32.79
17,deepseek,main_t0.5,0.5,A,F5,1,1,413,-39.353891336270195,0,none,78,335,5,erdos_renyi,medium,0,29.01
18,deepseek,main_t0.5,0.5,A,F1,1,1,425,-39.71631205673759,0,none,75,350,5,erdos_renyi,small,0,30.58
18,deepseek,main_t0.5,0.5,A,F2,1,1,425,-39.71631205673759,0,none,75,350,5,erdos_renyi,small,0,50.85
18,deepseek,main_t0.5,0.5,A,F3,1,1,425,-39.71631205673759,0,none,75,350,5,erdos_renyi,small,0,48.19
18,deepseek,main_t0.5,0.5,A,F4,1,0,,nan,0,path_adjacency,0,0,0,erdos_renyi,small,0,25.69
18,deepseek,main_t0.5,0.5,A,F5,1,0,,nan,0,path_adjacency,0,0,0,erdos_renyi,small,0,47.38
19,deepseek,main_t0.5,0.5,A,F1,1,1,459,-73.01587301587301,0,none,162,297,11,waxman,medium,0,79.65
19,deepseek,main_t0.5,0.5,A,F2,1,0,,nan,1,parse_error,0,0,0,waxman,medium,0,149.58
19,deepseek,main_t0.5,0.5,A,F3,1,1,459,-73.01587301587301,0,none,162,297,11,waxman,medium,0,140.93
19,deepseek,main_t0.5,0.5,A,F4,1,0,,nan,1,parse_error,0,0,0,waxman,medium,0,148.02
19,deepseek,main_t0.5,0.5,A,F5,1,0,,nan,0,path_adjacency,0,0,0,waxman,medium,0,93.18
1,deepseek,main_t0.5,0.5,A,F1,1,0,,nan,0,path_adjacency,0,0,0,barabasi_albert,medium,0,33.22
1,deepseek,main_t0.5,0.5,A,F2,1,0,,nan,0,path_adjacency,0,0,0,barabasi_albert,medium,0,70.12
1,deepseek,main_t0.5,0.5,A,F3,1,0,,nan,0,path_adjacency,0,0,0,barabasi_albert,medium,0,37.7
1,deepseek,main_t0.5,0.5,A,F4,1,1,384,-43.859649122807014,0,none,144,240,8,barabasi_albert,medium,0,21.54
1,deepseek,main_t0.5,0.5,A,F5,1,1,384,-43.859649122807014,0,none,144,240,8,barabasi_albert,medium,0,38.33
20,deepseek,main_t0.5,0.5,A,F1,1,1,288,-22.58064516129032,0,none,78,210,5,erdos_renyi,small,0,32.42
20,deepseek,main_t0.5,0.5,A,F2,1,0,,nan,0,path_adjacency,0,0,0,erdos_renyi,small,0,44.22
20,deepseek,main_t0.5,0.5,A,F3,1,0,,nan,0,path_adjacency,0,0,0,erdos_renyi,small,0,45.79
20,deepseek,main_t0.5,0.5,A,F4,1,1,288,-22.58064516129032,0,none,78,210,5,erdos_renyi,small,0,36.83
20,deepseek,main_t0.5,0.5,A,F5,1,1,288,-22.58064516129032,0,none,78,210,5,erdos_renyi,small,0,36.9
21,deepseek,main_t0.5,0.5,A,F1,1,1,1025,nan,0,none,101,924,14,waxman,large,0,45.18
21,deepseek,main_t0.5,0.5,A,F2,1,1,1025,nan,0,none,101,924,14,waxman,large,0,79.35
21,deepseek,main_t0.5,0.5,A,F3,1,0,,nan,1,parse_error,0,0,0,waxman,large,0,142.15
21,deepseek,main_t0.5,0.5,A,F4,1,0,,nan,1,parse_error,0,0,0,waxman,large,0,136.55
21,deepseek,main_t0.5,0.5,A,F5,1,0,,nan,0,path_adjacency,0,0,0,waxman,large,0,137.4
22,deepseek,main_t0.5,0.5,A,F1,1,1,570,-40.0,0,none,114,456,6,barabasi_albert,small,0,47.33
22,deepseek,main_t0.5,0.5,A,F2,1,0,,nan,0,path_adjacency,0,0,0,barabasi_albert,small,0,65.21
22,deepseek,main_t0.5,0.5,A,F3,1,1,570,-40.0,0,none,114,456,6,barabasi_albert,small,0,41.1
22,deepseek,main_t0.5,0.5,A,F4,1,1,570,-40.0,0,none,114,456,6,barabasi_albert,small,0,28.43
22,deepseek,main_t0.5,0.5,A,F5,1,1,570,-40.0,0,none,114,456,6,barabasi_albert,small,0,42.99
23,deepseek,main_t0.5,0.5,A,F1,1,1,426,-83.46273291925466,0,none,125,301,7,waxman,large,0,33.55
23,deepseek,main_t0.5,0.5,A,F2,1,1,426,-83.46273291925466,0,none,125,301,7,waxman,large,0,30.72
23,deepseek,main_t0.5,0.5,A,F3,1,1,426,-83.46273291925466,0,none,125,301,7,waxman,large,0,45.37
23,deepseek,main_t0.5,0.5,A,F4,1,1,426,-83.46273291925466,0,none,125,301,7,waxman,large,0,22.38
23,deepseek,main_t0.5,0.5,A,F5,1,0,,nan,0,path_adjacency,0,0,0,waxman,large,0,47.21
24,deepseek,main_t0.5,0.5,A,F1,1,0,,nan,1,parse_error,0,0,0,waxman,medium,0,150.91
24,deepseek,main_t0.5,0.5,A,F2,1,1,711,nan,0,none,91,620,10,waxman,medium,0,112.13
24,deepseek,main_t0.5,0.5,A,F3,1,1,711,nan,0,none,91,620,10,waxman,medium,0,88.81
24,deepseek,main_t0.5,0.5,A,F4,1,1,711,nan,0,none,91,620,10,waxman,medium,0,111.84
24,deepseek,main_t0.5,0.5,A,F5,1,1,711,nan,0,none,91,620,10,waxman,medium,0,73.91
25,deepseek,main_t0.5,0.5,A,F1,1,1,779,nan,0,none,167,612,9,waxman,medium,0,86.43
25,deepseek,main_t0.5,0.5,A,F2,1,1,1051,nan,0,none,167,884,13,waxman,medium,0,126.73
25,deepseek,main_t0.5,0.5,A,F3,1,0,,nan,1,parse_error,0,0,0,waxman,medium,0,132.78
25,deepseek,main_t0.5,0.5,A,F4,1,0,,nan,1,parse_error,0,0,0,waxman,medium,0,138.83
25,deepseek,main_t0.5,0.5,A,F5,1,0,,nan,1,parse_error,0,0,0,waxman,medium,0,133.07
26,deepseek,main_t0.5,0.5,A,F1,1,0,,nan,1,parse_error,0,0,0,waxman,medium,0,158.39
26,deepseek,main_t0.5,0.5,A,F2,1,0,,nan,0,path_adjacency,0,0,0,waxman,medium,0,69.63
26,deepseek,main_t0.5,0.5,A,F3,1,0,,nan,0,path_adjacency,0,0,0,waxman,medium,0,97.6
26,deepseek,main_t0.5,0.5,A,F4,1,1,624,-75.47169811320755,0,none,144,480,6,waxman,medium,0,66.6
26,deepseek,main_t0.5,0.5,A,F5,1,0,,nan,0,path_adjacency,0,0,0,waxman,medium,0,133.03
27,deepseek,main_t0.5,0.5,A,F1,1,1,171,-34.98098859315589,0,none,56,115,5,erdos_renyi,large,0,21.45
27,deepseek,main_t0.5,0.5,A,F2,1,1,171,-34.98098859315589,0,none,56,115,5,erdos_renyi,large,0,37.17
27,deepseek,main_t0.5,0.5,A,F3,1,0,,nan,0,path_adjacency,0,0,0,erdos_renyi,large,0,25.77
27,deepseek,main_t0.5,0.5,A,F4,1,1,171,-34.98098859315589,0,none,56,115,5,erdos_renyi,large,0,23.92
27,deepseek,main_t0.5,0.5,A,F5,1,1,171,-34.98098859315589,0,none,56,115,5,erdos_renyi,large,0,49.14
28,deepseek,main_t0.5,0.5,A,F1,1,1,443,-68.46975088967972,0,none,110,333,9,waxman,small,0,87.96
28,deepseek,main_t0.5,0.5,A,F2,1,0,,nan,1,parse_error,0,0,0,waxman,small,0,145.29
28,deepseek,main_t0.5,0.5,A,F3,1,1,443,-68.46975088967972,0,none,110,333,9,waxman,small,0,47.5
28,deepseek,main_t0.5,0.5,A,F4,1,1,665,-52.66903914590747,0,none,110,555,15,waxman,small,0,65.28
28,deepseek,main_t0.5,0.5,A,F5,1,0,,nan,1,parse_error,0,0,0,waxman,small,0,152.13
29,deepseek,main_t0.5,0.5,A,F1,1,1,493,-75.75012297097885,0,none,73,420,6,waxman,small,0,107.77
29,deepseek,main_t0.5,0.5,A,F2,1,1,493,-75.75012297097885,0,none,73,420,6,waxman,small,0,34.43
29,deepseek,main_t0.5,0.5,A,F3,1,1,493,-75.75012297097885,0,none,73,420,6,waxman,small,0,30.23
29,deepseek,main_t0.5,0.5,A,F4,1,1,493,-75.75012297097885,0,none,73,420,6,waxman,small,0,32.06
29,deepseek,main_t0.5,0.5,A,F5,1,1,493,-75.75012297097885,0,none,73,420,6,waxman,small,0,39.88
2,deepseek,main_t0.5,0.5,A,F1,1,1,304,-38.33671399594321,0,none,136,168,8,barabasi_albert,medium,0,42.26
2,deepseek,main_t0.5,0.5,A,F2,1,1,283,-42.59634888438134,0,none,136,147,7,barabasi_albert,medium,0,67.25
2,deepseek,main_t0.5,0.5,A,F3,1,0,,nan,0,path_adjacency,0,0,0,barabasi_albert,medium,0,25.35
2,deepseek,main_t0.5,0.5,A,F4,1,0,,nan,0,path_adjacency,0,0,0,barabasi_albert,medium,0,58.14
2,deepseek,main_t0.5,0.5,A,F5,1,1,283,-42.59634888438134,0,none,136,147,7,barabasi_albert,medium,0,35.19
30,deepseek,main_t0.5,0.5,A,F1,1,0,,nan,0,path_adjacency,0,0,0,waxman,medium,0,91.75
30,deepseek,main_t0.5,0.5,A,F2,1,1,909,186.75078864353313,0,none,95,814,11,waxman,medium,0,104.12
30,deepseek,main_t0.5,0.5,A,F3,1,0,,nan,0,path_adjacency,0,0,0,waxman,medium,0,113.49
30,deepseek,main_t0.5,0.5,A,F4,1,1,613,93.37539432176656,0,none,95,518,7,waxman,medium,0,76.33
30,deepseek,main_t0.5,0.5,A,F5,1,0,,nan,0,path_adjacency,0,0,0,waxman,medium,0,102.29
31,deepseek,main_t0.5,0.5,A,F1,1,0,,nan,1,parse_error,0,0,0,waxman,large,0,142.29
31,deepseek,main_t0.5,0.5,A,F2,1,0,,nan,1,parse_error,0,0,0,waxman,large,0,139.86
31,deepseek,main_t0.5,0.5,A,F3,1,1,492,nan,0,none,172,320,10,waxman,large,0,128.02
31,deepseek,main_t0.5,0.5,A,F4,1,1,492,nan,0,none,172,320,10,waxman,large,0,57.0
31,deepseek,main_t0.5,0.5,A,F5,1,0,,nan,1,parse_error,0,0,0,waxman,large,0,129.6
32,deepseek,main_t0.5,0.5,A,F1,1,0,,nan,0,path_adjacency,0,0,0,barabasi_albert,large,0,59.05
32,deepseek,main_t0.5,0.5,A,F2,1,0,,nan,0,path_adjacency,0,0,0,barabasi_albert,large,0,55.11
32,deepseek,main_t0.5,0.5,A,F3,1,1,616,-49.34210526315789,0,none,136,480,8,barabasi_albert,large,0,51.37
32,deepseek,main_t0.5,0.5,A,F4,1,1,616,-49.34210526315789,0,none,136,480,8,barabasi_albert,large,0,52.73
32,deepseek,main_t0.5,0.5,A,F5,1,0,,nan,0,path_adjacency,0,0,0,barabasi_albert,large,0,58.85
33,deepseek,main_t0.5,0.5,A,F1,1,1,322,-52.083333333333336,0,none,112,210,6,barabasi_albert,large,0,44.72
33,deepseek,main_t0.5,0.5,A,F2,1,1,322,-52.083333333333336,0,none,112,210,6,barabasi_albert,large,0,73.74
33,deepseek,main_t0.5,0.5,A,F3,1,0,,nan,0,path_adjacency,0,0,0,barabasi_albert,large,0,51.0
33,deepseek,main_t0.5,0.5,A,F4,1,1,322,-52.083333333333336,0,none,112,210,6,barabasi_albert,large,0,51.34
33,deepseek,main_t0.5,0.5,A,F5,1,0,,nan,0,path_adjacency,0,0,0,barabasi_albert,large,0,40.74
34,deepseek,main_t0.5,0.5,A,F1,1,1,964,nan,0,none,161,803,11,waxman,small,0,112.93
34,deepseek,main_t0.5,0.5,A,F2,1,0,,nan,1,parse_error,0,0,0,waxman,small,0,140.95
34,deepseek,main_t0.5,0.5,A,F3,1,0,,nan,0,path_adjacency,0,0,0,waxman,small,0,154.18
34,deepseek,main_t0.5,0.5,A,F4,1,1,1110,nan,0,none,161,949,13,waxman,small,0,99.96
34,deepseek,main_t0.5,0.5,A,F5,1,0,,nan,0,path_adjacency,0,0,0,waxman,small,0,109.22
35,deepseek,main_t0.5,0.5,A,F1,1,0,,nan,0,path_adjacency,0,0,0,erdos_renyi,small,0,24.39
35,deepseek,main_t0.5,0.5,A,F2,1,0,,nan,0,path_adjacency,0,0,0,erdos_renyi,small,0,30.14
35,deepseek,main_t0.5,0.5,A,F3,1,0,,nan,0,path_adjacency,0,0,0,erdos_renyi,small,0,30.88
35,deepseek,main_t0.5,0.5,A,F4,1,1,372,nan,0,none,97,275,5,erdos_renyi,small,0,32.59
35,deepseek,main_t0.5,0.5,A,F5,1,0,,nan,0,path_adjacency,0,0,0,erdos_renyi,small,0,40.5
36,deepseek,main_t0.5,0.5,A,F1,1,1,603,-54.421768707483,0,none,93,510,17,waxman,large,0,43.59
36,deepseek,main_t0.5,0.5,A,F2,1,1,603,-54.421768707483,0,none,93,510,17,waxman,large,0,74.59
36,deepseek,main_t0.5,0.5,A,F3,1,1,603,-54.421768707483,0,none,93,510,17,waxman,large,0,66.26
36,deepseek,main_t0.5,0.5,A,F4,1,1,603,-54.421768707483,0,none,93,510,17,waxman,large,0,80.11
36,deepseek,main_t0.5,0.5,A,F5,1,1,603,-54.421768707483,0,none,93,510,17,waxman,large,0,48.53
37,deepseek,main_t0.5,0.5,A,F1,1,1,291,-30.878859857482183,0,none,109,182,7,erdos_renyi,medium,0,37.44
37,deepseek,main_t0.5,0.5,A,F2,1,1,291,-30.878859857482183,0,none,109,182,7,erdos_renyi,medium,0,50.73
37,deepseek,main_t0.5,0.5,A,F3,1,0,,nan,0,path_adjacency,0,0,0,erdos_renyi,medium,0,57.1
37,deepseek,main_t0.5,0.5,A,F4,1,1,291,-30.878859857482183,0,none,109,182,7,erdos_renyi,medium,0,47.72
37,deepseek,main_t0.5,0.5,A,F5,1,1,291,-30.878859857482183,0,none,109,182,7,erdos_renyi,medium,0,43.39
38,deepseek,main_t0.5,0.5,A,F1,1,1,473,nan,0,none,102,371,7,barabasi_albert,small,0,28.45
38,deepseek,main_t0.5,0.5,A,F2,1,0,,nan,0,path_adjacency,0,0,0,barabasi_albert,small,0,30.94
38,deepseek,main_t0.5,0.5,A,F3,1,1,473,nan,0,none,102,371,7,barabasi_albert,small,0,26.56
38,deepseek,main_t0.5,0.5,A,F4,1,0,,nan,0,path_adjacency,0,0,0,barabasi_albert,small,0,39.41
38,deepseek,main_t0.5,0.5,A,F5,1,0,,nan,0,path_adjacency,0,0,0,barabasi_albert,small,0,52.48
39,deepseek,main_t0.5,0.5,A,F1,1,1,470,-50.21186440677966,0,none,75,395,5,barabasi_albert,small,0,38.51
39,deepseek,main_t0.5,0.5,A,F2,1,1,470,-50.21186440677966,0,none,75,395,5,barabasi_albert,small,0,41.74
39,deepseek,main_t0.5,0.5,A,F3,1,0,,nan,0,path_adjacency,0,0,0,barabasi_albert,small,0,84.93
39,deepseek,main_t0.5,0.5,A,F4,1,0,,nan,0,path_adjacency,0,0,0,barabasi_albert,small,0,44.05
39,deepseek,main_t0.5,0.5,A,F5,1,1,470,-50.21186440677966,0,none,75,395,5,barabasi_albert,small,0,34.42
3,deepseek,main_t0.5,0.5,A,F1,1,1,300,-22.68041237113402,0,none,124,176,8,erdos_renyi,large,0,36.58
3,deepseek,main_t0.5,0.5,A,F2,1,1,300,-22.68041237113402,0,none,124,176,8,erdos_renyi,large,0,76.02
3,deepseek,main_t0.5,0.5,A,F3,1,1,300,-22.68041237113402,0,none,124,176,8,erdos_renyi,large,0,78.44
3,deepseek,main_t0.5,0.5,A,F4,1,1,300,-22.68041237113402,0,none,124,176,8,erdos_renyi,large,0,66.13
3,deepseek,main_t0.5,0.5,A,F5,1,0,,nan,0,path_adjacency,0,0,0,erdos_renyi,large,0,45.2
40,deepseek,main_t0.5,0.5,A,F1,1,0,,nan,0,path_adjacency,0,0,0,waxman,large,0,62.66
40,deepseek,main_t0.5,0.5,A,F2,1,0,,nan,1,parse_error,0,0,0,waxman,large,0,102.05
40,deepseek,main_t0.5,0.5,A,F3,1,1,313,-74.25986842105263,0,none,145,168,8,waxman,large,0,60.48
40,deepseek,main_t0.5,0.5,A,F4,1,1,355,-70.80592105263158,0,none,145,210,10,waxman,large,0,46.37
40,deepseek,main_t0.5,0.5,A,F5,1,1,313,-74.25986842105263,0,none,145,168,8,waxman,large,0,133.31
41,deepseek,main_t0.5,0.5,A,F1,1,0,,nan,0,path_adjacency,0,0,0,waxman,medium,0,159.12
41,deepseek,main_t0.5,0.5,A,F2,1,0,,nan,0,path_adjacency,0,0,0,waxman,medium,0,159.18
41,deepseek,main_t0.5,0.5,A,F3,1,1,399,-63.561643835616444,0,none,80,319,11,waxman,medium,0,109.81
41,deepseek,main_t0.5,0.5,A,F4,1,0,,nan,0,path_adjacency,0,0,0,waxman,medium,0,136.17
41,deepseek,main_t0.5,0.5,A,F5,1,1,399,-63.561643835616444,0,none,80,319,11,waxman,medium,0,105.83
42,deepseek,main_t0.5,0.5,A,F1,1,0,,nan,0,path_adjacency,0,0,0,erdos_renyi,small,0,30.91
42,deepseek,main_t0.5,0.5,A,F2,1,1,559,-47.014218009478675,0,none,125,434,7,erdos_renyi,small,0,32.67
42,deepseek,main_t0.5,0.5,A,F3,1,1,559,-47.014218009478675,0,none,125,434,7,erdos_renyi,small,0,41.53
42,deepseek,main_t0.5,0.5,A,F4,1,1,559,-47.014218009478675,0,none,125,434,7,erdos_renyi,small,0,31.41
42,deepseek,main_t0.5,0.5,A,F5,1,1,559,-47.014218009478675,0,none,125,434,7,erdos_renyi,small,0,35.19
43,deepseek,main_t0.5,0.5,A,F1,1,1,434,nan,0,none,130,304,8,erdos_renyi,small,0,42.98
43,deepseek,main_t0.5,0.5,A,F2,1,1,434,nan,0,none,130,304,8,erdos_renyi,small,0,48.47
43,deepseek,main_t0.5,0.5,A,F3,1,0,,nan,0,path_adjacency,0,0,0,erdos_renyi,small,0,40.05
43,deepseek,main_t0.5,0.5,A,F4,1,0,,nan,0,path_adjacency,0,0,0,erdos_renyi,small,0,45.17
43,deepseek,main_t0.5,0.5,A,F5,1,1,434,nan,0,none,130,304,8,erdos_renyi,small,0,37.54
44,deepseek,main_t0.5,0.5,A,F1,1,0,,nan,0,path_adjacency,0,0,0,waxman,small,0,92.77
44,deepseek,main_t0.5,0.5,A,F2,1,1,844,nan,0,none,174,670,10,waxman,small,0,85.37
44,deepseek,main_t0.5,0.5,A,F3,1,1,844,nan,0,none,174,670,10,waxman,small,0,42.71
44,deepseek,main_t0.5,0.5,A,F4,1,1,844,nan,0,none,174,670,10,waxman,small,0,126.86
44,deepseek,main_t0.5,0.5,A,F5,1,1,844,nan,0,none,174,670,10,waxman,small,0,90.22
45,deepseek,main_t0.5,0.5,A,F1,1,0,,nan,0,path_adjacency,0,0,0,barabasi_albert,medium,0,49.42
45,deepseek,main_t0.5,0.5,A,F2,1,1,206,-20.76923076923077,0,none,71,135,5,barabasi_albert,medium,0,58.76
45,deepseek,main_t0.5,0.5,A,F3,1,1,206,-20.76923076923077,0,none,71,135,5,barabasi_albert,medium,0,60.74
45,deepseek,main_t0.5,0.5,A,F4,1,1,206,-20.76923076923077,0,none,71,135,5,barabasi_albert,medium,0,31.68
45,deepseek,main_t0.5,0.5,A,F5,1,0,,nan,0,path_adjacency,0,0,0,barabasi_albert,medium,0,53.49
46,deepseek,main_t0.5,0.5,A,F1,1,0,,nan,1,parse_error,0,0,0,waxman,medium,0,155.84
46,deepseek,main_t0.5,0.5,A,F2,1,0,,nan,1,parse_error,0,0,0,waxman,medium,0,160.36
46,deepseek,main_t0.5,0.5,A,F3,1,0,,nan,0,path_adjacency,0,0,0,waxman,medium,0,156.67
46,deepseek,main_t0.5,0.5,A,F4,1,0,,nan,0,path_adjacency,0,0,0,waxman,medium,0,125.38
46,deepseek,main_t0.5,0.5,A,F5,1,1,488,-51.96850393700787,0,none,158,330,15,waxman,medium,0,123.46
47,deepseek,main_t0.5,0.5,A,F1,1,0,,nan,0,path_adjacency,0,0,0,waxman,large,0,66.06
47,deepseek,main_t0.5,0.5,A,F2,1,0,,nan,0,path_adjacency,0,0,0,waxman,large,0,32.51
47,deepseek,main_t0.5,0.5,A,F3,1,1,612,nan,0,none,108,504,8,waxman,large,0,56.88
47,deepseek,main_t0.5,0.5,A,F4,1,1,612,nan,0,none,108,504,8,waxman,large,0,68.64
47,deepseek,main_t0.5,0.5,A,F5,1,1,612,nan,0,none,108,504,8,waxman,large,0,40.26
48,deepseek,main_t0.5,0.5,A,F1,1,0,,nan,1,parse_error,0,0,0,waxman,medium,0,139.24
48,deepseek,main_t0.5,0.5,A,F2,1,0,,nan,0,path_adjacency,0,0,0,waxman,medium,0,146.38
48,deepseek,main_t0.5,0.5,A,F3,1,0,,nan,1,parse_error,0,0,0,waxman,medium,0,135.43
48,deepseek,main_t0.5,0.5,A,F4,1,0,,nan,1,parse_error,0,0,0,waxman,medium,0,145.34
48,deepseek,main_t0.5,0.5,A,F5,1,1,961,-62.47559547051933,0,none,111,850,17,waxman,medium,0,112.13
49,deepseek,main_t0.5,0.5,A,F1,1,1,334,-75.40500736377025,0,none,78,256,8,waxman,medium,0,137.66
49,deepseek,main_t0.5,0.5,A,F2,1,1,206,-84.83063328424153,0,none,78,128,4,waxman,medium,0,64.22
49,deepseek,main_t0.5,0.5,A,F3,1,1,334,-75.40500736377025,0,none,78,256,8,waxman,medium,0,138.11
49,deepseek,main_t0.5,0.5,A,F4,1,0,,nan,1,parse_error,0,0,0,waxman,medium,0,47.8
49,deepseek,main_t0.5,0.5,A,F5,1,0,,nan,1,parse_error,0,0,0,waxman,medium,0,144.47
4,deepseek,main_t0.5,0.5,A,F1,1,1,612,-30.612244897959183,0,none,126,486,9,barabasi_albert,small,0,41.54
4,deepseek,main_t0.5,0.5,A,F2,1,1,504,-42.857142857142854,0,none,126,378,7,barabasi_albert,small,0,54.47
4,deepseek,main_t0.5,0.5,A,F3,1,1,504,-42.857142857142854,0,none,126,378,7,barabasi_albert,small,0,67.62
4,deepseek,main_t0.5,0.5,A,F4,1,1,504,-42.857142857142854,0,none,126,378,7,barabasi_albert,small,0,44.93
4,deepseek,main_t0.5,0.5,A,F5,1,1,504,-42.857142857142854,0,none,126,378,7,barabasi_albert,small,0,47.64
50,deepseek,main_t0.5,0.5,A,F1,1,0,,nan,0,path_adjacency,0,0,0,erdos_renyi,medium,0,31.12
50,deepseek,main_t0.5,0.5,A,F2,1,1,499,-21.169036334913113,0,none,97,402,6,erdos_renyi,medium,0,93.65
50,deepseek,main_t0.5,0.5,A,F3,1,1,499,-21.169036334913113,0,none,97,402,6,erdos_renyi,medium,0,26.35
50,deepseek,main_t0.5,0.5,A,F4,1,1,499,-21.169036334913113,0,none,97,402,6,erdos_renyi,medium,0,42.33
50,deepseek,main_t0.5,0.5,A,F5,1,1,499,-21.169036334913113,0,none,97,402,6,erdos_renyi,medium,0,42.89
51,deepseek,main_t0.5,0.5,A,F1,1,0,,nan,0,path_adjacency,0,0,0,waxman,large,0,19.52
51,deepseek,main_t0.5,0.5,A,F2,1,1,312,-78.51239669421489,0,none,102,210,7,waxman,large,0,26.76
51,deepseek,main_t0.5,0.5,A,F3,1,1,312,-78.51239669421489,0,none,102,210,7,waxman,large,0,35.27
51,deepseek,main_t0.5,0.5,A,F4,1,0,,nan,0,path_adjacency,0,0,0,waxman,large,0,31.4
51,deepseek,main_t0.5,0.5,A,F5,1,0,,nan,0,path_adjacency,0,0,0,waxman,large,0,29.31
52,deepseek,main_t0.5,0.5,A,F1,1,0,,nan,0,path_adjacency,0,0,0,erdos_renyi,medium,0,34.36
52,deepseek,main_t0.5,0.5,A,F2,1,1,309,-23.325062034739457,0,none,74,235,5,erdos_renyi,medium,0,44.88
52,deepseek,main_t0.5,0.5,A,F3,1,0,,nan,0,path_adjacency,0,0,0,erdos_renyi,medium,0,17.32
52,deepseek,main_t0.5,0.5,A,F4,1,1,309,-23.325062034739457,0,none,74,235,5,erdos_renyi,medium,0,29.46
52,deepseek,main_t0.5,0.5,A,F5,1,1,309,-23.325062034739457,0,none,74,235,5,erdos_renyi,medium,0,20.24
53,deepseek,main_t0.5,0.5,A,F1,1,0,,nan,0,path_adjacency,0,0,0,barabasi_albert,medium,0,25.4
53,deepseek,main_t0.5,0.5,A,F2,1,0,,nan,0,path_adjacency,0,0,0,barabasi_albert,medium,0,33.84
53,deepseek,main_t0.5,0.5,A,F3,1,0,,nan,0,path_adjacency,0,0,0,barabasi_albert,medium,0,49.48
53,deepseek,main_t0.5,0.5,A,F4,1,0,,nan,0,path_adjacency,0,0,0,barabasi_albert,medium,0,20.4
53,deepseek,main_t0.5,0.5,A,F5,1,1,372,-44.22788605697151,0,none,77,295,5,barabasi_albert,medium,0,41.73
54,deepseek,main_t0.5,0.5,A,F1,1,0,,nan,0,path_adjacency,0,0,0,barabasi_albert,small,0,38.22
54,deepseek,main_t0.5,0.5,A,F2,1,1,238,-23.961661341853034,0,none,88,150,6,barabasi_albert,small,0,54.32
54,deepseek,main_t0.5,0.5,A,F3,1,1,238,-23.961661341853034,0,none,88,150,6,barabasi_albert,small,0,34.2
54,deepseek,main_t0.5,0.5,A,F4,1,1,238,-23.961661341853034,0,none,88,150,6,barabasi_albert,small,0,32.69
54,deepseek,main_t0.5,0.5,A,F5,1,1,238,-23.961661341853034,0,none,88,150,6,barabasi_albert,small,0,32.41
55,deepseek,main_t0.5,0.5,A,F1,1,1,361,nan,0,none,81,280,5,barabasi_albert,small,0,49.31
55,deepseek,main_t0.5,0.5,A,F2,1,1,361,nan,0,none,81,280,5,barabasi_albert,small,0,30.63
55,deepseek,main_t0.5,0.5,A,F3,1,0,,nan,0,path_adjacency,0,0,0,barabasi_albert,small,0,33.27
55,deepseek,main_t0.5,0.5,A,F4,1,1,361,nan,0,none,81,280,5,barabasi_albert,small,0,25.27
55,deepseek,main_t0.5,0.5,A,F5,1,0,,nan,0,path_adjacency,0,0,0,barabasi_albert,small,0,101.86
56,deepseek,main_t0.5,0.5,A,F1,1,1,376,-46.3623395149786,0,none,126,250,10,waxman,medium,0,150.7
56,deepseek,main_t0.5,0.5,A,F2,1,0,,nan,0,path_adjacency,0,0,0,waxman,medium,0,104.49
56,deepseek,main_t0.5,0.5,A,F3,1,0,,nan,0,path_adjacency,0,0,0,waxman,medium,0,105.41
56,deepseek,main_t0.5,0.5,A,F4,1,1,251,-64.19400855920114,0,none,126,125,5,waxman,medium,0,64.11
56,deepseek,main_t0.5,0.5,A,F5,1,0,,nan,0,path_adjacency,0,0,0,waxman,medium,0,157.35
57,deepseek,main_t0.5,0.5,A,F1,1,1,869,nan,0,none,158,711,9,barabasi_albert,medium,0,57.4
57,deepseek,main_t0.5,0.5,A,F2,1,1,869,nan,0,none,158,711,9,barabasi_albert,medium,0,86.03
57,deepseek,main_t0.5,0.5,A,F3,1,1,869,nan,0,none,158,711,9,barabasi_albert,medium,0,50.64
57,deepseek,main_t0.5,0.5,A,F4,1,1,869,nan,0,none,158,711,9,barabasi_albert,medium,0,64.69
57,deepseek,main_t0.5,0.5,A,F5,1,1,869,nan,0,none,158,711,9,barabasi_albert,medium,0,92.65
58,deepseek,main_t0.5,0.5,A,F1,1,0,,nan,0,path_adjacency,0,0,0,erdos_renyi,small,0,67.23
58,deepseek,main_t0.5,0.5,A,F2,1,0,,nan,0,path_adjacency,0,0,0,erdos_renyi,small,0,45.96
58,deepseek,main_t0.5,0.5,A,F3,1,0,,nan,0,path_adjacency,0,0,0,erdos_renyi,small,0,60.99
58,deepseek,main_t0.5,0.5,A,F4,1,0,,nan,0,path_adjacency,0,0,0,erdos_renyi,small,0,38.52
58,deepseek,main_t0.5,0.5,A,F5,1,1,385,-23.0,0,none,178,207,9,erdos_renyi,small,0,34.37
59,deepseek,main_t0.5,0.5,A,F1,1,1,708,-40.4040404040404,0,none,148,560,7,barabasi_albert,medium,0,59.09
59,deepseek,main_t0.5,0.5,A,F2,1,1,708,-40.4040404040404,0,none,148,560,7,barabasi_albert,medium,0,45.47
59,deepseek,main_t0.5,0.5,A,F3,1,1,708,-40.4040404040404,0,none,148,560,7,barabasi_albert,medium,0,57.01
59,deepseek,main_t0.5,0.5,A,F4,1,0,,nan,0,path_adjacency,0,0,0,barabasi_albert,medium,0,30.17
59,deepseek,main_t0.5,0.5,A,F5,1,1,708,-40.4040404040404,0,none,148,560,7,barabasi_albert,medium,0,60.07
5,deepseek,main_t0.5,0.5,A,F1,1,1,162,-76.24633431085044,0,none,82,80,4,waxman,medium,0,80.19
5,deepseek,main_t0.5,0.5,A,F2,1,1,202,-70.38123167155426,0,none,82,120,6,waxman,medium,0,63.51
5,deepseek,main_t0.5,0.5,A,F3,1,1,162,-76.24633431085044,0,none,82,80,4,waxman,medium,0,73.6
5,deepseek,main_t0.5,0.5,A,F4,1,0,,nan,0,path_adjacency,0,0,0,waxman,medium,0,89.92
5,deepseek,main_t0.5,0.5,A,F5,1,1,162,-76.24633431085044,0,none,82,80,4,waxman,medium,0,78.65
60,deepseek,main_t0.5,0.5,A,F1,1,1,409,-45.539280958721704,0,none,67,342,6,erdos_renyi,large,0,34.23
60,deepseek,main_t0.5,0.5,A,F2,1,1,409,-45.539280958721704,0,none,67,342,6,erdos_renyi,large,0,64.92
60,deepseek,main_t0.5,0.5,A,F3,1,1,409,-45.539280958721704,0,none,67,342,6,erdos_renyi,large,0,26.95
60,deepseek,main_t0.5,0.5,A,F4,1,0,,nan,0,path_adjacency,0,0,0,erdos_renyi,large,0,55.22
60,deepseek,main_t0.5,0.5,A,F5,1,0,,nan,0,path_adjacency,0,0,0,erdos_renyi,large,0,39.36
61,deepseek,main_t0.5,0.5,A,F1,1,1,319,-25.292740046838407,0,none,103,216,6,erdos_renyi,medium,0,39.51
61,deepseek,main_t0.5,0.5,A,F2,1,0,,nan,0,path_adjacency,0,0,0,erdos_renyi,medium,0,44.43
61,deepseek,main_t0.5,0.5,A,F3,1,0,,nan,0,path_adjacency,0,0,0,erdos_renyi,medium,0,30.4
61,deepseek,main_t0.5,0.5,A,F4,1,1,319,-25.292740046838407,0,none,103,216,6,erdos_renyi,medium,0,26.31
61,deepseek,main_t0.5,0.5,A,F5,1,1,319,-25.292740046838407,0,none,103,216,6,erdos_renyi,medium,0,25.56
62,deepseek,main_t0.5,0.5,A,F1,1,1,570,-37.01657458563536,0,none,101,469,7,barabasi_albert,medium,0,41.43
62,deepseek,main_t0.5,0.5,A,F2,1,0,,nan,0,path_adjacency,0,0,0,barabasi_albert,medium,0,44.24
62,deepseek,main_t0.5,0.5,A,F3,1,0,,nan,0,path_adjacency,0,0,0,barabasi_albert,medium,0,47.08
62,deepseek,main_t0.5,0.5,A,F4,1,1,570,-37.01657458563536,0,none,101,469,7,barabasi_albert,medium,0,77.08
62,deepseek,main_t0.5,0.5,A,F5,1,1,570,-37.01657458563536,0,none,101,469,7,barabasi_albert,medium,0,33.76
63,deepseek,main_t0.5,0.5,A,F1,1,1,762,nan,0,none,146,616,11,waxman,medium,0,30.23
63,deepseek,main_t0.5,0.5,A,F2,1,0,,nan,1,parse_error,0,0,0,waxman,medium,0,133.01
63,deepseek,main_t0.5,0.5,A,F3,1,0,,nan,1,parse_error,0,0,0,waxman,medium,0,135.58
63,deepseek,main_t0.5,0.5,A,F4,1,0,,nan,1,parse_error,0,0,0,waxman,medium,0,137.79
63,deepseek,main_t0.5,0.5,A,F5,1,1,762,nan,0,none,146,616,11,waxman,medium,0,97.9
64,deepseek,main_t0.5,0.5,A,F1,1,1,743,-37.7200335289187,0,none,143,600,8,erdos_renyi,large,0,47.69
64,deepseek,main_t0.5,0.5,A,F2,1,1,743,-37.7200335289187,0,none,143,600,8,erdos_renyi,large,0,63.48
64,deepseek,main_t0.5,0.5,A,F3,1,1,743,-37.7200335289187,0,none,143,600,8,erdos_renyi,large,0,50.78
64,deepseek,main_t0.5,0.5,A,F4,1,1,743,-37.7200335289187,0,none,143,600,8,erdos_renyi,large,0,36.43
64,deepseek,main_t0.5,0.5,A,F5,1,0,,nan,0,path_adjacency,0,0,0,erdos_renyi,large,0,49.59
65,deepseek,main_t0.5,0.5,A,F1,1,1,410,-28.321678321678323,0,none,86,324,6,barabasi_albert,small,0,54.55
65,deepseek,main_t0.5,0.5,A,F2,1,1,410,-28.321678321678323,0,none,86,324,6,barabasi_albert,small,0,37.47
65,deepseek,main_t0.5,0.5,A,F3,1,0,,nan,0,path_adjacency,0,0,0,barabasi_albert,small,0,46.67
65,deepseek,main_t0.5,0.5,A,F4,1,1,410,-28.321678321678323,0,none,86,324,6,barabasi_albert,small,0,29.23
65,deepseek,main_t0.5,0.5,A,F5,1,0,,nan,0,path_adjacency,0,0,0,barabasi_albert,small,0,48.14
66,deepseek,main_t0.5,0.5,A,F1,1,1,480,-64.39169139465875,0,none,108,372,12,waxman,medium,0,138.11
66,deepseek,main_t0.5,0.5,A,F2,1,0,,nan,0,path_adjacency,0,0,0,waxman,medium,0,139.81
66,deepseek,main_t0.5,0.5,A,F3,1,1,480,-64.39169139465875,0,none,108,372,12,waxman,medium,0,34.2
66,deepseek,main_t0.5,0.5,A,F4,1,1,480,-64.39169139465875,0,none,108,372,12,waxman,medium,0,50.92
66,deepseek,main_t0.5,0.5,A,F5,1,1,480,-64.39169139465875,0,none,108,372,12,waxman,medium,0,56.1
67,deepseek,main_t0.5,0.5,A,F1,1,1,612,nan,0,none,80,532,7,waxman,medium,0,30.19
67,deepseek,main_t0.5,0.5,A,F2,1,1,612,nan,0,none,80,532,7,waxman,medium,0,95.93
67,deepseek,main_t0.5,0.5,A,F3,1,0,,nan,0,path_adjacency,0,0,0,waxman,medium,0,41.45
67,deepseek,main_t0.5,0.5,A,F4,1,1,612,nan,0,none,80,532,7,waxman,medium,0,132.71
67,deepseek,main_t0.5,0.5,A,F5,1,0,,nan,0,path_adjacency,0,0,0,waxman,medium,0,36.28
68,deepseek,main_t0.5,0.5,A,F1,1,0,,nan,0,path_adjacency,0,0,0,waxman,medium,0,89.58
68,deepseek,main_t0.5,0.5,A,F2,1,0,,nan,1,parse_error,0,0,0,waxman,medium,0,137.85
68,deepseek,main_t0.5,0.5,A,F3,1,1,1090,-52.89541918755402,0,none,172,918,18,waxman,medium,0,100.02
68,deepseek,main_t0.5,0.5,A,F4,1,0,,nan,1,parse_error,0,0,0,waxman,medium,0,140.36
68,deepseek,main_t0.5,0.5,A,F5,1,0,,nan,1,parse_error,0,0,0,waxman,medium,0,139.6
69,deepseek,main_t0.5,0.5,A,F1,1,0,,nan,0,path_adjacency,0,0,0,barabasi_albert,medium,0,41.89
69,deepseek,main_t0.5,0.5,A,F2,1,0,,nan,0,path_adjacency,0,0,0,barabasi_albert,medium,0,38.49
69,deepseek,main_t0.5,0.5,A,F3,1,0,,nan,0,path_adjacency,0,0,0,barabasi_albert,medium,0,27.07
69,deepseek,main_t0.5,0.5,A,F4,1,0,,nan,0,path_adjacency,0,0,0,barabasi_albert,medium,0,27.58
69,deepseek,main_t0.5,0.5,A,F5,1,1,386,-33.21799307958477,0,none,66,320,5,barabasi_albert,medium,0,38.63
6,deepseek,main_t0.5,0.5,A,F1,1,0,,nan,1,parse_error,0,0,0,waxman,medium,0,58.95
6,deepseek,main_t0.5,0.5,A,F2,1,0,,nan,1,parse_error,0,0,0,waxman,medium,0,147.51
6,deepseek,main_t0.5,0.5,A,F3,1,0,,nan,1,parse_error,0,0,0,waxman,medium,0,150.2
6,deepseek,main_t0.5,0.5,A,F4,1,0,,nan,1,parse_error,0,0,0,waxman,medium,0,147.05
6,deepseek,main_t0.5,0.5,A,F5,1,0,,nan,1,parse_error,0,0,0,waxman,medium,0,154.39
70,deepseek,main_t0.5,0.5,A,F1,1,0,,nan,0,path_adjacency,0,0,0,waxman,large,0,66.99
70,deepseek,main_t0.5,0.5,A,F2,1,1,268,-80.5090909090909,0,none,106,162,6,waxman,large,0,43.16
70,deepseek,main_t0.5,0.5,A,F3,1,1,268,-80.5090909090909,0,none,106,162,6,waxman,large,0,50.99
70,deepseek,main_t0.5,0.5,A,F4,1,1,322,-76.58181818181818,0,none,106,216,8,waxman,large,0,36.71
70,deepseek,main_t0.5,0.5,A,F5,1,1,268,-80.5090909090909,0,none,106,162,6,waxman,large,0,67.67
71,deepseek,main_t0.5,0.5,A,F1,1,1,396,nan,0,none,74,322,7,waxman,medium,0,130.66
71,deepseek,main_t0.5,0.5,A,F2,1,1,396,nan,0,none,74,322,7,waxman,medium,0,70.54
71,deepseek,main_t0.5,0.5,A,F3,1,0,,nan,0,path_adjacency,0,0,0,waxman,medium,0,67.0
71,deepseek,main_t0.5,0.5,A,F4,1,0,,nan,0,path_adjacency,0,0,0,waxman,medium,0,98.05
71,deepseek,main_t0.5,0.5,A,F5,1,1,304,nan,0,none,74,230,5,waxman,medium,0,77.64
72,deepseek,main_t0.5,0.5,A,F1,1,1,306,-11.304347826086957,0,none,72,234,6,erdos_renyi,medium,0,43.62
72,deepseek,main_t0.5,0.5,A,F2,1,0,,nan,0,path_adjacency,0,0,0,erdos_renyi,medium,0,39.1
72,deepseek,main_t0.5,0.5,A,F3,1,1,267,-22.608695652173914,0,none,72,195,5,erdos_renyi,medium,0,31.2
72,deepseek,main_t0.5,0.5,A,F4,1,0,,nan,0,path_adjacency,0,0,0,erdos_renyi,medium,0,25.55
72,deepseek,main_t0.5,0.5,A,F5,1,1,267,-22.608695652173914,0,none,72,195,5,erdos_renyi,medium,0,50.54
73,deepseek,main_t0.5,0.5,A,F1,1,1,670,-66.69980119284294,0,none,121,549,9,waxman,large,0,102.92
73,deepseek,main_t0.5,0.5,A,F2,1,1,670,-66.69980119284294,0,none,121,549,9,waxman,large,0,86.1
73,deepseek,main_t0.5,0.5,A,F3,1,1,670,-66.69980119284294,0,none,121,549,9,waxman,large,0,105.58
73,deepseek,main_t0.5,0.5,A,F4,1,1,670,-66.69980119284294,0,none,121,549,9,waxman,large,0,37.05
73,deepseek,main_t0.5,0.5,A,F5,1,0,,nan,0,path_adjacency,0,0,0,waxman,large,0,142.37
74,deepseek,main_t0.5,0.5,A,F1,1,1,641,nan,0,none,116,525,7,waxman,large,0,93.48
74,deepseek,main_t0.5,0.5,A,F2,1,1,641,nan,0,none,116,525,7,waxman,large,0,147.05
74,deepseek,main_t0.5,0.5,A,F3,1,1,641,nan,0,none,116,525,7,waxman,large,0,70.77
74,deepseek,main_t0.5,0.5,A,F4,1,1,641,nan,0,none,116,525,7,waxman,large,0,143.23
74,deepseek,main_t0.5,0.5,A,F5,1,0,,nan,0,path_adjacency,0,0,0,waxman,large,0,47.3
75,deepseek,main_t0.5,0.5,A,F1,1,0,,nan,0,path_adjacency,0,0,0,waxman,small,0,115.3
75,deepseek,main_t0.5,0.5,A,F2,1,1,964,nan,0,none,132,832,13,waxman,small,0,97.56
75,deepseek,main_t0.5,0.5,A,F3,1,1,964,nan,0,none,132,832,13,waxman,small,0,102.79
75,deepseek,main_t0.5,0.5,A,F4,1,0,,nan,1,parse_error,0,0,0,waxman,small,0,152.4
75,deepseek,main_t0.5,0.5,A,F5,1,1,964,nan,0,none,132,832,13,waxman,small,0,88.19
76,deepseek,main_t0.5,0.5,A,F1,1,1,557,-42.0997920997921,0,none,152,405,9,barabasi_albert,medium,0,37.61
76,deepseek,main_t0.5,0.5,A,F2,1,1,557,-42.0997920997921,0,none,152,405,9,barabasi_albert,medium,0,50.23
76,deepseek,main_t0.5,0.5,A,F3,1,1,557,-42.0997920997921,0,none,152,405,9,barabasi_albert,medium,0,42.87
76,deepseek,main_t0.5,0.5,A,F4,1,1,557,-42.0997920997921,0,none,152,405,9,barabasi_albert,medium,0,44.23
76,deepseek,main_t0.5,0.5,A,F5,1,0,,nan,0,path_adjacency,0,0,0,barabasi_albert,medium,0,39.94
77,deepseek,main_t0.5,0.5,A,F1,1,1,834,-26.713532513181022,0,none,150,684,9,erdos_renyi,large,0,51.85
77,deepseek,main_t0.5,0.5,A,F2,1,1,834,-26.713532513181022,0,none,150,684,9,erdos_renyi,large,0,65.3
77,deepseek,main_t0.5,0.5,A,F3,1,0,,nan,0,path_adjacency,0,0,0,erdos_renyi,large,0,32.86
77,deepseek,main_t0.5,0.5,A,F4,1,1,834,-26.713532513181022,0,none,150,684,9,erdos_renyi,large,0,53.51
77,deepseek,main_t0.5,0.5,A,F5,1,0,,nan,0,path_adjacency,0,0,0,erdos_renyi,large,0,42.67
78,deepseek,main_t0.5,0.5,A,F1,1,1,315,-73.1457800511509,0,none,81,234,9,waxman,large,0,58.12
78,deepseek,main_t0.5,0.5,A,F2,1,1,289,-75.36231884057972,0,none,81,208,8,waxman,large,0,71.95
78,deepseek,main_t0.5,0.5,A,F3,1,1,289,-75.36231884057972,0,none,81,208,8,waxman,large,0,41.13
78,deepseek,main_t0.5,0.5,A,F4,1,1,315,-73.1457800511509,0,none,81,234,9,waxman,large,0,87.82
78,deepseek,main_t0.5,0.5,A,F5,1,1,289,-75.36231884057972,0,none,81,208,8,waxman,large,0,80.29
79,deepseek,main_t0.5,0.5,A,F1,1,1,522,-76.67560321715817,0,none,159,363,11,waxman,medium,0,154.89
79,deepseek,main_t0.5,0.5,A,F2,1,0,,nan,0,path_adjacency,0,0,0,waxman,medium,0,140.34
79,deepseek,main_t0.5,0.5,A,F3,1,0,,nan,0,path_adjacency,0,0,0,waxman,medium,0,82.98
79,deepseek,main_t0.5,0.5,A,F4,1,1,522,-76.67560321715817,0,none,159,363,11,waxman,medium,0,97.76
79,deepseek,main_t0.5,0.5,A,F5,1,1,522,-76.67560321715817,0,none,159,363,11,waxman,medium,0,108.69
7,deepseek,main_t0.5,0.5,A,F1,1,1,446,-45.006165228113446,0,none,81,365,5,erdos_renyi,small,0,30.2
7,deepseek,main_t0.5,0.5,A,F2,1,0,,nan,0,path_adjacency,0,0,0,erdos_renyi,small,0,42.86
7,deepseek,main_t0.5,0.5,A,F3,1,0,,nan,0,path_adjacency,0,0,0,erdos_renyi,small,0,45.56
7,deepseek,main_t0.5,0.5,A,F4,1,0,,nan,0,path_adjacency,0,0,0,erdos_renyi,small,0,65.79
7,deepseek,main_t0.5,0.5,A,F5,1,1,446,-45.006165228113446,0,none,81,365,5,erdos_renyi,small,0,39.29
80,deepseek,main_t0.5,0.5,A,F1,1,1,946,nan,0,none,88,858,11,waxman,medium,0,64.28
80,deepseek,main_t0.5,0.5,A,F2,1,1,946,nan,0,none,88,858,11,waxman,medium,0,65.05
80,deepseek,main_t0.5,0.5,A,F3,1,1,946,nan,0,none,88,858,11,waxman,medium,0,70.45
80,deepseek,main_t0.5,0.5,A,F4,1,1,946,nan,0,none,88,858,11,waxman,medium,0,37.98
80,deepseek,main_t0.5,0.5,A,F5,1,0,,nan,0,path_adjacency,0,0,0,waxman,medium,0,156.71
81,deepseek,main_t0.5,0.5,A,F1,1,1,656,nan,0,none,144,512,8,erdos_renyi,large,0,78.72
81,deepseek,main_t0.5,0.5,A,F2,1,0,,nan,0,path_adjacency,0,0,0,erdos_renyi,large,0,64.34
81,deepseek,main_t0.5,0.5,A,F3,1,1,656,nan,0,none,144,512,8,erdos_renyi,large,0,64.88
81,deepseek,main_t0.5,0.5,A,F4,1,1,656,nan,0,none,144,512,8,erdos_renyi,large,0,49.58
81,deepseek,main_t0.5,0.5,A,F5,1,1,656,nan,0,none,144,512,8,erdos_renyi,large,0,87.37
82,deepseek,main_t0.5,0.5,A,F1,1,1,1100,nan,0,none,188,912,12,waxman,small,0,97.3
82,deepseek,main_t0.5,0.5,A,F2,1,1,1100,nan,0,none,188,912,12,waxman,small,0,124.89
82,deepseek,main_t0.5,0.5,A,F3,1,1,1100,nan,0,none,188,912,12,waxman,small,0,110.3
82,deepseek,main_t0.5,0.5,A,F4,1,1,1252,nan,0,none,188,1064,14,waxman,small,0,100.41
82,deepseek,main_t0.5,0.5,A,F5,1,1,1100,nan,0,none,188,912,12,waxman,small,0,140.09
83,deepseek,main_t0.5,0.5,A,F1,1,1,338,nan,0,none,107,231,7,erdos_renyi,medium,0,45.26
83,deepseek,main_t0.5,0.5,A,F2,1,1,338,nan,0,none,107,231,7,erdos_renyi,medium,0,46.12
83,deepseek,main_t0.5,0.5,A,F3,1,1,338,nan,0,none,107,231,7,erdos_renyi,medium,0,39.5
83,deepseek,main_t0.5,0.5,A,F4,1,1,338,nan,0,none,107,231,7,erdos_renyi,medium,0,58.09
83,deepseek,main_t0.5,0.5,A,F5,1,0,,nan,0,path_adjacency,0,0,0,erdos_renyi,medium,0,60.67
84,deepseek,main_t0.5,0.5,A,F1,1,1,583,nan,0,none,135,448,8,erdos_renyi,medium,0,41.03
84,deepseek,main_t0.5,0.5,A,F2,1,0,,nan,0,path_adjacency,0,0,0,erdos_renyi,medium,0,56.38
84,deepseek,main_t0.5,0.5,A,F3,1,0,,nan,0,path_adjacency,0,0,0,erdos_renyi,medium,0,41.62
84,deepseek,main_t0.5,0.5,A,F4,1,0,,nan,0,path_adjacency,0,0,0,erdos_renyi,medium,0,47.52
84,deepseek,main_t0.5,0.5,A,F5,1,1,583,nan,0,none,135,448,8,erdos_renyi,medium,0,52.35
85,deepseek,main_t0.5,0.5,A,F1,1,1,582,nan,0,none,186,396,9,erdos_renyi,small,0,44.96
85,deepseek,main_t0.5,0.5,A,F2,1,1,582,nan,0,none,186,396,9,erdos_renyi,small,0,57.2
85,deepseek,main_t0.5,0.5,A,F3,1,1,582,nan,0,none,186,396,9,erdos_renyi,small,0,42.44
85,deepseek,main_t0.5,0.5,A,F4,1,1,582,nan,0,none,186,396,9,erdos_renyi,small,0,47.71
85,deepseek,main_t0.5,0.5,A,F5,1,0,,nan,0,path_adjacency,0,0,0,erdos_renyi,small,0,59.13
86,deepseek,main_t0.5,0.5,A,F1,1,1,268,-70.48458149779736,0,none,76,192,3,waxman,small,0,79.21
86,deepseek,main_t0.5,0.5,A,F2,1,1,268,-70.48458149779736,0,none,76,192,3,waxman,small,0,116.08
86,deepseek,main_t0.5,0.5,A,F3,1,1,524,-42.290748898678416,0,none,76,448,7,waxman,small,0,142.1
86,deepseek,main_t0.5,0.5,A,F4,1,1,524,-42.290748898678416,0,none,76,448,7,waxman,small,0,152.57
86,deepseek,main_t0.5,0.5,A,F5,1,0,,nan,0,path_adjacency,0,0,0,waxman,small,0,143.36
87,deepseek,main_t0.5,0.5,A,F1,1,1,377,-27.63915547024952,0,none,125,252,7,erdos_renyi,medium,0,39.76
87,deepseek,main_t0.5,0.5,A,F2,1,0,,nan,0,path_adjacency,0,0,0,erdos_renyi,medium,0,57.71
87,deepseek,main_t0.5,0.5,A,F3,1,1,377,-27.63915547024952,0,none,125,252,7,erdos_renyi,medium,0,47.19
87,deepseek,main_t0.5,0.5,A,F4,1,1,377,-27.63915547024952,0,none,125,252,7,erdos_renyi,medium,0,42.93
87,deepseek,main_t0.5,0.5,A,F5,1,1,377,-27.63915547024952,0,none,125,252,7,erdos_renyi,medium,0,43.35
88,deepseek,main_t0.5,0.5,A,F1,1,1,568,nan,0,none,144,424,8,barabasi_albert,medium,0,38.29
88,deepseek,main_t0.5,0.5,A,F2,1,0,,nan,0,path_adjacency,0,0,0,barabasi_albert,medium,0,44.95
88,deepseek,main_t0.5,0.5,A,F3,1,0,,nan,0,path_adjacency,0,0,0,barabasi_albert,medium,0,28.77
88,deepseek,main_t0.5,0.5,A,F4,1,0,,nan,0,path_adjacency,0,0,0,barabasi_albert,medium,0,28.35
88,deepseek,main_t0.5,0.5,A,F5,1,0,,nan,0,path_adjacency,0,0,0,barabasi_albert,medium,0,50.98
89,deepseek,main_t0.5,0.5,A,F1,1,0,,nan,0,path_adjacency,0,0,0,barabasi_albert,medium,0,69.13
89,deepseek,main_t0.5,0.5,A,F2,1,1,550,-39.82494529540481,0,none,134,416,8,barabasi_albert,medium,0,51.6
89,deepseek,main_t0.5,0.5,A,F3,1,1,550,-39.82494529540481,0,none,134,416,8,barabasi_albert,medium,0,56.59
89,deepseek,main_t0.5,0.5,A,F4,1,1,550,-39.82494529540481,0,none,134,416,8,barabasi_albert,medium,0,30.95
89,deepseek,main_t0.5,0.5,A,F5,1,0,,nan,0,path_adjacency,0,0,0,barabasi_albert,medium,0,66.36
8,deepseek,main_t0.5,0.5,A,F1,1,1,1048,nan,0,none,138,910,13,waxman,medium,0,119.45
8,deepseek,main_t0.5,0.5,A,F2,1,0,,nan,1,parse_error,0,0,0,waxman,medium,0,151.37
8,deepseek,main_t0.5,0.5,A,F3,1,0,,nan,1,parse_error,0,0,0,waxman,medium,0,155.31
8,deepseek,main_t0.5,0.5,A,F4,1,0,,nan,1,parse_error,0,0,0,waxman,medium,0,164.16
8,deepseek,main_t0.5,0.5,A,F5,1,0,,nan,1,parse_error,0,0,0,waxman,medium,0,162.82
90,deepseek,main_t0.5,0.5,A,F1,1,0,,nan,1,parse_error,0,0,0,waxman,medium,0,143.3
90,deepseek,main_t0.5,0.5,A,F2,1,0,,nan,0,path_adjacency,0,0,0,waxman,medium,0,118.7
90,deepseek,main_t0.5,0.5,A,F3,1,1,2434,nan,0,none,91,2343,33,waxman,medium,0,93.02
90,deepseek,main_t0.5,0.5,A,F4,1,0,,nan,1,parse_error,0,0,0,waxman,medium,0,130.9
90,deepseek,main_t0.5,0.5,A,F5,1,0,,nan,1,parse_error,0,0,0,waxman,medium,0,141.31
91,deepseek,main_t0.5,0.5,A,F1,1,1,681,-64.69673405909798,0,none,57,624,12,waxman,medium,0,62.16
91,deepseek,main_t0.5,0.5,A,F2,1,1,681,-64.69673405909798,0,none,57,624,12,waxman,medium,0,87.77
91,deepseek,main_t0.5,0.5,A,F3,1,1,681,-64.69673405909798,0,none,57,624,12,waxman,medium,0,77.67
91,deepseek,main_t0.5,0.5,A,F4,1,1,681,-64.69673405909798,0,none,57,624,12,waxman,medium,0,57.89
91,deepseek,main_t0.5,0.5,A,F5,1,1,681,-64.69673405909798,0,none,57,624,12,waxman,medium,0,42.09
92,deepseek,main_t0.5,0.5,A,F1,1,1,459,-76.0313315926893,0,none,95,364,7,waxman,large,0,101.64
92,deepseek,main_t0.5,0.5,A,F2,1,1,459,-76.0313315926893,0,none,95,364,7,waxman,large,0,120.27
92,deepseek,main_t0.5,0.5,A,F3,1,0,,nan,0,path_adjacency,0,0,0,waxman,large,0,132.02
92,deepseek,main_t0.5,0.5,A,F4,1,1,459,-76.0313315926893,0,none,95,364,7,waxman,large,0,34.92
92,deepseek,main_t0.5,0.5,A,F5,1,1,459,-76.0313315926893,0,none,95,364,7,waxman,large,0,68.98
93,deepseek,main_t0.5,0.5,A,F1,1,1,570,-24.90118577075099,0,none,129,441,7,erdos_renyi,medium,0,29.72
93,deepseek,main_t0.5,0.5,A,F2,1,1,570,-24.90118577075099,0,none,129,441,7,erdos_renyi,medium,0,60.63
93,deepseek,main_t0.5,0.5,A,F3,1,1,570,-24.90118577075099,0,none,129,441,7,erdos_renyi,medium,0,50.03
93,deepseek,main_t0.5,0.5,A,F4,1,0,,nan,0,path_adjacency,0,0,0,erdos_renyi,medium,0,41.2
93,deepseek,main_t0.5,0.5,A,F5,1,0,,nan,0,path_adjacency,0,0,0,erdos_renyi,medium,0,63.2
94,deepseek,main_t0.5,0.5,A,F1,1,1,399,-54.91525423728814,0,none,129,270,10,waxman,small,0,79.69
94,deepseek,main_t0.5,0.5,A,F2,1,1,345,-61.016949152542374,0,none,129,216,8,waxman,small,0,81.39
94,deepseek,main_t0.5,0.5,A,F3,1,1,399,-54.91525423728814,0,none,129,270,10,waxman,small,0,54.59
94,deepseek,main_t0.5,0.5,A,F4,1,1,291,-67.11864406779661,0,none,129,162,6,waxman,small,0,56.8
94,deepseek,main_t0.5,0.5,A,F5,1,1,399,-54.91525423728814,0,none,129,270,10,waxman,small,0,52.92
95,deepseek,main_t0.5,0.5,A,F1,1,1,850,nan,0,none,166,684,9,barabasi_albert,small,0,63.96
95,deepseek,main_t0.5,0.5,A,F2,1,1,850,nan,0,none,166,684,9,barabasi_albert,small,0,50.94
95,deepseek,main_t0.5,0.5,A,F3,1,1,850,nan,0,none,166,684,9,barabasi_albert,small,0,47.68
95,deepseek,main_t0.5,0.5,A,F4,1,1,850,nan,0,none,166,684,9,barabasi_albert,small,0,34.14
95,deepseek,main_t0.5,0.5,A,F5,1,1,850,nan,0,none,166,684,9,barabasi_albert,small,0,52.97
96,deepseek,main_t0.5,0.5,A,F1,1,1,768,-30.05464480874317,0,none,174,594,9,erdos_renyi,medium,0,57.32
96,deepseek,main_t0.5,0.5,A,F2,1,1,702,-36.0655737704918,0,none,174,528,8,erdos_renyi,medium,0,68.17
96,deepseek,main_t0.5,0.5,A,F3,1,1,702,-36.0655737704918,0,none,174,528,8,erdos_renyi,medium,0,33.8
96,deepseek,main_t0.5,0.5,A,F4,1,1,702,-36.0655737704918,0,none,174,528,8,erdos_renyi,medium,0,47.74
96,deepseek,main_t0.5,0.5,A,F5,1,0,,nan,0,path_adjacency,0,0,0,erdos_renyi,medium,0,49.68
97,deepseek,main_t0.5,0.5,A,F1,1,1,331,-64.4468313641246,0,none,91,240,6,waxman,large,0,48.03
97,deepseek,main_t0.5,0.5,A,F2,1,0,,nan,0,path_adjacency,0,0,0,waxman,large,0,49.08
97,deepseek,main_t0.5,0.5,A,F3,1,1,331,-64.4468313641246,0,none,91,240,6,waxman,large,0,42.93
97,deepseek,main_t0.5,0.5,A,F4,1,1,331,-64.4468313641246,0,none,91,240,6,waxman,large,0,36.5
97,deepseek,main_t0.5,0.5,A,F5,1,0,,nan,0,path_adjacency,0,0,0,waxman,large,0,46.57
98,deepseek,main_t0.5,0.5,A,F1,1,1,1862,74.01869158878505,0,none,80,1782,27,waxman,small,0,114.19
98,deepseek,main_t0.5,0.5,A,F2,1,0,,nan,1,parse_error,0,0,0,waxman,small,0,149.61
98,deepseek,main_t0.5,0.5,A,F3,1,1,674,-37.00934579439252,0,none,80,594,9,waxman,small,0,88.51
98,deepseek,main_t0.5,0.5,A,F4,1,0,,nan,1,parse_error,0,0,0,waxman,small,0,140.64
98,deepseek,main_t0.5,0.5,A,F5,1,0,,nan,1,parse_error,0,0,0,waxman,small,0,135.74
99,deepseek,main_t0.5,0.5,A,F1,1,0,,nan,0,path_adjacency,0,0,0,erdos_renyi,medium,0,22.42
99,deepseek,main_t0.5,0.5,A,F2,1,1,420,-34.883720930232556,0,none,105,315,7,erdos_renyi,medium,0,70.14
99,deepseek,main_t0.5,0.5,A,F3,1,1,420,-34.883720930232556,0,none,105,315,7,erdos_renyi,medium,0,39.9
99,deepseek,main_t0.5,0.5,A,F4,1,0,,nan,0,path_adjacency,0,0,0,erdos_renyi,medium,0,30.99
99,deepseek,main_t0.5,0.5,A,F5,1,1,420,-34.883720930232556,0,none,105,315,7,erdos_renyi,medium,0,38.74
9,deepseek,main_t0.5,0.5,A,F1,1,1,324,-43.75,0,none,128,196,7,barabasi_albert,large,0,69.19
9,deepseek,main_t0.5,0.5,A,F2,1,0,,nan,0,path_adjacency,0,0,0,barabasi_albert,large,0,70.64
9,deepseek,main_t0.5,0.5,A,F3,1,1,324,-43.75,0,none,128,196,7,barabasi_albert,large,0,53.62
9,deepseek,main_t0.5,0.5,A,F4,1,0,,nan,0,path_adjacency,0,0,0,barabasi_albert,large,0,46.59
9,deepseek,main_t0.5,0.5,A,F5,1,0,,nan,0,path_adjacency,0,0,0,barabasi_albert,large,0,44.51
10,deepseek,noise,0.0,A,F1,1,1,272,nan,0,none,97,175,5,waxman,medium,1,27.9
10,deepseek,noise,0.0,A,F1,1,0,,nan,0,path_adjacency,0,0,0,waxman,medium,2,26.12
10,deepseek,noise,0.0,A,F1,1,0,,nan,0,path_adjacency,0,0,0,waxman,medium,3,23.3
10,deepseek,noise,0.0,A,F2,1,0,,nan,0,path_adjacency,0,0,0,waxman,medium,1,25.68
10,deepseek,noise,0.0,A,F2,1,0,,nan,0,path_adjacency,0,0,0,waxman,medium,2,20.22
10,deepseek,noise,0.0,A,F2,1,0,,nan,0,path_adjacency,0,0,0,waxman,medium,3,23.47
10,deepseek,noise,0.0,A,F3,1,0,,nan,0,path_adjacency,0,0,0,waxman,medium,1,33.2
10,deepseek,noise,0.0,A,F3,1,0,,nan,0,path_adjacency,0,0,0,waxman,medium,2,39.34
10,deepseek,noise,0.0,A,F3,1,0,,nan,0,path_adjacency,0,0,0,waxman,medium,3,20.59
10,deepseek,noise,0.0,A,F4,1,1,272,nan,0,none,97,175,5,waxman,medium,1,24.84
10,deepseek,noise,0.0,A,F4,1,0,,nan,0,path_adjacency,0,0,0,waxman,medium,2,27.29
10,deepseek,noise,0.0,A,F4,1,0,,nan,0,path_adjacency,0,0,0,waxman,medium,3,19.87
10,deepseek,noise,0.0,A,F5,1,0,,nan,0,path_adjacency,0,0,0,waxman,medium,1,31.95
10,deepseek,noise,0.0,A,F5,1,0,,nan,0,path_adjacency,0,0,0,waxman,medium,2,32.14
10,deepseek,noise,0.0,A,F5,1,0,,nan,0,path_adjacency,0,0,0,waxman,medium,3,34.03
11,deepseek,noise,0.0,A,F1,1,0,,nan,0,path_adjacency,0,0,0,waxman,medium,1,98.41
11,deepseek,noise,0.0,A,F1,1,0,,nan,0,path_adjacency,0,0,0,waxman,medium,2,113.57
11,deepseek,noise,0.0,A,F1,1,0,,nan,1,parse_error,0,0,0,waxman,medium,3,132.11
11,deepseek,noise,0.0,A,F2,1,0,,nan,1,parse_error,0,0,0,waxman,medium,1,132.06
11,deepseek,noise,0.0,A,F2,1,0,,nan,0,path_adjacency,0,0,0,waxman,medium,2,65.79
11,deepseek,noise,0.0,A,F2,1,0,,nan,0,path_adjacency,0,0,0,waxman,medium,3,130.42
11,deepseek,noise,0.0,A,F3,1,0,,nan,1,parse_error,0,0,0,waxman,medium,1,143.3
11,deepseek,noise,0.0,A,F3,1,0,,nan,1,parse_error,0,0,0,waxman,medium,2,144.23
11,deepseek,noise,0.0,A,F3,1,0,,nan,0,path_adjacency,0,0,0,waxman,medium,3,148.02
11,deepseek,noise,0.0,A,F4,1,0,,nan,0,path_adjacency,0,0,0,waxman,medium,1,77.66
11,deepseek,noise,0.0,A,F4,1,0,,nan,0,path_adjacency,0,0,0,waxman,medium,2,60.89
11,deepseek,noise,0.0,A,F4,1,1,642,nan,0,none,138,504,7,waxman,medium,3,98.5
11,deepseek,noise,0.0,A,F5,1,0,,nan,0,path_adjacency,0,0,0,waxman,medium,1,87.94
11,deepseek,noise,0.0,A,F5,1,0,,nan,0,path_adjacency,0,0,0,waxman,medium,2,79.55
11,deepseek,noise,0.0,A,F5,1,0,,nan,1,parse_error,0,0,0,waxman,medium,3,148.96
12,deepseek,noise,0.0,A,F1,1,0,,nan,0,path_adjacency,0,0,0,waxman,large,1,135.5
12,deepseek,noise,0.0,A,F1,1,0,,nan,0,path_adjacency,0,0,0,waxman,large,2,90.04
12,deepseek,noise,0.0,A,F1,1,0,,nan,0,path_adjacency,0,0,0,waxman,large,3,53.98
12,deepseek,noise,0.0,A,F2,1,0,,nan,1,parse_error,0,0,0,waxman,large,1,130.16
12,deepseek,noise,0.0,A,F2,1,0,,nan,1,parse_error,0,0,0,waxman,large,2,135.84
12,deepseek,noise,0.0,A,F2,1,0,,nan,1,parse_error,0,0,0,waxman,large,3,134.82
12,deepseek,noise,0.0,A,F3,1,0,,nan,1,parse_error,0,0,0,waxman,large,1,132.2
12,deepseek,noise,0.0,A,F3,1,0,,nan,0,path_adjacency,0,0,0,waxman,large,2,66.88
12,deepseek,noise,0.0,A,F3,1,0,,nan,1,parse_error,0,0,0,waxman,large,3,137.76
12,deepseek,noise,0.0,A,F4,1,0,,nan,0,path_adjacency,0,0,0,waxman,large,1,65.21
12,deepseek,noise,0.0,A,F4,1,0,,nan,0,path_adjacency,0,0,0,waxman,large,2,37.56
12,deepseek,noise,0.0,A,F4,1,1,320,-70.0374531835206,0,none,82,238,7,waxman,large,3,104.3
12,deepseek,noise,0.0,A,F5,1,0,,nan,0,path_adjacency,0,0,0,waxman,large,1,79.77
12,deepseek,noise,0.0,A,F5,1,1,218,-79.5880149812734,0,none,82,136,4,waxman,large,2,129.52
12,deepseek,noise,0.0,A,F5,1,0,,nan,1,parse_error,0,0,0,waxman,large,3,140.2
13,deepseek,noise,0.0,A,F1,1,1,563,-68.24591088550478,0,none,123,440,8,waxman,small,1,103.34
13,deepseek,noise,0.0,A,F1,1,0,,nan,1,parse_error,0,0,0,waxman,small,2,147.84
13,deepseek,noise,0.0,A,F1,1,1,1003,-43.42921601804851,0,none,123,880,16,waxman,small,3,63.37
13,deepseek,noise,0.0,A,F2,1,1,673,-62.04173716864072,0,none,123,550,10,waxman,small,1,103.55
13,deepseek,noise,0.0,A,F2,1,0,,nan,0,path_adjacency,0,0,0,waxman,small,2,88.43
13,deepseek,noise,0.0,A,F2,1,0,,nan,1,parse_error,0,0,0,waxman,small,3,146.29
13,deepseek,noise,0.0,A,F3,1,1,673,-62.04173716864072,0,none,123,550,10,waxman,small,1,59.75
13,deepseek,noise,0.0,A,F3,1,0,,nan,1,parse_error,0,0,0,waxman,small,2,151.88
13,deepseek,noise,0.0,A,F3,1,0,,nan,0,path_adjacency,0,0,0,waxman,small,3,145.76
13,deepseek,noise,0.0,A,F4,1,1,673,-62.04173716864072,0,none,123,550,10,waxman,small,1,59.26
13,deepseek,noise,0.0,A,F4,1,0,,nan,1,parse_error,0,0,0,waxman,small,2,146.59
13,deepseek,noise,0.0,A,F4,1,0,,nan,1,parse_error,0,0,0,waxman,small,3,146.66
13,deepseek,noise,0.0,A,F5,1,1,673,-62.04173716864072,0,none,123,550,10,waxman,small,1,61.58
13,deepseek,noise,0.0,A,F5,1,0,,nan,0,path_adjacency,0,0,0,waxman,small,2,121.1
13,deepseek,noise,0.0,A,F5,1,0,,nan,1,parse_error,0,0,0,waxman,small,3,142.61
14,deepseek,noise,0.0,A,F1,1,0,,nan,0,path_adjacency,0,0,0,erdos_renyi,large,1,43.68
14,deepseek,noise,0.0,A,F1,1,0,,nan,0,path_adjacency,0,0,0,erdos_renyi,large,2,57.2
14,deepseek,noise,0.0,A,F1,1,1,628,-37.57455268389662,0,none,124,504,8,erdos_renyi,large,3,49.35
14,deepseek,noise,0.0,A,F2,1,0,,nan,0,path_adjacency,0,0,0,erdos_renyi,large,1,73.11
14,deepseek,noise,0.0,A,F2,1,0,,nan,0,path_adjacency,0,0,0,erdos_renyi,large,2,53.23
14,deepseek,noise,0.0,A,F2,1,1,628,-37.57455268389662,0,none,124,504,8,erdos_renyi,large,3,60.1
14,deepseek,noise,0.0,A,F3,1,0,,nan,0,path_adjacency,0,0,0,erdos_renyi,large,1,45.52
14,deepseek,noise,0.0,A,F3,1,0,,nan,0,path_adjacency,0,0,0,erdos_renyi,large,2,37.17
14,deepseek,noise,0.0,A,F3,1,0,,nan,0,path_adjacency,0,0,0,erdos_renyi,large,3,46.41
14,deepseek,noise,0.0,A,F4,1,0,,nan,0,path_adjacency,0,0,0,erdos_renyi,large,1,40.54
14,deepseek,noise,0.0,A,F4,1,0,,nan,0,path_adjacency,0,0,0,erdos_renyi,large,2,43.78
14,deepseek,noise,0.0,A,F4,1,1,628,-37.57455268389662,0,none,124,504,8,erdos_renyi,large,3,50.89
14,deepseek,noise,0.0,A,F5,1,0,,nan,0,path_adjacency,0,0,0,erdos_renyi,large,1,53.3
14,deepseek,noise,0.0,A,F5,1,0,,nan,0,path_adjacency,0,0,0,erdos_renyi,large,2,47.46
14,deepseek,noise,0.0,A,F5,1,1,628,-37.57455268389662,0,none,124,504,8,erdos_renyi,large,3,59.31
15,deepseek,noise,0.0,A,F1,1,1,847,nan,0,none,117,730,10,waxman,large,1,57.87
15,deepseek,noise,0.0,A,F1,1,0,,nan,1,parse_error,0,0,0,waxman,large,2,141.44
15,deepseek,noise,0.0,A,F1,1,0,,nan,1,parse_error,0,0,0,waxman,large,3,142.56
15,deepseek,noise,0.0,A,F2,1,0,,nan,1,parse_error,0,0,0,waxman,large,1,137.35
15,deepseek,noise,0.0,A,F2,1,0,,nan,1,parse_error,0,0,0,waxman,large,2,132.61
15,deepseek,noise,0.0,A,F2,1,0,,nan,1,parse_error,0,0,0,waxman,large,3,158.44
15,deepseek,noise,0.0,A,F3,1,1,847,nan,0,none,117,730,10,waxman,large,1,68.6
15,deepseek,noise,0.0,A,F3,1,0,,nan,1,parse_error,0,0,0,waxman,large,2,166.28
15,deepseek,noise,0.0,A,F3,1,1,1066,nan,0,none,117,949,13,waxman,large,3,69.24
15,deepseek,noise,0.0,A,F4,1,0,,nan,1,parse_error,0,0,0,waxman,large,1,165.11
15,deepseek,noise,0.0,A,F4,1,0,,nan,0,node_existence,0,0,0,waxman,large,2,63.21
15,deepseek,noise,0.0,A,F4,1,0,,nan,0,path_adjacency,0,0,0,waxman,large,3,45.0
15,deepseek,noise,0.0,A,F5,1,0,,nan,0,path_adjacency,0,0,0,waxman,large,1,138.77
15,deepseek,noise,0.0,A,F5,1,0,,nan,0,node_existence,0,0,0,waxman,large,2,138.74
15,deepseek,noise,0.0,A,F5,1,0,,nan,1,parse_error,0,0,0,waxman,large,3,160.66
16,deepseek,noise,0.0,A,F1,1,1,316,nan,0,none,148,168,7,erdos_renyi,large,1,48.85
16,deepseek,noise,0.0,A,F1,1,0,,nan,0,path_adjacency,0,0,0,erdos_renyi,large,2,51.17
16,deepseek,noise,0.0,A,F1,1,1,316,nan,0,none,148,168,7,erdos_renyi,large,3,46.55
16,deepseek,noise,0.0,A,F2,1,1,316,nan,0,none,148,168,7,erdos_renyi,large,1,58.65
16,deepseek,noise,0.0,A,F2,1,0,,nan,0,path_adjacency,0,0,0,erdos_renyi,large,2,66.61
16,deepseek,noise,0.0,A,F2,1,1,316,nan,0,none,148,168,7,erdos_renyi,large,3,54.94
16,deepseek,noise,0.0,A,F3,1,0,,nan,0,path_adjacency,0,0,0,erdos_renyi,large,1,59.13
16,deepseek,noise,0.0,A,F3,1,0,,nan,0,path_adjacency,0,0,0,erdos_renyi,large,2,51.6
16,deepseek,noise,0.0,A,F3,1,0,,nan,0,path_adjacency,0,0,0,erdos_renyi,large,3,52.78
16,deepseek,noise,0.0,A,F4,1,1,316,nan,0,none,148,168,7,erdos_renyi,large,1,61.44
16,deepseek,noise,0.0,A,F4,1,1,316,nan,0,none,148,168,7,erdos_renyi,large,2,43.87
16,deepseek,noise,0.0,A,F4,1,1,316,nan,0,none,148,168,7,erdos_renyi,large,3,42.3
16,deepseek,noise,0.0,A,F5,1,0,,nan,0,path_adjacency,0,0,0,erdos_renyi,large,1,70.52
16,deepseek,noise,0.0,A,F5,1,0,,nan,0,path_adjacency,0,0,0,erdos_renyi,large,2,44.25
16,deepseek,noise,0.0,A,F5,1,0,,nan,0,path_adjacency,0,0,0,erdos_renyi,large,3,61.45
17,deepseek,noise,0.0,A,F1,1,1,413,-39.353891336270195,0,none,78,335,5,erdos_renyi,medium,1,53.27
17,deepseek,noise,0.0,A,F1,1,0,,nan,0,path_adjacency,0,0,0,erdos_renyi,medium,2,29.0
17,deepseek,noise,0.0,A,F1,1,1,413,-39.353891336270195,0,none,78,335,5,erdos_renyi,medium,3,43.73
17,deepseek,noise,0.0,A,F2,1,1,413,-39.353891336270195,0,none,78,335,5,erdos_renyi,medium,1,115.57
17,deepseek,noise,0.0,A,F2,1,0,,nan,0,path_adjacency,0,0,0,erdos_renyi,medium,2,86.31
17,deepseek,noise,0.0,A,F2,1,1,413,-39.353891336270195,0,none,78,335,5,erdos_renyi,medium,3,58.35
17,deepseek,noise,0.0,A,F3,1,1,413,-39.353891336270195,0,none,78,335,5,erdos_renyi,medium,1,37.55
17,deepseek,noise,0.0,A,F3,1,0,,nan,0,path_adjacency,0,0,0,erdos_renyi,medium,2,83.86
17,deepseek,noise,0.0,A,F3,1,1,413,-39.353891336270195,0,none,78,335,5,erdos_renyi,medium,3,24.17
17,deepseek,noise,0.0,A,F4,1,0,,nan,0,path_adjacency,0,0,0,erdos_renyi,medium,1,44.18
17,deepseek,noise,0.0,A,F4,1,0,,nan,0,path_adjacency,0,0,0,erdos_renyi,medium,2,46.47
17,deepseek,noise,0.0,A,F4,1,1,413,-39.353891336270195,0,none,78,335,5,erdos_renyi,medium,3,25.77
17,deepseek,noise,0.0,A,F5,1,1,413,-39.353891336270195,0,none,78,335,5,erdos_renyi,medium,1,53.27
17,deepseek,noise,0.0,A,F5,1,0,,nan,0,path_adjacency,0,0,0,erdos_renyi,medium,2,31.21
17,deepseek,noise,0.0,A,F5,1,1,413,-39.353891336270195,0,none,78,335,5,erdos_renyi,medium,3,50.38
18,deepseek,noise,0.0,A,F1,1,0,,nan,0,path_adjacency,0,0,0,erdos_renyi,small,1,26.74
18,deepseek,noise,0.0,A,F1,1,0,,nan,0,path_adjacency,0,0,0,erdos_renyi,small,2,51.16
18,deepseek,noise,0.0,A,F1,1,0,,nan,0,path_adjacency,0,0,0,erdos_renyi,small,3,31.23
18,deepseek,noise,0.0,A,F2,1,1,425,-39.71631205673759,0,none,75,350,5,erdos_renyi,small,1,59.55
18,deepseek,noise,0.0,A,F2,1,0,,nan,0,path_adjacency,0,0,0,erdos_renyi,small,2,39.77
18,deepseek,noise,0.0,A,F2,1,1,425,-39.71631205673759,0,none,75,350,5,erdos_renyi,small,3,29.36
18,deepseek,noise,0.0,A,F3,1,0,,nan,0,path_adjacency,0,0,0,erdos_renyi,small,1,54.26
18,deepseek,noise,0.0,A,F3,1,0,,nan,0,path_adjacency,0,0,0,erdos_renyi,small,2,29.88
18,deepseek,noise,0.0,A,F3,1,1,425,-39.71631205673759,0,none,75,350,5,erdos_renyi,small,3,50.61
18,deepseek,noise,0.0,A,F4,1,0,,nan,0,path_adjacency,0,0,0,erdos_renyi,small,1,31.68
18,deepseek,noise,0.0,A,F4,1,0,,nan,0,path_adjacency,0,0,0,erdos_renyi,small,2,24.35
18,deepseek,noise,0.0,A,F4,1,1,425,-39.71631205673759,0,none,75,350,5,erdos_renyi,small,3,36.32
18,deepseek,noise,0.0,A,F5,1,1,425,-39.71631205673759,0,none,75,350,5,erdos_renyi,small,1,31.31
18,deepseek,noise,0.0,A,F5,1,0,,nan,0,path_adjacency,0,0,0,erdos_renyi,small,2,37.76
18,deepseek,noise,0.0,A,F5,1,1,425,-39.71631205673759,0,none,75,350,5,erdos_renyi,small,3,38.81
19,deepseek,noise,0.0,A,F1,1,1,459,-73.01587301587301,0,none,162,297,11,waxman,medium,1,103.08
19,deepseek,noise,0.0,A,F1,1,0,,nan,0,path_adjacency,0,0,0,waxman,medium,2,44.31
19,deepseek,noise,0.0,A,F1,1,1,459,-73.01587301587301,0,none,162,297,11,waxman,medium,3,39.02
19,deepseek,noise,0.0,A,F2,1,1,459,-73.01587301587301,0,none,162,297,11,waxman,medium,1,114.88
19,deepseek,noise,0.0,A,F2,1,0,,nan,0,path_adjacency,0,0,0,waxman,medium,2,59.51
19,deepseek,noise,0.0,A,F2,1,0,,nan,0,path_adjacency,0,0,0,waxman,medium,3,125.63
19,deepseek,noise,0.0,A,F3,1,1,459,-73.01587301587301,0,none,162,297,11,waxman,medium,1,93.59
19,deepseek,noise,0.0,A,F3,1,0,,nan,0,path_adjacency,0,0,0,waxman,medium,2,127.69
19,deepseek,noise,0.0,A,F3,1,1,459,-73.01587301587301,0,none,162,297,11,waxman,medium,3,120.86
19,deepseek,noise,0.0,A,F4,1,1,459,-73.01587301587301,0,none,162,297,11,waxman,medium,1,100.48
19,deepseek,noise,0.0,A,F4,1,0,,nan,1,parse_error,0,0,0,waxman,medium,2,144.67
19,deepseek,noise,0.0,A,F4,1,1,459,-73.01587301587301,0,none,162,297,11,waxman,medium,3,54.84
19,deepseek,noise,0.0,A,F5,1,1,459,-73.01587301587301,0,none,162,297,11,waxman,medium,1,119.64
19,deepseek,noise,0.0,A,F5,1,0,,nan,0,path_adjacency,0,0,0,waxman,medium,2,112.89
19,deepseek,noise,0.0,A,F5,1,1,459,-73.01587301587301,0,none,162,297,11,waxman,medium,3,32.29
1,deepseek,noise,0.0,A,F1,1,0,,nan,0,path_adjacency,0,0,0,barabasi_albert,medium,1,26.76
1,deepseek,noise,0.0,A,F1,1,0,,nan,0,path_adjacency,0,0,0,barabasi_albert,medium,2,60.3
1,deepseek,noise,0.0,A,F1,1,1,384,-43.859649122807014,0,none,144,240,8,barabasi_albert,medium,3,41.98
1,deepseek,noise,0.0,A,F2,1,0,,nan,0,path_adjacency,0,0,0,barabasi_albert,medium,1,46.99
1,deepseek,noise,0.0,A,F2,1,0,,nan,0,path_adjacency,0,0,0,barabasi_albert,medium,2,56.95
1,deepseek,noise,0.0,A,F2,1,0,,nan,0,path_adjacency,0,0,0,barabasi_albert,medium,3,40.34
1,deepseek,noise,0.0,A,F3,1,1,384,-43.859649122807014,0,none,144,240,8,barabasi_albert,medium,1,56.15
1,deepseek,noise,0.0,A,F3,1,0,,nan,0,path_adjacency,0,0,0,barabasi_albert,medium,2,43.95
1,deepseek,noise,0.0,A,F3,1,1,384,-43.859649122807014,0,none,144,240,8,barabasi_albert,medium,3,32.79
1,deepseek,noise,0.0,A,F4,1,1,384,-43.859649122807014,0,none,144,240,8,barabasi_albert,medium,1,31.9
1,deepseek,noise,0.0,A,F4,1,0,,nan,0,path_adjacency,0,0,0,barabasi_albert,medium,2,34.39
1,deepseek,noise,0.0,A,F4,1,1,384,-43.859649122807014,0,none,144,240,8,barabasi_albert,medium,3,40.32
1,deepseek,noise,0.0,A,F5,1,0,,nan,0,path_adjacency,0,0,0,barabasi_albert,medium,1,50.34
1,deepseek,noise,0.0,A,F5,1,0,,nan,0,path_adjacency,0,0,0,barabasi_albert,medium,2,38.95
1,deepseek,noise,0.0,A,F5,1,0,,nan,0,path_adjacency,0,0,0,barabasi_albert,medium,3,38.02
20,deepseek,noise,0.0,A,F1,1,0,,nan,0,path_adjacency,0,0,0,erdos_renyi,small,1,39.66
20,deepseek,noise,0.0,A,F1,1,0,,nan,0,path_adjacency,0,0,0,erdos_renyi,small,2,33.79
20,deepseek,noise,0.0,A,F1,1,0,,nan,0,path_adjacency,0,0,0,erdos_renyi,small,3,39.05
20,deepseek,noise,0.0,A,F2,1,0,,nan,0,path_adjacency,0,0,0,erdos_renyi,small,1,44.78
20,deepseek,noise,0.0,A,F2,1,0,,nan,0,path_adjacency,0,0,0,erdos_renyi,small,2,40.42
20,deepseek,noise,0.0,A,F2,1,1,288,-22.58064516129032,0,none,78,210,5,erdos_renyi,small,3,36.5
20,deepseek,noise,0.0,A,F3,1,0,,nan,0,path_adjacency,0,0,0,erdos_renyi,small,1,40.82
20,deepseek,noise,0.0,A,F3,1,0,,nan,0,path_adjacency,0,0,0,erdos_renyi,small,2,35.17
20,deepseek,noise,0.0,A,F3,1,1,288,-22.58064516129032,0,none,78,210,5,erdos_renyi,small,3,27.44
20,deepseek,noise,0.0,A,F4,1,0,,nan,0,path_adjacency,0,0,0,erdos_renyi,small,1,47.55
20,deepseek,noise,0.0,A,F4,1,0,,nan,0,path_adjacency,0,0,0,erdos_renyi,small,2,43.25
20,deepseek,noise,0.0,A,F4,1,1,288,-22.58064516129032,0,none,78,210,5,erdos_renyi,small,3,25.57
20,deepseek,noise,0.0,A,F5,1,0,,nan,0,path_adjacency,0,0,0,erdos_renyi,small,1,40.62
20,deepseek,noise,0.0,A,F5,1,0,,nan,0,path_adjacency,0,0,0,erdos_renyi,small,2,43.48
20,deepseek,noise,0.0,A,F5,1,1,288,-22.58064516129032,0,none,78,210,5,erdos_renyi,small,3,55.28
2,deepseek,noise,0.0,A,F1,1,1,283,-42.59634888438134,0,none,136,147,7,barabasi_albert,medium,1,60.6
2,deepseek,noise,0.0,A,F1,1,0,,nan,0,path_adjacency,0,0,0,barabasi_albert,medium,2,45.04
2,deepseek,noise,0.0,A,F1,1,1,283,-42.59634888438134,0,none,136,147,7,barabasi_albert,medium,3,33.32
2,deepseek,noise,0.0,A,F2,1,1,283,-42.59634888438134,0,none,136,147,7,barabasi_albert,medium,1,31.34
2,deepseek,noise,0.0,A,F2,1,0,,nan,0,path_adjacency,0,0,0,barabasi_albert,medium,2,66.66
2,deepseek,noise,0.0,A,F2,1,1,283,-42.59634888438134,0,none,136,147,7,barabasi_albert,medium,3,55.25
2,deepseek,noise,0.0,A,F3,1,0,,nan,0,path_adjacency,0,0,0,barabasi_albert,medium,1,41.21
2,deepseek,noise,0.0,A,F3,1,0,,nan,0,path_adjacency,0,0,0,barabasi_albert,medium,2,78.26
2,deepseek,noise,0.0,A,F3,1,1,283,-42.59634888438134,0,none,136,147,7,barabasi_albert,medium,3,55.67
2,deepseek,noise,0.0,A,F4,1,0,,nan,0,path_adjacency,0,0,0,barabasi_albert,medium,1,67.43
2,deepseek,noise,0.0,A,F4,1,0,,nan,0,path_adjacency,0,0,0,barabasi_albert,medium,2,41.8
2,deepseek,noise,0.0,A,F4,1,1,283,-42.59634888438134,0,none,136,147,7,barabasi_albert,medium,3,48.1
2,deepseek,noise,0.0,A,F5,1,0,,nan,0,path_adjacency,0,0,0,barabasi_albert,medium,1,44.2
2,deepseek,noise,0.0,A,F5,1,0,,nan,0,path_adjacency,0,0,0,barabasi_albert,medium,2,38.46
2,deepseek,noise,0.0,A,F5,1,0,,nan,0,path_adjacency,0,0,0,barabasi_albert,medium,3,46.06
3,deepseek,noise,0.0,A,F1,1,0,,nan,0,path_adjacency,0,0,0,erdos_renyi,large,1,43.14
3,deepseek,noise,0.0,A,F1,1,1,300,-22.68041237113402,0,none,124,176,8,erdos_renyi,large,2,52.38
3,deepseek,noise,0.0,A,F1,1,0,,nan,0,path_adjacency,0,0,0,erdos_renyi,large,3,54.8
3,deepseek,noise,0.0,A,F2,1,0,,nan,0,path_adjacency,0,0,0,erdos_renyi,large,1,60.86
3,deepseek,noise,0.0,A,F2,1,1,300,-22.68041237113402,0,none,124,176,8,erdos_renyi,large,2,107.64
3,deepseek,noise,0.0,A,F2,1,1,300,-22.68041237113402,0,none,124,176,8,erdos_renyi,large,3,64.24
3,deepseek,noise,0.0,A,F3,1,1,300,-22.68041237113402,0,none,124,176,8,erdos_renyi,large,1,28.41
3,deepseek,noise,0.0,A,F3,1,0,,nan,0,path_adjacency,0,0,0,erdos_renyi,large,2,36.36
3,deepseek,noise,0.0,A,F3,1,1,300,-22.68041237113402,0,none,124,176,8,erdos_renyi,large,3,67.21
3,deepseek,noise,0.0,A,F4,1,0,,nan,0,path_adjacency,0,0,0,erdos_renyi,large,1,47.57
3,deepseek,noise,0.0,A,F4,1,1,300,-22.68041237113402,0,none,124,176,8,erdos_renyi,large,2,39.1
3,deepseek,noise,0.0,A,F4,1,1,300,-22.68041237113402,0,none,124,176,8,erdos_renyi,large,3,40.47
3,deepseek,noise,0.0,A,F5,1,1,300,-22.68041237113402,0,none,124,176,8,erdos_renyi,large,1,57.83
3,deepseek,noise,0.0,A,F5,1,0,,nan,0,path_adjacency,0,0,0,erdos_renyi,large,2,54.42
3,deepseek,noise,0.0,A,F5,1,1,300,-22.68041237113402,0,none,124,176,8,erdos_renyi,large,3,44.49
4,deepseek,noise,0.0,A,F1,1,0,,nan,0,path_adjacency,0,0,0,barabasi_albert,small,1,50.79
4,deepseek,noise,0.0,A,F1,1,0,,nan,0,path_adjacency,0,0,0,barabasi_albert,small,2,54.24
4,deepseek,noise,0.0,A,F1,1,0,,nan,0,path_adjacency,0,0,0,barabasi_albert,small,3,25.26
4,deepseek,noise,0.0,A,F2,1,0,,nan,0,path_adjacency,0,0,0,barabasi_albert,small,1,49.14
4,deepseek,noise,0.0,A,F2,1,0,,nan,0,path_adjacency,0,0,0,barabasi_albert,small,2,51.9
4,deepseek,noise,0.0,A,F2,1,0,,nan,0,path_adjacency,0,0,0,barabasi_albert,small,3,57.78
4,deepseek,noise,0.0,A,F3,1,0,,nan,0,path_adjacency,0,0,0,barabasi_albert,small,1,46.0
4,deepseek,noise,0.0,A,F3,1,0,,nan,0,path_adjacency,0,0,0,barabasi_albert,small,2,69.08
4,deepseek,noise,0.0,A,F3,1,1,504,-42.857142857142854,0,none,126,378,7,barabasi_albert,small,3,39.2
4,deepseek,noise,0.0,A,F4,1,0,,nan,0,path_adjacency,0,0,0,barabasi_albert,small,1,33.91
4,deepseek,noise,0.0,A,F4,1,0,,nan,0,path_adjacency,0,0,0,barabasi_albert,small,2,29.77
4,deepseek,noise,0.0,A,F4,1,1,504,-42.857142857142854,0,none,126,378,7,barabasi_albert,small,3,38.87
4,deepseek,noise,0.0,A,F5,1,0,,nan,0,path_adjacency,0,0,0,barabasi_albert,small,1,54.65
4,deepseek,noise,0.0,A,F5,1,0,,nan,0,path_adjacency,0,0,0,barabasi_albert,small,2,52.96
4,deepseek,noise,0.0,A,F5,1,1,504,-42.857142857142854,0,none,126,378,7,barabasi_albert,small,3,50.63
5,deepseek,noise,0.0,A,F1,1,0,,nan,0,path_adjacency,0,0,0,waxman,medium,1,100.31
5,deepseek,noise,0.0,A,F1,1,0,,nan,0,path_adjacency,0,0,0,waxman,medium,2,79.91
5,deepseek,noise,0.0,A,F1,1,0,,nan,0,path_adjacency,0,0,0,waxman,medium,3,83.83
5,deepseek,noise,0.0,A,F2,1,1,202,-70.38123167155426,0,none,82,120,6,waxman,medium,1,101.87
5,deepseek,noise,0.0,A,F2,1,1,162,-76.24633431085044,0,none,82,80,4,waxman,medium,2,130.02
5,deepseek,noise,0.0,A,F2,1,0,,nan,1,parse_error,0,0,0,waxman,medium,3,123.86
5,deepseek,noise,0.0,A,F3,1,1,242,-64.51612903225806,0,none,82,160,8,waxman,medium,1,82.09
5,deepseek,noise,0.0,A,F3,1,0,,nan,0,path_adjacency,0,0,0,waxman,medium,2,51.38
5,deepseek,noise,0.0,A,F3,1,0,,nan,0,path_adjacency,0,0,0,waxman,medium,3,69.05
5,deepseek,noise,0.0,A,F4,1,1,162,-76.24633431085044,0,none,82,80,4,waxman,medium,1,73.87
5,deepseek,noise,0.0,A,F4,1,0,,nan,1,parse_error,0,0,0,waxman,medium,2,137.78
5,deepseek,noise,0.0,A,F4,1,1,162,-76.24633431085044,0,none,82,80,4,waxman,medium,3,91.92
5,deepseek,noise,0.0,A,F5,1,1,162,-76.24633431085044,0,none,82,80,4,waxman,medium,1,40.68
5,deepseek,noise,0.0,A,F5,1,0,,nan,0,path_adjacency,0,0,0,waxman,medium,2,79.34
5,deepseek,noise,0.0,A,F5,1,1,202,-70.38123167155426,0,none,82,120,6,waxman,medium,3,116.97
6,deepseek,noise,0.0,A,F1,1,0,,nan,1,parse_error,0,0,0,waxman,medium,1,131.15
6,deepseek,noise,0.0,A,F1,1,0,,nan,1,parse_error,0,0,0,waxman,medium,2,132.99
6,deepseek,noise,0.0,A,F1,1,0,,nan,1,parse_error,0,0,0,waxman,medium,3,129.92
6,deepseek,noise,0.0,A,F2,1,0,,nan,0,path_adjacency,0,0,0,waxman,medium,1,112.08
6,deepseek,noise,0.0,A,F2,1,0,,nan,1,parse_error,0,0,0,waxman,medium,2,135.92
6,deepseek,noise,0.0,A,F2,1,0,,nan,1,parse_error,0,0,0,waxman,medium,3,128.48
6,deepseek,noise,0.0,A,F3,1,0,,nan,0,path_adjacency,0,0,0,waxman,medium,1,77.25
6,deepseek,noise,0.0,A,F3,1,0,,nan,0,path_adjacency,0,0,0,waxman,medium,2,137.97
6,deepseek,noise,0.0,A,F3,1,0,,nan,1,parse_error,0,0,0,waxman,medium,3,138.61
6,deepseek,noise,0.0,A,F4,1,0,,nan,1,parse_error,0,0,0,waxman,medium,1,138.11
6,deepseek,noise,0.0,A,F4,1,0,,nan,1,parse_error,0,0,0,waxman,medium,2,140.85
6,deepseek,noise,0.0,A,F4,1,0,,nan,1,parse_error,0,0,0,waxman,medium,3,120.34
6,deepseek,noise,0.0,A,F5,1,0,,nan,0,path_adjacency,0,0,0,waxman,medium,1,94.33
6,deepseek,noise,0.0,A,F5,1,0,,nan,0,path_adjacency,0,0,0,waxman,medium,2,120.22
6,deepseek,noise,0.0,A,F5,1,0,,nan,1,parse_error,0,0,0,waxman,medium,3,134.34
7,deepseek,noise,0.0,A,F1,1,0,,nan,0,path_adjacency,0,0,0,erdos_renyi,small,1,29.15
7,deepseek,noise,0.0,A,F1,1,0,,nan,0,path_adjacency,0,0,0,erdos_renyi,small,2,53.69
7,deepseek,noise,0.0,A,F1,1,1,446,-45.006165228113446,0,none,81,365,5,erdos_renyi,small,3,40.41
7,deepseek,noise,0.0,A,F2,1,0,,nan,0,path_adjacency,0,0,0,erdos_renyi,small,1,46.24
7,deepseek,noise,0.0,A,F2,1,0,,nan,0,path_adjacency,0,0,0,erdos_renyi,small,2,32.05
7,deepseek,noise,0.0,A,F2,1,1,519,-36.00493218249075,0,none,81,438,6,erdos_renyi,small,3,39.21
7,deepseek,noise,0.0,A,F3,1,0,,nan,0,path_adjacency,0,0,0,erdos_renyi,small,1,50.3
7,deepseek,noise,0.0,A,F3,1,0,,nan,0,path_adjacency,0,0,0,erdos_renyi,small,2,34.58
7,deepseek,noise,0.0,A,F3,1,1,446,-45.006165228113446,0,none,81,365,5,erdos_renyi,small,3,35.61
7,deepseek,noise,0.0,A,F4,1,0,,nan,0,path_adjacency,0,0,0,erdos_renyi,small,1,31.24
7,deepseek,noise,0.0,A,F4,1,0,,nan,0,path_adjacency,0,0,0,erdos_renyi,small,2,39.65
7,deepseek,noise,0.0,A,F4,1,1,446,-45.006165228113446,0,none,81,365,5,erdos_renyi,small,3,25.67
7,deepseek,noise,0.0,A,F5,1,0,,nan,0,path_adjacency,0,0,0,erdos_renyi,small,1,37.94
7,deepseek,noise,0.0,A,F5,1,0,,nan,0,path_adjacency,0,0,0,erdos_renyi,small,2,38.22
7,deepseek,noise,0.0,A,F5,1,1,446,-45.006165228113446,0,none,81,365,5,erdos_renyi,small,3,37.19
8,deepseek,noise,0.0,A,F1,1,0,,nan,1,parse_error,0,0,0,waxman,medium,1,136.1
8,deepseek,noise,0.0,A,F1,1,0,,nan,1,parse_error,0,0,0,waxman,medium,2,131.74
8,deepseek,noise,0.0,A,F1,1,0,,nan,1,parse_error,0,0,0,waxman,medium,3,139.17
8,deepseek,noise,0.0,A,F2,1,0,,nan,1,parse_error,0,0,0,waxman,medium,1,138.18
8,deepseek,noise,0.0,A,F2,1,0,,nan,1,parse_error,0,0,0,waxman,medium,2,142.5
8,deepseek,noise,0.0,A,F2,1,0,,nan,1,parse_error,0,0,0,waxman,medium,3,142.13
8,deepseek,noise,0.0,A,F3,1,0,,nan,1,parse_error,0,0,0,waxman,medium,1,146.28
8,deepseek,noise,0.0,A,F3,1,0,,nan,0,path_adjacency,0,0,0,waxman,medium,2,146.54
8,deepseek,noise,0.0,A,F3,1,0,,nan,1,parse_error,0,0,0,waxman,medium,3,143.62
8,deepseek,noise,0.0,A,F4,1,0,,nan,1,parse_error,0,0,0,waxman,medium,1,147.3
8,deepseek,noise,0.0,A,F4,1,0,,nan,0,path_adjacency,0,0,0,waxman,medium,2,146.77
8,deepseek,noise,0.0,A,F4,1,0,,nan,1,parse_error,0,0,0,waxman,medium,3,148.8
8,deepseek,noise,0.0,A,F5,1,0,,nan,1,parse_error,0,0,0,waxman,medium,1,145.34
8,deepseek,noise,0.0,A,F5,1,0,,nan,0,path_adjacency,0,0,0,waxman,medium,2,91.6
8,deepseek,noise,0.0,A,F5,1,0,,nan,1,parse_error,0,0,0,waxman,medium,3,143.0
9,deepseek,noise,0.0,A,F1,1,1,324,-43.75,0,none,128,196,7,barabasi_albert,large,1,47.14
9,deepseek,noise,0.0,A,F1,1,1,268,-53.47222222222222,0,none,128,140,5,barabasi_albert,large,2,74.69
9,deepseek,noise,0.0,A,F1,1,1,324,-43.75,0,none,128,196,7,barabasi_albert,large,3,48.21
9,deepseek,noise,0.0,A,F2,1,0,,nan,0,path_adjacency,0,0,0,barabasi_albert,large,1,50.84
9,deepseek,noise,0.0,A,F2,1,1,324,-43.75,0,none,128,196,7,barabasi_albert,large,2,96.82
9,deepseek,noise,0.0,A,F2,1,0,,nan,0,path_adjacency,0,0,0,barabasi_albert,large,3,52.75
9,deepseek,noise,0.0,A,F3,1,1,324,-43.75,0,none,128,196,7,barabasi_albert,large,1,60.02
9,deepseek,noise,0.0,A,F3,1,0,,nan,0,path_adjacency,0,0,0,barabasi_albert,large,2,41.12
9,deepseek,noise,0.0,A,F3,1,0,,nan,0,path_adjacency,0,0,0,barabasi_albert,large,3,60.27
9,deepseek,noise,0.0,A,F4,1,0,,nan,0,path_adjacency,0,0,0,barabasi_albert,large,1,26.91
9,deepseek,noise,0.0,A,F4,1,0,,nan,0,path_adjacency,0,0,0,barabasi_albert,large,2,41.77
9,deepseek,noise,0.0,A,F4,1,1,324,-43.75,0,none,128,196,7,barabasi_albert,large,3,51.29
9,deepseek,noise,0.0,A,F5,1,0,,nan,0,path_adjacency,0,0,0,barabasi_albert,large,1,45.19
9,deepseek,noise,0.0,A,F5,1,0,,nan,0,path_adjacency,0,0,0,barabasi_albert,large,2,37.21
9,deepseek,noise,0.0,A,F5,1,0,,nan,0,path_adjacency,0,0,0,barabasi_albert,large,3,58.21
10,deepseek,vm_placement,0.0,A,F1,1,1,272,nan,0,none,97,175,5,waxman,medium,0,21.09
10,deepseek,vm_placement,0.0,A,F2,1,1,272,nan,0,none,97,175,5,waxman,medium,0,22.45
10,deepseek,vm_placement,0.0,A,F3,1,1,272,nan,0,none,97,175,5,waxman,medium,0,22.98
10,deepseek,vm_placement,0.0,A,F4,1,1,272,nan,0,none,97,175,5,waxman,medium,0,27.62
10,deepseek,vm_placement,0.0,A,F5,1,1,272,nan,0,none,97,175,5,waxman,medium,0,29.75
11,deepseek,vm_placement,0.0,A,F1,1,0,,nan,0,path_adjacency,0,0,0,waxman,medium,0,124.9
11,deepseek,vm_placement,0.0,A,F2,1,0,,nan,0,path_adjacency,0,0,0,waxman,medium,0,112.99
11,deepseek,vm_placement,0.0,A,F3,1,0,,nan,0,path_adjacency,0,0,0,waxman,medium,0,72.73
11,deepseek,vm_placement,0.0,A,F4,1,1,786,nan,0,none,138,648,9,waxman,medium,0,90.83
11,deepseek,vm_placement,0.0,A,F5,1,0,,nan,1,parse_error,0,0,0,waxman,medium,0,156.95
12,deepseek,vm_placement,0.0,A,F1,1,0,,nan,0,path_adjacency,0,0,0,waxman,large,0,75.53
12,deepseek,vm_placement,0.0,A,F2,1,0,,nan,0,path_adjacency,0,0,0,waxman,large,0,71.93
12,deepseek,vm_placement,0.0,A,F3,1,0,,nan,1,parse_error,0,0,0,waxman,large,0,144.79
12,deepseek,vm_placement,0.0,A,F4,1,0,,nan,1,parse_error,0,0,0,waxman,large,0,141.53
12,deepseek,vm_placement,0.0,A,F5,1,1,320,-70.0374531835206,0,none,82,238,7,waxman,large,0,104.91
13,deepseek,vm_placement,0.0,A,F1,1,1,673,-62.04173716864072,0,none,123,550,10,waxman,small,0,107.62
13,deepseek,vm_placement,0.0,A,F2,1,1,1003,-43.42921601804851,0,none,123,880,16,waxman,small,0,84.61
13,deepseek,vm_placement,0.0,A,F3,1,0,,nan,0,path_adjacency,0,0,0,waxman,small,0,144.8
13,deepseek,vm_placement,0.0,A,F4,1,0,,nan,1,parse_error,0,0,0,waxman,small,0,147.8
13,deepseek,vm_placement,0.0,A,F5,1,1,453,-74.45008460236888,0,none,123,330,6,waxman,small,0,119.36
14,deepseek,vm_placement,0.0,A,F1,1,0,,nan,0,path_adjacency,0,0,0,erdos_renyi,large,0,44.04
14,deepseek,vm_placement,0.0,A,F2,1,0,,nan,1,parse_error,0,0,0,erdos_renyi,large,0,107.15
14,deepseek,vm_placement,0.0,A,F3,1,1,628,-37.57455268389662,0,none,124,504,8,erdos_renyi,large,0,61.7
14,deepseek,vm_placement,0.0,A,F4,1,1,628,-37.57455268389662,0,none,124,504,8,erdos_renyi,large,0,42.45
14,deepseek,vm_placement,0.0,A,F5,1,0,,nan,0,path_adjacency,0,0,0,erdos_renyi,large,0,69.15
15,deepseek,vm_placement,0.0,A,F1,1,1,847,nan,0,none,117,730,10,waxman,large,0,132.2
15,deepseek,vm_placement,0.0,A,F2,1,0,,nan,1,parse_error,0,0,0,waxman,large,0,153.08
15,deepseek,vm_placement,0.0,A,F3,1,0,,nan,1,parse_error,0,0,0,waxman,large,0,146.67
15,deepseek,vm_placement,0.0,A,F4,1,0,,nan,1,parse_error,0,0,0,waxman,large,0,159.81
15,deepseek,vm_placement,0.0,A,F5,1,1,847,nan,0,none,117,730,10,waxman,large,0,132.63
16,deepseek,vm_placement,0.0,A,F1,1,1,316,nan,0,none,148,168,7,erdos_renyi,large,0,54.06
16,deepseek,vm_placement,0.0,A,F2,1,0,,nan,1,parse_error,0,0,0,erdos_renyi,large,0,120.6
16,deepseek,vm_placement,0.0,A,F3,1,0,,nan,0,path_adjacency,0,0,0,erdos_renyi,large,0,38.28
16,deepseek,vm_placement,0.0,A,F4,1,1,316,nan,0,none,148,168,7,erdos_renyi,large,0,34.49
16,deepseek,vm_placement,0.0,A,F5,1,0,,nan,0,path_adjacency,0,0,0,erdos_renyi,large,0,34.27
17,deepseek,vm_placement,0.0,A,F1,1,1,413,-39.353891336270195,0,none,78,335,5,erdos_renyi,medium,0,35.45
17,deepseek,vm_placement,0.0,A,F2,1,1,413,-39.353891336270195,0,none,78,335,5,erdos_renyi,medium,0,38.78
17,deepseek,vm_placement,0.0,A,F3,1,1,413,-39.353891336270195,0,none,78,335,5,erdos_renyi,medium,0,48.93
17,deepseek,vm_placement,0.0,A,F4,1,0,,nan,0,path_adjacency,0,0,0,erdos_renyi,medium,0,43.21
17,deepseek,vm_placement,0.0,A,F5,1,0,,nan,0,path_adjacency,0,0,0,erdos_renyi,medium,0,47.4
18,deepseek,vm_placement,0.0,A,F1,1,1,425,-39.71631205673759,0,none,75,350,5,erdos_renyi,small,0,32.92
18,deepseek,vm_placement,0.0,A,F2,1,1,425,-39.71631205673759,0,none,75,350,5,erdos_renyi,small,0,56.0
18,deepseek,vm_placement,0.0,A,F3,1,1,425,-39.71631205673759,0,none,75,350,5,erdos_renyi,small,0,31.69
18,deepseek,vm_placement,0.0,A,F4,1,0,,nan,0,path_adjacency,0,0,0,erdos_renyi,small,0,40.64
18,deepseek,vm_placement,0.0,A,F5,1,1,425,-39.71631205673759,0,none,75,350,5,erdos_renyi,small,0,28.11
19,deepseek,vm_placement,0.0,A,F1,1,1,459,-73.01587301587301,0,none,162,297,11,waxman,medium,0,44.18
19,deepseek,vm_placement,0.0,A,F2,1,1,459,-73.01587301587301,0,none,162,297,11,waxman,medium,0,146.92
19,deepseek,vm_placement,0.0,A,F3,1,0,,nan,1,parse_error,0,0,0,waxman,medium,0,148.27
19,deepseek,vm_placement,0.0,A,F4,1,1,459,-73.01587301587301,0,none,162,297,11,waxman,medium,0,39.16
19,deepseek,vm_placement,0.0,A,F5,1,1,459,-73.01587301587301,0,none,162,297,11,waxman,medium,0,87.9
1,deepseek,vm_placement,0.0,A,F1,1,0,,nan,0,path_adjacency,0,0,0,barabasi_albert,medium,0,46.97
1,deepseek,vm_placement,0.0,A,F2,1,0,,nan,0,path_adjacency,0,0,0,barabasi_albert,medium,0,47.02
1,deepseek,vm_placement,0.0,A,F3,1,1,384,-43.859649122807014,0,none,144,240,8,barabasi_albert,medium,0,38.86
1,deepseek,vm_placement,0.0,A,F4,1,1,384,-43.859649122807014,0,none,144,240,8,barabasi_albert,medium,0,31.2
1,deepseek,vm_placement,0.0,A,F5,1,1,384,-43.859649122807014,0,none,144,240,8,barabasi_albert,medium,0,37.84
20,deepseek,vm_placement,0.0,A,F1,1,1,288,-22.58064516129032,0,none,78,210,5,erdos_renyi,small,0,39.82
20,deepseek,vm_placement,0.0,A,F2,1,1,288,-22.58064516129032,0,none,78,210,5,erdos_renyi,small,0,57.22
20,deepseek,vm_placement,0.0,A,F3,1,1,288,-22.58064516129032,0,none,78,210,5,erdos_renyi,small,0,34.4
20,deepseek,vm_placement,0.0,A,F4,1,1,288,-22.58064516129032,0,none,78,210,5,erdos_renyi,small,0,32.37
20,deepseek,vm_placement,0.0,A,F5,1,1,288,-22.58064516129032,0,none,78,210,5,erdos_renyi,small,0,42.03
2,deepseek,vm_placement,0.0,A,F1,1,1,283,-42.59634888438134,0,none,136,147,7,barabasi_albert,medium,0,33.5
2,deepseek,vm_placement,0.0,A,F2,1,1,283,-42.59634888438134,0,none,136,147,7,barabasi_albert,medium,0,49.15
2,deepseek,vm_placement,0.0,A,F3,1,1,283,-42.59634888438134,0,none,136,147,7,barabasi_albert,medium,0,48.86
2,deepseek,vm_placement,0.0,A,F4,1,1,283,-42.59634888438134,0,none,136,147,7,barabasi_albert,medium,0,26.57
2,deepseek,vm_placement,0.0,A,F5,1,1,304,-38.33671399594321,0,none,136,168,8,barabasi_albert,medium,0,37.51
3,deepseek,vm_placement,0.0,A,F1,1,1,300,-22.68041237113402,0,none,124,176,8,erdos_renyi,large,0,48.81
3,deepseek,vm_placement,0.0,A,F2,1,0,,nan,0,path_adjacency,0,0,0,erdos_renyi,large,0,82.92
3,deepseek,vm_placement,0.0,A,F3,1,0,,nan,0,path_adjacency,0,0,0,erdos_renyi,large,0,42.82
3,deepseek,vm_placement,0.0,A,F4,1,1,300,-22.68041237113402,0,none,124,176,8,erdos_renyi,large,0,37.95
3,deepseek,vm_placement,0.0,A,F5,1,1,300,-22.68041237113402,0,none,124,176,8,erdos_renyi,large,0,36.22
4,deepseek,vm_placement,0.0,A,F1,1,1,504,-42.857142857142854,0,none,126,378,7,barabasi_albert,small,0,44.61
4,deepseek,vm_placement,0.0,A,F2,1,1,504,-42.857142857142854,0,none,126,378,7,barabasi_albert,small,0,41.66
4,deepseek,vm_placement,0.0,A,F3,1,1,504,-42.857142857142854,0,none,126,378,7,barabasi_albert,small,0,35.43
4,deepseek,vm_placement,0.0,A,F4,1,1,504,-42.857142857142854,0,none,126,378,7,barabasi_albert,small,0,54.44
4,deepseek,vm_placement,0.0,A,F5,1,1,504,-42.857142857142854,0,none,126,378,7,barabasi_albert,small,0,50.89
5,deepseek,vm_placement,0.0,A,F1,1,1,162,-76.24633431085044,0,none,82,80,4,waxman,medium,0,77.12
5,deepseek,vm_placement,0.0,A,F2,1,1,162,-76.24633431085044,0,none,82,80,4,waxman,medium,0,88.21
5,deepseek,vm_placement,0.0,A,F3,1,1,162,-76.24633431085044,0,none,82,80,4,waxman,medium,0,29.2
5,deepseek,vm_placement,0.0,A,F4,1,1,202,-70.38123167155426,0,none,82,120,6,waxman,medium,0,45.34
5,deepseek,vm_placement,0.0,A,F5,1,1,162,-76.24633431085044,0,none,82,80,4,waxman,medium,0,112.85
6,deepseek,vm_placement,0.0,A,F1,1,1,1467,nan,0,none,158,1309,17,waxman,medium,0,108.22
6,deepseek,vm_placement,0.0,A,F2,1,0,,nan,1,parse_error,0,0,0,waxman,medium,0,145.66
6,deepseek,vm_placement,0.0,A,F3,1,0,,nan,0,path_adjacency,0,0,0,waxman,medium,0,75.55
6,deepseek,vm_placement,0.0,A,F4,1,0,,nan,1,parse_error,0,0,0,waxman,medium,0,149.23
6,deepseek,vm_placement,0.0,A,F5,1,0,,nan,1,parse_error,0,0,0,waxman,medium,0,158.49
7,deepseek,vm_placement,0.0,A,F1,1,1,446,-45.006165228113446,0,none,81,365,5,erdos_renyi,small,0,32.84
7,deepseek,vm_placement,0.0,A,F2,1,1,446,-45.006165228113446,0,none,81,365,5,erdos_renyi,small,0,60.0
7,deepseek,vm_placement,0.0,A,F3,1,0,,nan,0,path_adjacency,0,0,0,erdos_renyi,small,0,46.54
7,deepseek,vm_placement,0.0,A,F4,1,1,446,-45.006165228113446,0,none,81,365,5,erdos_renyi,small,0,48.18
7,deepseek,vm_placement,0.0,A,F5,1,0,,nan,0,path_adjacency,0,0,0,erdos_renyi,small,0,53.34
8,deepseek,vm_placement,0.0,A,F1,1,1,1048,nan,0,none,138,910,13,waxman,medium,0,172.67
8,deepseek,vm_placement,0.0,A,F2,1,0,,nan,1,parse_error,0,0,0,waxman,medium,0,178.56
8,deepseek,vm_placement,0.0,A,F3,1,0,,nan,1,parse_error,0,0,0,waxman,medium,0,180.26
8,deepseek,vm_placement,0.0,A,F4,1,1,1048,nan,0,none,138,910,13,waxman,medium,0,140.72
8,deepseek,vm_placement,0.0,A,F5,1,0,,nan,1,parse_error,0,0,0,waxman,medium,0,163.71
9,deepseek,vm_placement,0.0,A,F1,1,1,324,-43.75,0,none,128,196,7,barabasi_albert,large,0,56.27
9,deepseek,vm_placement,0.0,A,F2,1,1,324,-43.75,0,none,128,196,7,barabasi_albert,large,0,75.49
9,deepseek,vm_placement,0.0,A,F3,1,0,,nan,0,path_adjacency,0,0,0,barabasi_albert,large,0,58.59
9,deepseek,vm_placement,0.0,A,F4,1,1,380,-34.02777777777778,0,none,128,252,9,barabasi_albert,large,0,56.49
9,deepseek,vm_placement,0.0,A,F5,1,1,324,-43.75,0,none,128,196,7,barabasi_albert,large,0,34.68
