1001,gpt,large_graphs,0.0,A,F1,1,0,,nan,0,path_adjacency,0,0,0,erdos_renyi,extra_large,0,50.66
1001,gpt,large_graphs,0.0,A,F2,1,0,,nan,0,path_adjacency,0,0,0,erdos_renyi,extra_large,0,31.15
1001,gpt,large_graphs,0.0,A,F3,1,0,,nan,0,path_adjacency,0,0,0,erdos_renyi,extra_large,0,28.82
1001,gpt,large_graphs,0.0,A,F4,1,0,,nan,0,path_adjacency,0,0,0,erdos_renyi,extra_large,0,24.71
1001,gpt,large_graphs,0.0,A,F5,1,1,503,-23.206106870229007,0,none,161,342,9,erdos_renyi,extra_large,0,34.84
1002,gpt,large_graphs,0.0,A,F1,1,1,312,-51.02040816326531,0,none,137,175,7,barabasi_albert,extra_large,0,47.47
1002,gpt,large_graphs,0.0,A,F2,1,1,312,-51.02040816326531,0,none,137,175,7,barabasi_albert,extra_large,0,31.9
1002,gpt,large_graphs,0.0,A,F3,1,1,312,-51.02040816326531,0,none,137,175,7,barabasi_albert,extra_large,0,31.6
1002,gpt,large_graphs,0.0,A,F4,1,1,312,-51.02040816326531,0,none,137,175,7,barabasi_albert,extra_large,0,25.16
1002,gpt,large_graphs,0.0,A,F5,1,1,312,-51.02040816326531,0,none,137,175,7,barabasi_albert,extra_large,0,18.27
1003,gpt,large_graphs,0.0,A,F1,1,0,,nan,0,path_adjacency,0,0,0,waxman,extra_large,0,58.64
1003,gpt,large_graphs,0.0,A,F2,1,1,393,-70.15945330296127,0,none,141,252,9,waxman,extra_large,0,47.89
1003,gpt,large_graphs,0.0,A,F3,1,0,,nan,0,path_adjacency,0,0,0,waxman,extra_large,0,41.02
1003,gpt,large_graphs,0.0,A,F4,1,0,,nan,0,path_adjacency,0,0,0,waxman,extra_large,0,24.58
1003,gpt,large_graphs,0.0,A,F5,1,1,393,-70.15945330296127,0,none,141,252,9,waxman,extra_large,0,25.6
1004,gpt,large_graphs,0.0,A,F1,1,1,271,-72.14799588900308,0,none,109,162,6,waxman,extra_large,0,57.86
1004,gpt,large_graphs,0.0,A,F2,1,0,,nan,0,path_adjacency,0,0,0,waxman,extra_large,0,53.21
1004,gpt,large_graphs,0.0,A,F3,1,1,379,-61.04830421377184,0,none,109,270,10,waxman,extra_large,0,27.1
1004,gpt,large_graphs,0.0,A,F4,1,1,298,-69.37307297019527,0,none,109,189,7,waxman,extra_large,0,75.63
1004,gpt,large_graphs,0.0,A,F5,1,1,298,-69.37307297019527,0,none,109,189,7,waxman,extra_large,0,28.15
1005,gpt,large_graphs,0.0,A,F1,1,0,,nan,0,path_adjacency,0,0,0,erdos_renyi,extra_large,0,21.73
1005,gpt,large_graphs,0.0,A,F2,1,0,,nan,0,path_adjacency,0,0,0,erdos_renyi,extra_large,0,40.01
1005,gpt,large_graphs,0.0,A,F3,1,0,,nan,0,path_adjacency,0,0,0,erdos_renyi,extra_large,0,30.61
1005,gpt,large_graphs,0.0,A,F4,1,1,368,-28.125,0,none,80,288,6,erdos_renyi,extra_large,0,38.36
1005,gpt,large_graphs,0.0,A,F5,1,1,368,-28.125,0,none,80,288,6,erdos_renyi,extra_large,0,28.09
1006,gpt,large_graphs,0.0,A,F1,1,0,,nan,0,path_adjacency,0,0,0,barabasi_albert,extra_large,0,52.55
1006,gpt,large_graphs,0.0,A,F2,1,1,324,-53.84615384615385,0,none,54,270,5,barabasi_albert,extra_large,0,22.37
1006,gpt,large_graphs,0.0,A,F3,1,0,,nan,0,path_adjacency,0,0,0,barabasi_albert,extra_large,0,21.2
1006,gpt,large_graphs,0.0,A,F4,1,1,324,-53.84615384615385,0,none,54,270,5,barabasi_albert,extra_large,0,42.45
1006,gpt,large_graphs,0.0,A,F5,1,1,324,-53.84615384615385,0,none,54,270,5,barabasi_albert,extra_large,0,16.55
1007,gpt,large_graphs,0.0,A,F1,1,1,667,-62.295081967213115,0,none,145,522,9,waxman,extra_large,0,67.14
1007,gpt,large_graphs,0.0,A,F2,1,1,667,-62.295081967213115,0,none,145,522,9,waxman,extra_large,0,80.96
1007,gpt,large_graphs,0.0,A,F3,1,1,667,-62.295081967213115,0,none,145,522,9,waxman,extra_large,0,42.08
1007,gpt,large_graphs,0.0,A,F4,1,1,667,-62.295081967213115,0,none,145,522,9,waxman,extra_large,0,59.5
1007,gpt,large_graphs,0.0,A,F5,1,0,,nan,0,path_adjacency,0,0,0,waxman,extra_large,0,49.71
1008,gpt,large_graphs,0.0,A,F1,1,0,,nan,0,path_adjacency,0,0,0,erdos_renyi,extra_large,0,47.62
1008,gpt,large_graphs,0.0,A,F2,1,0,,nan,0,path_adjacency,0,0,0,erdos_renyi,extra_large,0,102.93
1008,gpt,large_graphs,0.0,A,F3,1,1,696,-37.634408602150536,0,none,136,560,8,erdos_renyi,extra_large,0,31.14
1008,gpt,large_graphs,0.0,A,F4,1,0,,nan,0,path_adjacency,0,0,0,erdos_renyi,extra_large,0,35.64
1008,gpt,large_graphs,0.0,A,F5,1,1,696,-37.634408602150536,0,none,136,560,8,erdos_renyi,extra_large,0,16.62
1009,gpt,large_graphs,0.0,A,F1,1,1,609,-33.442622950819676,0,none,167,442,13,barabasi_albert,extra_large,0,34.36
1009,gpt,large_graphs,0.0,A,F2,1,0,,nan,0,path_adjacency,0,0,0,barabasi_albert,extra_large,0,55.32
1009,gpt,large_graphs,0.0,A,F3,1,1,473,-48.306010928961754,0,none,167,306,9,barabasi_albert,extra_large,0,22.45
1009,gpt,large_graphs,0.0,A,F4,1,1,473,-48.306010928961754,0,none,167,306,9,barabasi_albert,extra_large,0,39.28
1009,gpt,large_graphs,0.0,A,F5,1,1,473,-48.306010928961754,0,none,167,306,9,barabasi_albert,extra_large,0,23.32
1010,gpt,large_graphs,0.0,A,F1,1,1,431,-45.85427135678392,0,none,66,365,5,waxman,extra_large,0,22.8
1010,gpt,large_graphs,0.0,A,F2,1,0,,nan,0,path_adjacency,0,0,0,waxman,extra_large,0,37.06
1010,gpt,large_graphs,0.0,A,F3,1,1,431,-45.85427135678392,0,none,66,365,5,waxman,extra_large,0,26.51
1010,gpt,large_graphs,0.0,A,F4,1,0,,nan,0,path_adjacency,0,0,0,waxman,extra_large,0,26.55
1010,gpt,large_graphs,0.0,A,F5,1,1,431,-45.85427135678392,0,none,66,365,5,waxman,extra_large,0,11.4
1011,gpt,large_graphs,0.0,A,F1,1,0,,nan,0,path_adjacency,0,0,0,erdos_renyi,extra_large,0,42.17
1011,gpt,large_graphs,0.0,A,F2,1,0,,nan,0,path_adjacency,0,0,0,erdos_renyi,extra_large,0,18.97
1011,gpt,large_graphs,0.0,A,F3,1,0,,nan,0,path_adjacency,0,0,0,erdos_renyi,extra_large,0,33.64
1011,gpt,large_graphs,0.0,A,F4,1,1,303,-18.766756032171582,0,none,93,210,6,erdos_renyi,extra_large,0,23.88
1011,gpt,large_graphs,0.0,A,F5,1,1,303,-18.766756032171582,0,none,93,210,6,erdos_renyi,extra_large,0,27.79
1012,gpt,large_graphs,0.0,A,F1,1,1,325,-65.31483457844183,0,none,109,216,6,waxman,extra_large,0,22.93
1012,gpt,large_graphs,0.0,A,F2,1,1,325,-65.31483457844183,0,none,109,216,6,waxman,extra_large,0,18.06
1012,gpt,large_graphs,0.0,A,F3,1,1,325,-65.31483457844183,0,none,109,216,6,waxman,extra_large,0,23.25
1012,gpt,large_graphs,0.0,A,F4,1,1,325,-65.31483457844183,0,none,109,216,6,waxman,extra_large,0,41.09
1012,gpt,large_graphs,0.0,A,F5,1,1,325,-65.31483457844183,0,none,109,216,6,waxman,extra_large,0,25.8
1013,gpt,large_graphs,0.0,A,F1,1,1,619,-66.41345632121542,0,none,160,459,9,waxman,extra_large,0,57.37
1013,gpt,large_graphs,0.0,A,F2,1,0,,nan,1,parse_error,0,0,0,waxman,extra_large,0,14.96
1013,gpt,large_graphs,0.0,A,F3,1,0,,nan,0,path_adjacency,0,0,0,waxman,extra_large,0,86.9
1013,gpt,large_graphs,0.0,A,F4,1,0,,nan,0,path_adjacency,0,0,0,waxman,extra_large,0,31.31
1013,gpt,large_graphs,0.0,A,F5,1,1,619,-66.41345632121542,0,none,160,459,9,waxman,extra_large,0,20.33
1014,gpt,large_graphs,0.0,A,F1,1,0,,nan,0,path_adjacency,0,0,0,erdos_renyi,extra_large,0,53.99
1014,gpt,large_graphs,0.0,A,F2,1,0,,nan,0,path_adjacency,0,0,0,erdos_renyi,extra_large,0,34.24
1014,gpt,large_graphs,0.0,A,F3,1,0,,nan,0,path_adjacency,0,0,0,erdos_renyi,extra_large,0,36.78
1014,gpt,large_graphs,0.0,A,F4,1,1,401,-21.218074656188605,0,none,158,243,9,erdos_renyi,extra_large,0,44.43
1014,gpt,large_graphs,0.0,A,F5,1,1,401,-21.218074656188605,0,none,158,243,9,erdos_renyi,extra_large,0,44.67
1015,gpt,large_graphs,0.0,A,F1,1,1,668,-56.225425950196595,0,none,122,546,7,barabasi_albert,extra_large,0,33.93
1015,gpt,large_graphs,0.0,A,F2,1,1,668,-56.225425950196595,0,none,122,546,7,barabasi_albert,extra_large,0,34.36
1015,gpt,large_graphs,0.0,A,F3,1,1,668,-56.225425950196595,0,none,122,546,7,barabasi_albert,extra_large,0,30.43
1015,gpt,large_graphs,0.0,A,F4,1,0,,nan,0,path_adjacency,0,0,0,barabasi_albert,extra_large,0,55.36
1015,gpt,large_graphs,0.0,A,F5,1,1,668,-56.225425950196595,0,none,122,546,7,barabasi_albert,extra_large,0,45.51
1016,gpt,large_graphs,0.0,A,F1,1,0,,nan,0,path_adjacency,0,0,0,erdos_renyi,extra_large,0,43.87
1016,gpt,large_graphs,0.0,A,F2,1,0,,nan,0,path_adjacency,0,0,0,erdos_renyi,extra_large,0,99.23
1016,gpt,large_graphs,0.0,A,F3,1,0,,nan,0,path_adjacency,0,0,0,erdos_renyi,extra_large,0,55.25
1016,gpt,large_graphs,0.0,A,F4,1,1,602,18.503937007874015,0,none,179,423,9,erdos_renyi,extra_large,0,50.87
1016,gpt,large_graphs,0.0,A,F5,1,0,,nan,0,path_adjacency,0,0,0,erdos_renyi,extra_large,0,50.51
1017,gpt,large_graphs,0.0,A,F1,1,0,,nan,0,path_adjacency,0,0,0,barabasi_albert,extra_large,0,23.99
1017,gpt,large_graphs,0.0,A,F2,1,0,,nan,0,path_adjacency,0,0,0,barabasi_albert,extra_large,0,26.01
1017,gpt,large_graphs,0.0,A,F3,1,0,,nan,0,path_adjacency,0,0,0,barabasi_albert,extra_large,0,39.82
1017,gpt,large_graphs,0.0,A,F4,1,0,,nan,0,path_adjacency,0,0,0,barabasi_albert,extra_large,0,20.87
1017,gpt,large_graphs,0.0,A,F5,1,1,262,-49.0272373540856,0,none,94,168,6,barabasi_albert,extra_large,0,26.33
1018,gpt,large_graphs,0.0,A,F1,1,1,301,-54.46293494704992,0,none,141,160,8,waxman,extra_large,0,29.97
1018,gpt,large_graphs,0.0,A,F2,1,1,301,-54.46293494704992,0,none,141,160,8,waxman,extra_large,0,43.6
1018,gpt,large_graphs,0.0,A,F3,1,0,,nan,0,path_adjacency,0,0,0,waxman,extra_large,0,25.44
1018,gpt,large_graphs,0.0,A,F4,1,0,,nan,0,path_adjacency,0,0,0,waxman,extra_large,0,18.65
1018,gpt,large_graphs,0.0,A,F5,1,0,,nan,0,path_adjacency,0,0,0,waxman,extra_large,0,33.26
1019,gpt,large_graphs,0.0,A,F1,1,1,708,-38.003502626970224,0,none,150,558,9,erdos_renyi,extra_large,0,46.7
1019,gpt,large_graphs,0.0,A,F2,1,1,646,-43.43257443082312,0,none,150,496,8,erdos_renyi,extra_large,0,95.68
1019,gpt,large_graphs,0.0,A,F3,1,0,,nan,0,path_adjacency,0,0,0,erdos_renyi,extra_large,0,32.01
1019,gpt,large_graphs,0.0,A,F4,1,0,,nan,0,path_adjacency,0,0,0,erdos_renyi,extra_large,0,53.05
1019,gpt,large_graphs,0.0,A,F5,1,0,,nan,0,path_adjacency,0,0,0,erdos_renyi,extra_large,0,34.86
1020,gpt,large_graphs,0.0,A,F1,1,1,615,-66.8284789644013,0,none,143,472,8,waxman,extra_large,0,66.85
1020,gpt,large_graphs,0.0,A,F2,1,0,,nan,1,parse_error,0,0,0,waxman,extra_large,0,19.14
1020,gpt,large_graphs,0.0,A,F3,1,1,615,-66.8284789644013,0,none,143,472,8,waxman,extra_large,0,18.85
1020,gpt,large_graphs,0.0,A,F4,1,1,615,-66.8284789644013,0,none,143,472,8,waxman,extra_large,0,25.61
1020,gpt,large_graphs,0.0,A,F5,1,1,615,-66.8284789644013,0,none,143,472,8,waxman,extra_large,0,25.94
1021,gpt,large_graphs,0.0,A,F1,1,0,,nan,0,path_adjacency,0,0,0,waxman,extra_large,0,77.47
1021,gpt,large_graphs,0.0,A,F2,1,1,403,-60.17786561264822,0,none,142,261,9,waxman,extra_large,0,83.18
1021,gpt,large_graphs,0.0,A,F3,1,1,403,-60.17786561264822,0,none,142,261,9,waxman,extra_large,0,35.3
1021,gpt,large_graphs,0.0,A,F4,1,0,,nan,0,path_adjacency,0,0,0,waxman,extra_large,0,95.82
1021,gpt,large_graphs,0.0,A,F5,1,1,403,-60.17786561264822,0,none,142,261,9,waxman,extra_large,0,59.9
1022,gpt,large_graphs,0.0,A,F1,1,1,419,-60.05719733079123,0,none,69,350,5,barabasi_albert,extra_large,0,16.88
1022,gpt,large_graphs,0.0,A,F2,1,1,419,-60.05719733079123,0,none,69,350,5,barabasi_albert,extra_large,0,35.16
1022,gpt,large_graphs,0.0,A,F3,1,1,419,-60.05719733079123,0,none,69,350,5,barabasi_albert,extra_large,0,18.27
1022,gpt,large_graphs,0.0,A,F4,1,1,419,-60.05719733079123,0,none,69,350,5,barabasi_albert,extra_large,0,46.51
1022,gpt,large_graphs,0.0,A,F5,1,1,419,-60.05719733079123,0,none,69,350,5,barabasi_albert,extra_large,0,24.01
1023,gpt,large_graphs,0.0,A,F1,1,0,,nan,0,path_adjacency,0,0,0,waxman,extra_large,0,41.2
1023,gpt,large_graphs,0.0,A,F2,1,0,,nan,1,parse_error,0,0,0,waxman,extra_large,0,18.13
1023,gpt,large_graphs,0.0,A,F3,1,1,302,-65.60364464692483,0,none,86,216,6,waxman,extra_large,0,22.51
1023,gpt,large_graphs,0.0,A,F4,1,1,302,-65.60364464692483,0,none,86,216,6,waxman,extra_large,0,21.97
1023,gpt,large_graphs,0.0,A,F5,1,0,,nan,0,path_adjacency,0,0,0,waxman,extra_large,0,33.12
1024,gpt,large_graphs,0.0,A,F1,1,1,401,-58.78725590955807,0,none,93,308,7,waxman,extra_large,0,28.26
1024,gpt,large_graphs,0.0,A,F2,1,0,,nan,0,path_adjacency,0,0,0,waxman,extra_large,0,32.18
1024,gpt,large_graphs,0.0,A,F3,1,0,,nan,0,path_adjacency,0,0,0,waxman,extra_large,0,24.57
1024,gpt,large_graphs,0.0,A,F4,1,0,,nan,0,path_adjacency,0,0,0,waxman,extra_large,0,28.62
1024,gpt,large_graphs,0.0,A,F5,1,0,,nan,0,path_adjacency,0,0,0,waxman,extra_large,0,24.48
1025,gpt,large_graphs,0.0,A,F1,1,0,,nan,0,path_adjacency,0,0,0,erdos_renyi,extra_large,0,20.98
1025,gpt,large_graphs,0.0,A,F2,1,0,,nan,0,path_adjacency,0,0,0,erdos_renyi,extra_large,0,17.23
1025,gpt,large_graphs,0.0,A,F3,1,1,392,-28.073394495412845,0,none,86,306,6,erdos_renyi,extra_large,0,32.52
1025,gpt,large_graphs,0.0,A,F4,1,0,,nan,0,path_adjacency,0,0,0,erdos_renyi,extra_large,0,28.18
1025,gpt,large_graphs,0.0,A,F5,1,1,392,-28.073394495412845,0,none,86,306,6,erdos_renyi,extra_large,0,49.58
1026,gpt,large_graphs,0.0,A,F1,1,1,541,-58.73379099923722,0,none,121,420,6,barabasi_albert,extra_large,0,15.6
1026,gpt,large_graphs,0.0,A,F2,1,0,,nan,0,path_adjacency,0,0,0,barabasi_albert,extra_large,0,44.54
1026,gpt,large_graphs,0.0,A,F3,1,1,541,-58.73379099923722,0,none,121,420,6,barabasi_albert,extra_large,0,19.86
1026,gpt,large_graphs,0.0,A,F4,1,0,,nan,0,path_adjacency,0,0,0,barabasi_albert,extra_large,0,28.56
1026,gpt,large_graphs,0.0,A,F5,1,1,541,-58.73379099923722,0,none,121,420,6,barabasi_albert,extra_large,0,20.78
1027,gpt,large_graphs,0.0,A,F1,1,0,,nan,0,path_adjacency,0,0,0,barabasi_albert,extra_large,0,18.19
1027,gpt,large_graphs,0.0,A,F2,1,0,,nan,0,path_adjacency,0,0,0,barabasi_albert,extra_large,0,39.54
1027,gpt,large_graphs,0.0,A,F3,1,1,421,-54.925053533190585,0,none,79,342,6,barabasi_albert,extra_large,0,21.42
1027,gpt,large_graphs,0.0,A,F4,1,1,421,-54.925053533190585,0,none,79,342,6,barabasi_albert,extra_large,0,26.06
1027,gpt,large_graphs,0.0,A,F5,1,1,421,-54.925053533190585,0,none,79,342,6,barabasi_albert,extra_large,0,23.62
1028,gpt,large_graphs,0.0,A,F1,1,0,,nan,0,path_adjacency,0,0,0,erdos_renyi,extra_large,0,39.59
1028,gpt,large_graphs,0.0,A,F2,1,0,,nan,0,path_adjacency,0,0,0,erdos_renyi,extra_large,0,72.73
1028,gpt,large_graphs,0.0,A,F3,1,0,,nan,0,path_adjacency,0,0,0,erdos_renyi,extra_large,0,47.78
1028,gpt,large_graphs,0.0,A,F4,1,1,466,-17.08185053380783,0,none,130,336,7,erdos_renyi,extra_large,0,38.03
1028,gpt,large_graphs,0.0,A,F5,1,0,,nan,0,path_adjacency,0,0,0,erdos_renyi,extra_large,0,39.93
1029,gpt,large_graphs,0.0,A,F1,1,0,,nan,0,path_adjacency,0,0,0,barabasi_albert,extra_large,0,33.06
1029,gpt,large_graphs,0.0,A,F2,1,1,361,-61.83932346723044,0,none,91,270,6,barabasi_albert,extra_large,0,35.48
1029,gpt,large_graphs,0.0,A,F3,1,1,361,-61.83932346723044,0,none,91,270,6,barabasi_albert,extra_large,0,43.63
1029,gpt,large_graphs,0.0,A,F4,1,0,,nan,0,path_adjacency,0,0,0,barabasi_albert,extra_large,0,30.37
1029,gpt,large_graphs,0.0,A,F5,1,1,361,-61.83932346723044,0,none,91,270,6,barabasi_albert,extra_large,0,38.19
1030,gpt,large_graphs,0.0,A,F1,1,0,,nan,0,path_adjacency,0,0,0,erdos_renyi,extra_large,0,42.8
1030,gpt,large_graphs,0.0,A,F2,1,0,,nan,0,path_adjacency,0,0,0,erdos_renyi,extra_large,0,61.28
1030,gpt,large_graphs,0.0,A,F3,1,1,496,-34.04255319148936,0,none,112,384,6,erdos_renyi,extra_large,0,33.74
1030,gpt,large_graphs,0.0,A,F4,1,1,432,-42.5531914893617,0,none,112,320,5,erdos_renyi,extra_large,0,41.05
1030,gpt,large_graphs,0.0,A,F5,1,0,,nan,0,path_adjacency,0,0,0,erdos_renyi,extra_large,0,34.88
100,gpt,main_t0,0.0,A,F1,1,0,,nan,0,path_adjacency,0,0,0,erdos_renyi,large,0,29.25
100,gpt,main_t0,0.0,A,F2,1,1,257,-21.88449848024316,0,none,77,180,5,erdos_renyi,large,0,42.57
100,gpt,main_t0,0.0,A,F3,1,0,,nan,0,path_adjacency,0,0,0,erdos_renyi,large,0,30.27
100,gpt,main_t0,0.0,A,F4,1,0,,nan,0,path_adjacency,0,0,0,erdos_renyi,large,0,46.15
100,gpt,main_t0,0.0,A,F5,1,1,257,-21.88449848024316,0,none,77,180,5,erdos_renyi,large,0,15.73
101,gpt,main_t0,0.0,A,F1,1,1,695,nan,0,none,56,639,9,waxman,medium,0,59.51
101,gpt,main_t0,0.0,A,F2,1,0,,nan,1,parse_error,0,0,0,waxman,medium,0,57.39
101,gpt,main_t0,0.0,A,F3,1,0,,nan,1,parse_error,0,0,0,waxman,medium,0,43.46
101,gpt,main_t0,0.0,A,F4,1,0,,nan,0,path_adjacency,0,0,0,waxman,medium,0,46.17
101,gpt,main_t0,0.0,A,F5,1,0,,nan,1,parse_error,0,0,0,waxman,medium,0,56.96
102,gpt,main_t0,0.0,A,F1,1,0,,nan,0,path_adjacency,0,0,0,barabasi_albert,medium,0,28.53
102,gpt,main_t0,0.0,A,F2,1,1,851,-50.20479812755998,0,none,149,702,9,barabasi_albert,medium,0,52.16
102,gpt,main_t0,0.0,A,F3,1,0,,nan,0,path_adjacency,0,0,0,barabasi_albert,medium,0,47.79
102,gpt,main_t0,0.0,A,F4,1,1,851,-50.20479812755998,0,none,149,702,9,barabasi_albert,medium,0,29.95
102,gpt,main_t0,0.0,A,F5,1,0,,nan,0,path_adjacency,0,0,0,barabasi_albert,medium,0,40.53
103,gpt,main_t0,0.0,A,F1,1,1,664,nan,0,none,92,572,11,waxman,small,0,26.24
103,gpt,main_t0,0.0,A,F2,1,0,,nan,1,parse_error,0,0,0,waxman,small,0,113.69
103,gpt,main_t0,0.0,A,F3,1,0,,nan,1,parse_error,0,0,0,waxman,small,0,23.13
103,gpt,main_t0,0.0,A,F4,1,0,,nan,1,parse_error,0,0,0,waxman,small,0,90.2
103,gpt,main_t0,0.0,A,F5,1,0,,nan,1,parse_error,0,0,0,waxman,small,0,51.36
104,gpt,main_t0,0.0,A,F1,1,0,,nan,1,parse_error,0,0,0,waxman,medium,0,30.24
104,gpt,main_t0,0.0,A,F2,1,0,,nan,1,parse_error,0,0,0,waxman,medium,0,71.48
104,gpt,main_t0,0.0,A,F3,1,1,394,-82.67370272647318,0,none,65,329,7,waxman,medium,0,23.17
104,gpt,main_t0,0.0,A,F4,1,1,394,-82.67370272647318,0,none,65,329,7,waxman,medium,0,18.65
104,gpt,main_t0,0.0,A,F5,1,1,394,-82.67370272647318,0,none,65,329,7,waxman,medium,0,34.25
105,gpt,main_t0,0.0,A,F1,1,0,,nan,0,path_adjacency,0,0,0,waxman,medium,0,41.21
105,gpt,main_t0,0.0,A,F2,1,0,,nan,1,parse_error,0,0,0,waxman,medium,0,119.71
105,gpt,main_t0,0.0,A,F3,1,0,,nan,1,parse_error,0,0,0,waxman,medium,0,71.54
105,gpt,main_t0,0.0,A,F4,1,0,,nan,1,parse_error,0,0,0,waxman,medium,0,65.92
105,gpt,main_t0,0.0,A,F5,1,0,,nan,1,parse_error,0,0,0,waxman,medium,0,91.19
106,gpt,main_t0,0.0,A,F1,1,0,,nan,0,path_adjacency,0,0,0,erdos_renyi,medium,0,33.76
106,gpt,main_t0,0.0,A,F2,1,1,314,-19.48717948717949,0,none,86,228,6,erdos_renyi,medium,0,50.66
106,gpt,main_t0,0.0,A,F3,1,1,314,-19.48717948717949,0,none,86,228,6,erdos_renyi,medium,0,22.36
106,gpt,main_t0,0.0,A,F4,1,0,,nan,0,path_adjacency,0,0,0,erdos_renyi,medium,0,25.7
106,gpt,main_t0,0.0,A,F5,1,0,,nan,0,path_adjacency,0,0,0,erdos_renyi,medium,0,24.53
107,gpt,main_t0,0.0,A,F1,1,0,,nan,0,path_adjacency,0,0,0,waxman,large,0,56.0
107,gpt,main_t0,0.0,A,F2,1,0,,nan,1,parse_error,0,0,0,waxman,large,0,69.78
107,gpt,main_t0,0.0,A,F3,1,0,,nan,0,path_adjacency,0,0,0,waxman,large,0,22.12
107,gpt,main_t0,0.0,A,F4,1,1,353,-77.8405524168236,0,none,153,200,10,waxman,large,0,90.08
107,gpt,main_t0,0.0,A,F5,1,0,,nan,1,parse_error,0,0,0,waxman,large,0,78.16
108,gpt,main_t0,0.0,A,F1,1,1,372,-48.476454293628805,0,none,72,300,6,barabasi_albert,large,0,32.25
108,gpt,main_t0,0.0,A,F2,1,1,372,-48.476454293628805,0,none,72,300,6,barabasi_albert,large,0,64.2
108,gpt,main_t0,0.0,A,F3,1,1,372,-48.476454293628805,0,none,72,300,6,barabasi_albert,large,0,28.68
108,gpt,main_t0,0.0,A,F4,1,1,372,-48.476454293628805,0,none,72,300,6,barabasi_albert,large,0,29.56
108,gpt,main_t0,0.0,A,F5,1,0,,nan,0,path_adjacency,0,0,0,barabasi_albert,large,0,27.27
109,gpt,main_t0,0.0,A,F1,1,0,,nan,0,path_adjacency,0,0,0,waxman,medium,0,20.74
109,gpt,main_t0,0.0,A,F2,1,0,,nan,1,parse_error,0,0,0,waxman,medium,0,79.38
109,gpt,main_t0,0.0,A,F3,1,0,,nan,0,path_adjacency,0,0,0,waxman,medium,0,44.7
109,gpt,main_t0,0.0,A,F4,1,1,312,-77.71428571428571,0,none,74,238,7,waxman,medium,0,38.44
109,gpt,main_t0,0.0,A,F5,1,0,,nan,0,path_adjacency,0,0,0,waxman,medium,0,37.59
10,gpt,main_t0,0.0,A,F1,1,1,272,nan,0,none,97,175,5,waxman,medium,0,12.21
10,gpt,main_t0,0.0,A,F2,1,0,,nan,0,path_adjacency,0,0,0,waxman,medium,0,21.67
10,gpt,main_t0,0.0,A,F3,1,0,,nan,1,parse_error,0,0,0,waxman,medium,0,39.89
10,gpt,main_t0,0.0,A,F4,1,1,272,nan,0,none,97,175,5,waxman,medium,0,13.5
10,gpt,main_t0,0.0,A,F5,1,0,,nan,0,path_adjacency,0,0,0,waxman,medium,0,12.61
110,gpt,main_t0,0.0,A,F1,1,1,582,-54.02843601895735,0,none,126,456,6,barabasi_albert,medium,0,15.59
110,gpt,main_t0,0.0,A,F2,1,0,,nan,0,path_adjacency,0,0,0,barabasi_albert,medium,0,36.98
110,gpt,main_t0,0.0,A,F3,1,1,582,-54.02843601895735,0,none,126,456,6,barabasi_albert,medium,0,37.69
110,gpt,main_t0,0.0,A,F4,1,0,,nan,0,path_adjacency,0,0,0,barabasi_albert,medium,0,18.69
110,gpt,main_t0,0.0,A,F5,1,1,582,-54.02843601895735,0,none,126,456,6,barabasi_albert,medium,0,14.47
111,gpt,main_t0,0.0,A,F1,1,1,623,-41.93849021435228,0,none,98,525,7,erdos_renyi,medium,0,25.84
111,gpt,main_t0,0.0,A,F2,1,0,,nan,0,path_adjacency,0,0,0,erdos_renyi,medium,0,21.38
111,gpt,main_t0,0.0,A,F3,1,0,,nan,0,path_adjacency,0,0,0,erdos_renyi,medium,0,33.12
111,gpt,main_t0,0.0,A,F4,1,1,623,-41.93849021435228,0,none,98,525,7,erdos_renyi,medium,0,25.45
111,gpt,main_t0,0.0,A,F5,1,1,623,-41.93849021435228,0,none,98,525,7,erdos_renyi,medium,0,28.36
112,gpt,main_t0,0.0,A,F1,1,0,,nan,0,path_adjacency,0,0,0,waxman,small,0,44.42
112,gpt,main_t0,0.0,A,F2,1,0,,nan,1,parse_error,0,0,0,waxman,small,0,62.1
112,gpt,main_t0,0.0,A,F3,1,0,,nan,0,path_adjacency,0,0,0,waxman,small,0,49.92
112,gpt,main_t0,0.0,A,F4,1,1,415,-66.2327095199349,0,none,82,333,9,waxman,small,0,33.04
112,gpt,main_t0,0.0,A,F5,1,0,,nan,0,path_adjacency,0,0,0,waxman,small,0,52.72
113,gpt,main_t0,0.0,A,F1,1,0,,nan,0,path_adjacency,0,0,0,waxman,small,0,27.52
113,gpt,main_t0,0.0,A,F2,1,0,,nan,0,path_adjacency,0,0,0,waxman,small,0,19.34
113,gpt,main_t0,0.0,A,F3,1,1,598,-74.44444444444444,0,none,129,469,7,waxman,small,0,23.91
113,gpt,main_t0,0.0,A,F4,1,1,598,-74.44444444444444,0,none,129,469,7,waxman,small,0,12.74
113,gpt,main_t0,0.0,A,F5,1,0,,nan,0,path_adjacency,0,0,0,waxman,small,0,20.68
114,gpt,main_t0,0.0,A,F1,1,0,,nan,0,path_adjacency,0,0,0,waxman,medium,0,46.7
114,gpt,main_t0,0.0,A,F2,1,0,,nan,0,path_adjacency,0,0,0,waxman,medium,0,96.27
114,gpt,main_t0,0.0,A,F3,1,0,,nan,0,path_adjacency,0,0,0,waxman,medium,0,37.75
114,gpt,main_t0,0.0,A,F4,1,0,,nan,0,path_adjacency,0,0,0,waxman,medium,0,54.84
114,gpt,main_t0,0.0,A,F5,1,1,174,-86.3849765258216,0,none,82,92,4,waxman,medium,0,27.37
115,gpt,main_t0,0.0,A,F1,1,1,309,-36.15702479338843,0,none,99,210,6,erdos_renyi,medium,0,24.47
115,gpt,main_t0,0.0,A,F2,1,1,309,-36.15702479338843,0,none,99,210,6,erdos_renyi,medium,0,31.58
115,gpt,main_t0,0.0,A,F3,1,0,,nan,0,path_adjacency,0,0,0,erdos_renyi,medium,0,18.38
115,gpt,main_t0,0.0,A,F4,1,1,309,-36.15702479338843,0,none,99,210,6,erdos_renyi,medium,0,42.16
115,gpt,main_t0,0.0,A,F5,1,1,309,-36.15702479338843,0,none,99,210,6,erdos_renyi,medium,0,33.84
116,gpt,main_t0,0.0,A,F1,1,1,437,-31.39717425431711,0,none,87,350,7,erdos_renyi,medium,0,19.22
116,gpt,main_t0,0.0,A,F2,1,1,437,-31.39717425431711,0,none,87,350,7,erdos_renyi,medium,0,42.17
116,gpt,main_t0,0.0,A,F3,1,0,,nan,0,path_adjacency,0,0,0,erdos_renyi,medium,0,19.96
116,gpt,main_t0,0.0,A,F4,1,1,437,-31.39717425431711,0,none,87,350,7,erdos_renyi,medium,0,26.91
116,gpt,main_t0,0.0,A,F5,1,1,437,-31.39717425431711,0,none,87,350,7,erdos_renyi,medium,0,21.11
117,gpt,main_t0,0.0,A,F1,1,1,766,-38.32528180354267,0,none,154,612,9,erdos_renyi,medium,0,35.33
117,gpt,main_t0,0.0,A,F2,1,0,,nan,0,path_adjacency,0,0,0,erdos_renyi,medium,0,41.37
117,gpt,main_t0,0.0,A,F3,1,1,766,-38.32528180354267,0,none,154,612,9,erdos_renyi,medium,0,33.94
117,gpt,main_t0,0.0,A,F4,1,0,,nan,0,path_adjacency,0,0,0,erdos_renyi,medium,0,33.74
117,gpt,main_t0,0.0,A,F5,1,1,766,-38.32528180354267,0,none,154,612,9,erdos_renyi,medium,0,28.88
118,gpt,main_t0,0.0,A,F1,1,0,,nan,0,path_adjacency,0,0,0,erdos_renyi,small,0,32.98
118,gpt,main_t0,0.0,A,F2,1,0,,nan,0,path_adjacency,0,0,0,erdos_renyi,small,0,29.89
118,gpt,main_t0,0.0,A,F3,1,0,,nan,0,path_adjacency,0,0,0,erdos_renyi,small,0,25.63
118,gpt,main_t0,0.0,A,F4,1,0,,nan,0,path_adjacency,0,0,0,erdos_renyi,small,0,24.23
118,gpt,main_t0,0.0,A,F5,1,0,,nan,0,path_adjacency,0,0,0,erdos_renyi,small,0,44.02
119,gpt,main_t0,0.0,A,F1,1,1,617,-55.41907514450867,0,none,145,472,8,barabasi_albert,large,0,25.06
119,gpt,main_t0,0.0,A,F2,1,1,617,-55.41907514450867,0,none,145,472,8,barabasi_albert,large,0,39.6
119,gpt,main_t0,0.0,A,F3,1,0,,nan,0,path_adjacency,0,0,0,barabasi_albert,large,0,29.41
119,gpt,main_t0,0.0,A,F4,1,1,617,-55.41907514450867,0,none,145,472,8,barabasi_albert,large,0,39.47
119,gpt,main_t0,0.0,A,F5,1,1,617,-55.41907514450867,0,none,145,472,8,barabasi_albert,large,0,62.69
11,gpt,main_t0,0.0,A,F1,1,1,642,nan,0,none,138,504,7,waxman,medium,0,19.64
11,gpt,main_t0,0.0,A,F2,1,0,,nan,0,path_adjacency,0,0,0,waxman,medium,0,103.45
11,gpt,main_t0,0.0,A,F3,1,0,,nan,0,path_adjacency,0,0,0,waxman,medium,0,72.73
11,gpt,main_t0,0.0,A,F4,1,0,,nan,0,path_adjacency,0,0,0,waxman,medium,0,29.3
11,gpt,main_t0,0.0,A,F5,1,1,642,nan,0,none,138,504,7,waxman,medium,0,49.46
120,gpt,main_t0,0.0,A,F1,1,1,662,nan,0,none,102,560,7,erdos_renyi,medium,0,38.81
120,gpt,main_t0,0.0,A,F2,1,0,,nan,0,path_adjacency,0,0,0,erdos_renyi,medium,0,28.5
120,gpt,main_t0,0.0,A,F3,1,0,,nan,0,path_adjacency,0,0,0,erdos_renyi,medium,0,24.21
120,gpt,main_t0,0.0,A,F4,1,1,662,nan,0,none,102,560,7,erdos_renyi,medium,0,19.91
120,gpt,main_t0,0.0,A,F5,1,1,662,nan,0,none,102,560,7,erdos_renyi,medium,0,20.18
12,gpt,main_t0,0.0,A,F1,1,0,,nan,1,parse_error,0,0,0,waxman,large,0,49.38
12,gpt,main_t0,0.0,A,F2,1,0,,nan,1,parse_error,0,0,0,waxman,large,0,142.37
12,gpt,main_t0,0.0,A,F3,1,0,,nan,0,path_adjacency,0,0,0,waxman,large,0,61.93
12,gpt,main_t0,0.0,A,F4,1,0,,nan,0,path_adjacency,0,0,0,waxman,large,0,23.3
12,gpt,main_t0,0.0,A,F5,1,1,388,-63.670411985018724,0,none,82,306,9,waxman,large,0,17.64
13,gpt,main_t0,0.0,A,F1,1,0,,nan,0,path_adjacency,0,0,0,waxman,small,0,42.67
13,gpt,main_t0,0.0,A,F2,1,0,,nan,1,parse_error,0,0,0,waxman,small,0,60.44
13,gpt,main_t0,0.0,A,F3,1,0,,nan,1,parse_error,0,0,0,waxman,small,0,54.59
13,gpt,main_t0,0.0,A,F4,1,1,673,-62.04173716864072,0,none,123,550,10,waxman,small,0,31.73
13,gpt,main_t0,0.0,A,F5,1,0,,nan,0,path_adjacency,0,0,0,waxman,small,0,37.62
14,gpt,main_t0,0.0,A,F1,1,1,628,-37.57455268389662,0,none,124,504,8,erdos_renyi,large,0,21.77
14,gpt,main_t0,0.0,A,F2,1,0,,nan,0,path_adjacency,0,0,0,erdos_renyi,large,0,62.65
14,gpt,main_t0,0.0,A,F3,1,1,628,-37.57455268389662,0,none,124,504,8,erdos_renyi,large,0,46.71
14,gpt,main_t0,0.0,A,F4,1,0,,nan,0,path_adjacency,0,0,0,erdos_renyi,large,0,26.39
14,gpt,main_t0,0.0,A,F5,1,1,628,-37.57455268389662,0,none,124,504,8,erdos_renyi,large,0,40.44
15,gpt,main_t0,0.0,A,F1,1,1,847,nan,0,none,117,730,10,waxman,large,0,77.49
15,gpt,main_t0,0.0,A,F2,1,0,,nan,0,path_adjacency,0,0,0,waxman,large,0,83.93
15,gpt,main_t0,0.0,A,F3,1,0,,nan,0,path_adjacency,0,0,0,waxman,large,0,33.39
15,gpt,main_t0,0.0,A,F4,1,0,,nan,0,path_adjacency,0,0,0,waxman,large,0,20.16
15,gpt,main_t0,0.0,A,F5,1,0,,nan,0,path_adjacency,0,0,0,waxman,large,0,20.32
16,gpt,main_t0,0.0,A,F1,1,0,,nan,0,path_adjacency,0,0,0,erdos_renyi,large,0,20.87
16,gpt,main_t0,0.0,A,F2,1,1,316,nan,0,none,148,168,7,erdos_renyi,large,0,31.72
16,gpt,main_t0,0.0,A,F3,1,1,316,nan,0,none,148,168,7,erdos_renyi,large,0,25.21
16,gpt,main_t0,0.0,A,F4,1,0,,nan,0,path_adjacency,0,0,0,erdos_renyi,large,0,32.36
16,gpt,main_t0,0.0,A,F5,1,1,316,nan,0,none,148,168,7,erdos_renyi,large,0,26.59
17,gpt,main_t0,0.0,A,F1,1,1,413,-39.353891336270195,0,none,78,335,5,erdos_renyi,medium,0,18.08
17,gpt,main_t0,0.0,A,F2,1,1,413,-39.353891336270195,0,none,78,335,5,erdos_renyi,medium,0,51.45
17,gpt,main_t0,0.0,A,F3,1,1,413,-39.353891336270195,0,none,78,335,5,erdos_renyi,medium,0,27.68
17,gpt,main_t0,0.0,A,F4,1,1,413,-39.353891336270195,0,none,78,335,5,erdos_renyi,medium,0,24.35
17,gpt,main_t0,0.0,A,F5,1,1,413,-39.353891336270195,0,none,78,335,5,erdos_renyi,medium,0,20.11
18,gpt,main_t0,0.0,A,F1,1,1,425,-39.71631205673759,0,none,75,350,5,erdos_renyi,small,0,13.76
18,gpt,main_t0,0.0,A,F2,1,1,425,-39.71631205673759,0,none,75,350,5,erdos_renyi,small,0,17.82
18,gpt,main_t0,0.0,A,F3,1,1,425,-39.71631205673759,0,none,75,350,5,erdos_renyi,small,0,8.72
18,gpt,main_t0,0.0,A,F4,1,0,,nan,0,path_adjacency,0,0,0,erdos_renyi,small,0,20.76
18,gpt,main_t0,0.0,A,F5,1,1,425,-39.71631205673759,0,none,75,350,5,erdos_renyi,small,0,15.07
19,gpt,main_t0,0.0,A,F1,1,1,459,-73.01587301587301,0,none,162,297,11,waxman,medium,0,25.32
19,gpt,main_t0,0.0,A,F2,1,0,,nan,1,parse_error,0,0,0,waxman,medium,0,98.71
19,gpt,main_t0,0.0,A,F3,1,0,,nan,0,path_adjacency,0,0,0,waxman,medium,0,62.57
19,gpt,main_t0,0.0,A,F4,1,0,,nan,0,path_adjacency,0,0,0,waxman,medium,0,18.63
19,gpt,main_t0,0.0,A,F5,1,1,459,-73.01587301587301,0,none,162,297,11,waxman,medium,0,22.19
1,gpt,main_t0,0.0,A,F1,1,0,,nan,0,path_adjacency,0,0,0,barabasi_albert,medium,0,25.49
1,gpt,main_t0,0.0,A,F2,1,1,384,-43.859649122807014,0,none,144,240,8,barabasi_albert,medium,0,35.39
1,gpt,main_t0,0.0,A,F3,1,1,384,-43.859649122807014,0,none,144,240,8,barabasi_albert,medium,0,22.05
1,gpt,main_t0,0.0,A,F4,1,1,384,-43.859649122807014,0,none,144,240,8,barabasi_albert,medium,0,21.38
1,gpt,main_t0,0.0,A,F5,1,1,384,-43.859649122807014,0,none,144,240,8,barabasi_albert,medium,0,14.1
20,gpt,main_t0,0.0,A,F1,1,1,288,-22.58064516129032,0,none,78,210,5,erdos_renyi,small,0,23.46
20,gpt,main_t0,0.0,A,F2,1,0,,nan,0,path_adjacency,0,0,0,erdos_renyi,small,0,16.75
20,gpt,main_t0,0.0,A,F3,1,1,246,-33.87096774193548,0,none,78,168,4,erdos_renyi,small,0,12.95
20,gpt,main_t0,0.0,A,F4,1,1,288,-22.58064516129032,0,none,78,210,5,erdos_renyi,small,0,22.03
20,gpt,main_t0,0.0,A,F5,1,0,,nan,0,path_adjacency,0,0,0,erdos_renyi,small,0,28.58
21,gpt,main_t0,0.0,A,F1,1,1,1025,nan,0,none,101,924,14,waxman,large,0,32.32
21,gpt,main_t0,0.0,A,F2,1,0,,nan,0,path_adjacency,0,0,0,waxman,large,0,66.81
21,gpt,main_t0,0.0,A,F3,1,0,,nan,0,path_adjacency,0,0,0,waxman,large,0,29.09
21,gpt,main_t0,0.0,A,F4,1,0,,nan,0,path_adjacency,0,0,0,waxman,large,0,77.68
21,gpt,main_t0,0.0,A,F5,1,1,1091,nan,0,none,101,990,15,waxman,large,0,52.29
22,gpt,main_t0,0.0,A,F1,1,0,,nan,0,path_adjacency,0,0,0,barabasi_albert,small,0,19.07
22,gpt,main_t0,0.0,A,F2,1,1,570,-40.0,0,none,114,456,6,barabasi_albert,small,0,19.62
22,gpt,main_t0,0.0,A,F3,1,1,494,-48.0,0,none,114,380,5,barabasi_albert,small,0,15.7
22,gpt,main_t0,0.0,A,F4,1,0,,nan,0,path_adjacency,0,0,0,barabasi_albert,small,0,39.55
22,gpt,main_t0,0.0,A,F5,1,1,570,-40.0,0,none,114,456,6,barabasi_albert,small,0,17.75
23,gpt,main_t0,0.0,A,F1,1,0,,nan,0,path_adjacency,0,0,0,waxman,large,0,17.25
23,gpt,main_t0,0.0,A,F2,1,1,426,-83.46273291925466,0,none,125,301,7,waxman,large,0,25.07
23,gpt,main_t0,0.0,A,F3,1,1,426,-83.46273291925466,0,none,125,301,7,waxman,large,0,17.23
23,gpt,main_t0,0.0,A,F4,1,1,426,-83.46273291925466,0,none,125,301,7,waxman,large,0,13.69
23,gpt,main_t0,0.0,A,F5,1,1,426,-83.46273291925466,0,none,125,301,7,waxman,large,0,13.72
24,gpt,main_t0,0.0,A,F1,1,1,711,nan,0,none,91,620,10,waxman,medium,0,24.79
24,gpt,main_t0,0.0,A,F2,1,0,,nan,0,path_adjacency,0,0,0,waxman,medium,0,74.07
24,gpt,main_t0,0.0,A,F3,1,0,,nan,0,path_adjacency,0,0,0,waxman,medium,0,18.41
24,gpt,main_t0,0.0,A,F4,1,1,711,nan,0,none,91,620,10,waxman,medium,0,45.93
24,gpt,main_t0,0.0,A,F5,1,1,711,nan,0,none,91,620,10,waxman,medium,0,28.2
25,gpt,main_t0,0.0,A,F1,1,0,,nan,0,path_adjacency,0,0,0,waxman,medium,0,58.28
25,gpt,main_t0,0.0,A,F2,1,0,,nan,0,path_adjacency,0,0,0,waxman,medium,0,87.38
25,gpt,main_t0,0.0,A,F3,1,0,,nan,0,path_adjacency,0,0,0,waxman,medium,0,70.11
25,gpt,main_t0,0.0,A,F4,1,0,,nan,0,path_adjacency,0,0,0,waxman,medium,0,76.68
25,gpt,main_t0,0.0,A,F5,1,0,,nan,0,path_adjacency,0,0,0,waxman,medium,0,37.79
26,gpt,main_t0,0.0,A,F1,1,0,,nan,0,path_adjacency,0,0,0,waxman,medium,0,22.12
26,gpt,main_t0,0.0,A,F2,1,0,,nan,0,path_adjacency,0,0,0,waxman,medium,0,126.15
26,gpt,main_t0,0.0,A,F3,1,0,,nan,0,path_adjacency,0,0,0,waxman,medium,0,40.43
26,gpt,main_t0,0.0,A,F4,1,0,,nan,0,path_adjacency,0,0,0,waxman,medium,0,41.97
26,gpt,main_t0,0.0,A,F5,1,0,,nan,0,path_adjacency,0,0,0,waxman,medium,0,36.72
27,gpt,main_t0,0.0,A,F1,1,1,148,-43.72623574144487,0,none,56,92,4,erdos_renyi,large,0,42.76
27,gpt,main_t0,0.0,A,F2,1,1,171,-34.98098859315589,0,none,56,115,5,erdos_renyi,large,0,67.42
27,gpt,main_t0,0.0,A,F3,1,0,,nan,0,path_adjacency,0,0,0,erdos_renyi,large,0,36.95
27,gpt,main_t0,0.0,A,F4,1,1,171,-34.98098859315589,0,none,56,115,5,erdos_renyi,large,0,44.81
27,gpt,main_t0,0.0,A,F5,1,0,,nan,0,path_adjacency,0,0,0,erdos_renyi,large,0,50.64
28,gpt,main_t0,0.0,A,F1,1,0,,nan,0,path_adjacency,0,0,0,waxman,small,0,30.02
28,gpt,main_t0,0.0,A,F2,1,0,,nan,0,path_adjacency,0,0,0,waxman,small,0,28.85
28,gpt,main_t0,0.0,A,F3,1,0,,nan,0,path_adjacency,0,0,0,waxman,small,0,41.3
28,gpt,main_t0,0.0,A,F4,1,0,,nan,0,path_adjacency,0,0,0,waxman,small,0,16.57
28,gpt,main_t0,0.0,A,F5,1,0,,nan,0,path_adjacency,0,0,0,waxman,small,0,44.94
29,gpt,main_t0,0.0,A,F1,1,0,,nan,0,path_adjacency,0,0,0,waxman,small,0,20.79
29,gpt,main_t0,0.0,A,F2,1,0,,nan,0,path_adjacency,0,0,0,waxman,small,0,39.68
29,gpt,main_t0,0.0,A,F3,1,0,,nan,0,path_adjacency,0,0,0,waxman,small,0,20.3
29,gpt,main_t0,0.0,A,F4,1,0,,nan,0,path_adjacency,0,0,0,waxman,small,0,19.41
29,gpt,main_t0,0.0,A,F5,1,0,,nan,0,path_adjacency,0,0,0,waxman,small,0,28.41
2,gpt,main_t0,0.0,A,F1,1,1,283,-42.59634888438134,0,none,136,147,7,barabasi_albert,medium,0,22.71
2,gpt,main_t0,0.0,A,F2,1,0,,nan,0,path_adjacency,0,0,0,barabasi_albert,medium,0,21.27
2,gpt,main_t0,0.0,A,F3,1,1,283,-42.59634888438134,0,none,136,147,7,barabasi_albert,medium,0,24.26
2,gpt,main_t0,0.0,A,F4,1,0,,nan,0,path_adjacency,0,0,0,barabasi_albert,medium,0,15.4
2,gpt,main_t0,0.0,A,F5,1,1,283,-42.59634888438134,0,none,136,147,7,barabasi_albert,medium,0,21.33
30,gpt,main_t0,0.0,A,F1,1,0,,nan,0,path_adjacency,0,0,0,waxman,medium,0,51.65
30,gpt,main_t0,0.0,A,F2,1,0,,nan,0,path_adjacency,0,0,0,waxman,medium,0,49.05
30,gpt,main_t0,0.0,A,F3,1,0,,nan,0,path_adjacency,0,0,0,waxman,medium,0,40.25
30,gpt,main_t0,0.0,A,F4,1,0,,nan,0,path_adjacency,0,0,0,waxman,medium,0,39.07
30,gpt,main_t0,0.0,A,F5,1,0,,nan,0,path_adjacency,0,0,0,waxman,medium,0,47.58
31,gpt,main_t0,0.0,A,F1,1,0,,nan,0,path_adjacency,0,0,0,waxman,large,0,47.42
31,gpt,main_t0,0.0,A,F2,1,0,,nan,0,path_adjacency,0,0,0,waxman,large,0,111.11
31,gpt,main_t0,0.0,A,F3,1,0,,nan,1,parse_error,0,0,0,waxman,large,0,125.75
31,gpt,main_t0,0.0,A,F4,1,0,,nan,0,path_adjacency,0,0,0,waxman,large,0,114.73
31,gpt,main_t0,0.0,A,F5,1,1,428,nan,0,none,172,256,8,waxman,large,0,67.35
32,gpt,main_t0,0.0,A,F1,1,1,616,-49.34210526315789,0,none,136,480,8,barabasi_albert,large,0,25.23
32,gpt,main_t0,0.0,A,F2,1,1,616,-49.34210526315789,0,none,136,480,8,barabasi_albert,large,0,36.01
32,gpt,main_t0,0.0,A,F3,1,1,616,-49.34210526315789,0,none,136,480,8,barabasi_albert,large,0,33.47
32,gpt,main_t0,0.0,A,F4,1,0,,nan,0,path_adjacency,0,0,0,barabasi_albert,large,0,40.75
32,gpt,main_t0,0.0,A,F5,1,1,616,-49.34210526315789,0,none,136,480,8,barabasi_albert,large,0,19.29
33,gpt,main_t0,0.0,A,F1,1,0,,nan,0,path_adjacency,0,0,0,barabasi_albert,large,0,41.57
33,gpt,main_t0,0.0,A,F2,1,1,322,-52.083333333333336,0,none,112,210,6,barabasi_albert,large,0,38.83
33,gpt,main_t0,0.0,A,F3,1,1,322,-52.083333333333336,0,none,112,210,6,barabasi_albert,large,0,29.77
33,gpt,main_t0,0.0,A,F4,1,1,322,-52.083333333333336,0,none,112,210,6,barabasi_albert,large,0,18.75
33,gpt,main_t0,0.0,A,F5,1,0,,nan,0,path_adjacency,0,0,0,barabasi_albert,large,0,18.43
34,gpt,main_t0,0.0,A,F1,1,0,,nan,1,parse_error,0,0,0,waxman,small,0,57.49
34,gpt,main_t0,0.0,A,F2,1,0,,nan,1,parse_error,0,0,0,waxman,small,0,119.92
34,gpt,main_t0,0.0,A,F3,1,0,,nan,0,path_adjacency,0,0,0,waxman,small,0,99.04
34,gpt,main_t0,0.0,A,F4,1,1,1110,nan,0,none,161,949,13,waxman,small,0,36.16
34,gpt,main_t0,0.0,A,F5,1,0,,nan,1,parse_error,0,0,0,waxman,small,0,43.22
35,gpt,main_t0,0.0,A,F1,1,0,,nan,0,path_adjacency,0,0,0,erdos_renyi,small,0,28.15
35,gpt,main_t0,0.0,A,F2,1,1,372,nan,0,none,97,275,5,erdos_renyi,small,0,16.58
35,gpt,main_t0,0.0,A,F3,1,1,372,nan,0,none,97,275,5,erdos_renyi,small,0,19.48
35,gpt,main_t0,0.0,A,F4,1,1,372,nan,0,none,97,275,5,erdos_renyi,small,0,30.99
35,gpt,main_t0,0.0,A,F5,1,1,372,nan,0,none,97,275,5,erdos_renyi,small,0,19.91
36,gpt,main_t0,0.0,A,F1,1,0,,nan,0,path_adjacency,0,0,0,waxman,large,0,47.96
36,gpt,main_t0,0.0,A,F2,1,0,,nan,0,path_adjacency,0,0,0,waxman,large,0,120.06
36,gpt,main_t0,0.0,A,F3,1,1,603,-54.421768707483,0,none,93,510,17,waxman,large,0,28.94
36,gpt,main_t0,0.0,A,F4,1,1,603,-54.421768707483,0,none,93,510,17,waxman,large,0,25.85
36,gpt,main_t0,0.0,A,F5,1,1,603,-54.421768707483,0,none,93,510,17,waxman,large,0,25.17
37,gpt,main_t0,0.0,A,F1,1,1,291,-30.878859857482183,0,none,109,182,7,erdos_renyi,medium,0,33.38
37,gpt,main_t0,0.0,A,F2,1,0,,nan,0,path_adjacency,0,0,0,erdos_renyi,medium,0,37.9
37,gpt,main_t0,0.0,A,F3,1,1,291,-30.878859857482183,0,none,109,182,7,erdos_renyi,medium,0,45.18
37,gpt,main_t0,0.0,A,F4,1,0,,nan,0,path_adjacency,0,0,0,erdos_renyi,medium,0,33.31
37,gpt,main_t0,0.0,A,F5,1,1,291,-30.878859857482183,0,none,109,182,7,erdos_renyi,medium,0,18.72
38,gpt,main_t0,0.0,A,F1,1,0,,nan,0,path_adjacency,0,0,0,barabasi_albert,small,0,15.78
38,gpt,main_t0,0.0,A,F2,1,1,473,nan,0,none,102,371,7,barabasi_albert,small,0,38.19
38,gpt,main_t0,0.0,A,F3,1,1,473,nan,0,none,102,371,7,barabasi_albert,small,0,23.75
38,gpt,main_t0,0.0,A,F4,1,0,,nan,0,path_adjacency,0,0,0,barabasi_albert,small,0,27.92
38,gpt,main_t0,0.0,A,F5,1,1,473,nan,0,none,102,371,7,barabasi_albert,small,0,38.75
39,gpt,main_t0,0.0,A,F1,1,1,470,-50.21186440677966,0,none,75,395,5,barabasi_albert,small,0,33.52
39,gpt,main_t0,0.0,A,F2,1,1,470,-50.21186440677966,0,none,75,395,5,barabasi_albert,small,0,29.34
39,gpt,main_t0,0.0,A,F3,1,1,470,-50.21186440677966,0,none,75,395,5,barabasi_albert,small,0,21.54
39,gpt,main_t0,0.0,A,F4,1,1,470,-50.21186440677966,0,none,75,395,5,barabasi_albert,small,0,21.11
39,gpt,main_t0,0.0,A,F5,1,1,470,-50.21186440677966,0,none,75,395,5,barabasi_albert,small,0,22.63
3,gpt,main_t0,0.0,A,F1,1,1,300,-22.68041237113402,0,none,124,176,8,erdos_renyi,large,0,28.96
3,gpt,main_t0,0.0,A,F2,1,0,,nan,0,path_adjacency,0,0,0,erdos_renyi,large,0,40.03
3,gpt,main_t0,0.0,A,F3,1,1,300,-22.68041237113402,0,none,124,176,8,erdos_renyi,large,0,30.11
3,gpt,main_t0,0.0,A,F4,1,0,,nan,0,path_adjacency,0,0,0,erdos_renyi,large,0,46.54
3,gpt,main_t0,0.0,A,F5,1,0,,nan,0,path_adjacency,0,0,0,erdos_renyi,large,0,23.16
40,gpt,main_t0,0.0,A,F1,1,1,313,-74.25986842105263,0,none,145,168,8,waxman,large,0,46.61
40,gpt,main_t0,0.0,A,F2,1,0,,nan,0,path_adjacency,0,0,0,waxman,large,0,53.61
40,gpt,main_t0,0.0,A,F3,1,0,,nan,0,path_adjacency,0,0,0,waxman,large,0,34.32
40,gpt,main_t0,0.0,A,F4,1,1,313,-74.25986842105263,0,none,145,168,8,waxman,large,0,78.18
40,gpt,main_t0,0.0,A,F5,1,1,313,-74.25986842105263,0,none,145,168,8,waxman,large,0,41.11
41,gpt,main_t0,0.0,A,F1,1,0,,nan,0,path_adjacency,0,0,0,waxman,medium,0,59.51
41,gpt,main_t0,0.0,A,F2,1,0,,nan,1,parse_error,0,0,0,waxman,medium,0,83.64
41,gpt,main_t0,0.0,A,F3,1,1,341,-68.85844748858447,0,none,80,261,9,waxman,medium,0,38.84
41,gpt,main_t0,0.0,A,F4,1,0,,nan,0,path_adjacency,0,0,0,waxman,medium,0,46.7
41,gpt,main_t0,0.0,A,F5,1,0,,nan,0,path_adjacency,0,0,0,waxman,medium,0,65.6
42,gpt,main_t0,0.0,A,F1,1,1,559,-47.014218009478675,0,none,125,434,7,erdos_renyi,small,0,18.65
42,gpt,main_t0,0.0,A,F2,1,0,,nan,0,path_adjacency,0,0,0,erdos_renyi,small,0,14.91
42,gpt,main_t0,0.0,A,F3,1,0,,nan,0,path_adjacency,0,0,0,erdos_renyi,small,0,25.9
42,gpt,main_t0,0.0,A,F4,1,1,559,-47.014218009478675,0,none,125,434,7,erdos_renyi,small,0,13.07
42,gpt,main_t0,0.0,A,F5,1,1,559,-47.014218009478675,0,none,125,434,7,erdos_renyi,small,0,14.33
43,gpt,main_t0,0.0,A,F1,1,1,434,nan,0,none,130,304,8,erdos_renyi,small,0,15.41
43,gpt,main_t0,0.0,A,F2,1,1,434,nan,0,none,130,304,8,erdos_renyi,small,0,16.08
43,gpt,main_t0,0.0,A,F3,1,0,,nan,0,path_adjacency,0,0,0,erdos_renyi,small,0,23.27
43,gpt,main_t0,0.0,A,F4,1,1,434,nan,0,none,130,304,8,erdos_renyi,small,0,22.9
43,gpt,main_t0,0.0,A,F5,1,1,434,nan,0,none,130,304,8,erdos_renyi,small,0,20.32
44,gpt,main_t0,0.0,A,F1,1,0,,nan,0,path_adjacency,0,0,0,waxman,small,0,15.43
44,gpt,main_t0,0.0,A,F2,1,1,710,nan,0,none,174,536,8,waxman,small,0,15.36
44,gpt,main_t0,0.0,A,F3,1,0,,nan,0,path_adjacency,0,0,0,waxman,small,0,41.04
44,gpt,main_t0,0.0,A,F4,1,1,710,nan,0,none,174,536,8,waxman,small,0,19.33
44,gpt,main_t0,0.0,A,F5,1,0,,nan,0,path_adjacency,0,0,0,waxman,small,0,24.34
45,gpt,main_t0,0.0,A,F1,1,0,,nan,0,path_adjacency,0,0,0,barabasi_albert,medium,0,20.5
45,gpt,main_t0,0.0,A,F2,1,1,206,-20.76923076923077,0,none,71,135,5,barabasi_albert,medium,0,29.59
45,gpt,main_t0,0.0,A,F3,1,0,,nan,0,path_adjacency,0,0,0,barabasi_albert,medium,0,11.9
45,gpt,main_t0,0.0,A,F4,1,1,206,-20.76923076923077,0,none,71,135,5,barabasi_albert,medium,0,16.63
45,gpt,main_t0,0.0,A,F5,1,1,206,-20.76923076923077,0,none,71,135,5,barabasi_albert,medium,0,24.57
46,gpt,main_t0,0.0,A,F1,1,0,,nan,1,parse_error,0,0,0,waxman,medium,0,54.22
46,gpt,main_t0,0.0,A,F2,1,0,,nan,1,parse_error,0,0,0,waxman,medium,0,90.51
46,gpt,main_t0,0.0,A,F3,1,0,,nan,1,parse_error,0,0,0,waxman,medium,0,28.0
46,gpt,main_t0,0.0,A,F4,1,0,,nan,1,parse_error,0,0,0,waxman,medium,0,75.93
46,gpt,main_t0,0.0,A,F5,1,0,,nan,1,parse_error,0,0,0,waxman,medium,0,46.23
47,gpt,main_t0,0.0,A,F1,1,1,612,nan,0,none,108,504,8,waxman,large,0,28.77
47,gpt,main_t0,0.0,A,F2,1,0,,nan,0,path_adjacency,0,0,0,waxman,large,0,108.65
47,gpt,main_t0,0.0,A,F3,1,0,,nan,0,path_adjacency,0,0,0,waxman,large,0,63.58
47,gpt,main_t0,0.0,A,F4,1,0,,nan,1,parse_error,0,0,0,waxman,large,0,35.71
47,gpt,main_t0,0.0,A,F5,1,1,612,nan,0,none,108,504,8,waxman,large,0,76.05
48,gpt,main_t0,0.0,A,F1,1,1,1661,-35.14252245216712,0,none,111,1550,31,waxman,medium,0,36.99
48,gpt,main_t0,0.0,A,F2,1,0,,nan,1,parse_error,0,0,0,waxman,medium,0,65.73
48,gpt,main_t0,0.0,A,F3,1,0,,nan,0,path_adjacency,0,0,0,waxman,medium,0,47.21
48,gpt,main_t0,0.0,A,F4,1,0,,nan,1,parse_error,0,0,0,waxman,medium,0,72.97
48,gpt,main_t0,0.0,A,F5,1,0,,nan,1,parse_error,0,0,0,waxman,medium,0,42.47
49,gpt,main_t0,0.0,A,F1,1,1,206,-84.83063328424153,0,none,78,128,4,waxman,medium,0,17.05
49,gpt,main_t0,0.0,A,F2,1,0,,nan,0,path_adjacency,0,0,0,waxman,medium,0,81.11
49,gpt,main_t0,0.0,A,F3,1,0,,nan,0,path_adjacency,0,0,0,waxman,medium,0,37.12
49,gpt,main_t0,0.0,A,F4,1,0,,nan,0,path_adjacency,0,0,0,waxman,medium,0,37.24
49,gpt,main_t0,0.0,A,F5,1,0,,nan,1,parse_error,0,0,0,waxman,medium,0,35.91
4,gpt,main_t0,0.0,A,F1,1,1,504,-42.857142857142854,0,none,126,378,7,barabasi_albert,small,0,24.57
4,gpt,main_t0,0.0,A,F2,1,0,,nan,0,path_adjacency,0,0,0,barabasi_albert,small,0,19.52
4,gpt,main_t0,0.0,A,F3,1,1,504,-42.857142857142854,0,none,126,378,7,barabasi_albert,small,0,32.81
4,gpt,main_t0,0.0,A,F4,1,1,504,-42.857142857142854,0,none,126,378,7,barabasi_albert,small,0,27.45
4,gpt,main_t0,0.0,A,F5,1,1,504,-42.857142857142854,0,none,126,378,7,barabasi_albert,small,0,26.09
50,gpt,main_t0,0.0,A,F1,1,1,499,-21.169036334913113,0,none,97,402,6,erdos_renyi,medium,0,16.49
50,gpt,main_t0,0.0,A,F2,1,0,,nan,0,path_adjacency,0,0,0,erdos_renyi,medium,0,35.17
50,gpt,main_t0,0.0,A,F3,1,0,,nan,0,path_adjacency,0,0,0,erdos_renyi,medium,0,26.18
50,gpt,main_t0,0.0,A,F4,1,0,,nan,0,path_adjacency,0,0,0,erdos_renyi,medium,0,34.15
50,gpt,main_t0,0.0,A,F5,1,1,499,-21.169036334913113,0,none,97,402,6,erdos_renyi,medium,0,30.93
51,gpt,main_t0,0.0,A,F1,1,1,312,-78.51239669421489,0,none,102,210,7,waxman,large,0,12.69
51,gpt,main_t0,0.0,A,F2,1,1,312,-78.51239669421489,0,none,102,210,7,waxman,large,0,22.67
51,gpt,main_t0,0.0,A,F3,1,1,312,-78.51239669421489,0,none,102,210,7,waxman,large,0,13.82
51,gpt,main_t0,0.0,A,F4,1,1,312,-78.51239669421489,0,none,102,210,7,waxman,large,0,21.0
51,gpt,main_t0,0.0,A,F5,1,1,312,-78.51239669421489,0,none,102,210,7,waxman,large,0,26.71
52,gpt,main_t0,0.0,A,F1,1,1,309,-23.325062034739457,0,none,74,235,5,erdos_renyi,medium,0,20.56
52,gpt,main_t0,0.0,A,F2,1,1,309,-23.325062034739457,0,none,74,235,5,erdos_renyi,medium,0,19.13
52,gpt,main_t0,0.0,A,F3,1,0,,nan,0,path_adjacency,0,0,0,erdos_renyi,medium,0,13.61
52,gpt,main_t0,0.0,A,F4,1,1,309,-23.325062034739457,0,none,74,235,5,erdos_renyi,medium,0,11.81
52,gpt,main_t0,0.0,A,F5,1,1,309,-23.325062034739457,0,none,74,235,5,erdos_renyi,medium,0,22.66
53,gpt,main_t0,0.0,A,F1,1,1,372,-44.22788605697151,0,none,77,295,5,barabasi_albert,medium,0,17.16
53,gpt,main_t0,0.0,A,F2,1,1,372,-44.22788605697151,0,none,77,295,5,barabasi_albert,medium,0,31.6
53,gpt,main_t0,0.0,A,F3,1,1,372,-44.22788605697151,0,none,77,295,5,barabasi_albert,medium,0,22.73
53,gpt,main_t0,0.0,A,F4,1,0,,nan,0,path_adjacency,0,0,0,barabasi_albert,medium,0,18.06
53,gpt,main_t0,0.0,A,F5,1,1,372,-44.22788605697151,0,none,77,295,5,barabasi_albert,medium,0,24.12
54,gpt,main_t0,0.0,A,F1,1,0,,nan,0,path_adjacency,0,0,0,barabasi_albert,small,0,23.36
54,gpt,main_t0,0.0,A,F2,1,0,,nan,0,path_adjacency,0,0,0,barabasi_albert,small,0,32.86
54,gpt,main_t0,0.0,A,F3,1,0,,nan,0,path_adjacency,0,0,0,barabasi_albert,small,0,22.97
54,gpt,main_t0,0.0,A,F4,1,0,,nan,0,path_adjacency,0,0,0,barabasi_albert,small,0,41.9
54,gpt,main_t0,0.0,A,F5,1,1,238,-23.961661341853034,0,none,88,150,6,barabasi_albert,small,0,27.88
55,gpt,main_t0,0.0,A,F1,1,1,361,nan,0,none,81,280,5,barabasi_albert,small,0,27.86
55,gpt,main_t0,0.0,A,F2,1,0,,nan,0,path_adjacency,0,0,0,barabasi_albert,small,0,34.0
55,gpt,main_t0,0.0,A,F3,1,0,,nan,0,path_adjacency,0,0,0,barabasi_albert,small,0,33.76
55,gpt,main_t0,0.0,A,F4,1,0,,nan,0,path_adjacency,0,0,0,barabasi_albert,small,0,38.49
55,gpt,main_t0,0.0,A,F5,1,1,361,nan,0,none,81,280,5,barabasi_albert,small,0,17.19
56,gpt,main_t0,0.0,A,F1,1,1,401,-42.796005706134096,0,none,126,275,11,waxman,medium,0,39.78
56,gpt,main_t0,0.0,A,F2,1,0,,nan,0,path_adjacency,0,0,0,waxman,medium,0,44.4
56,gpt,main_t0,0.0,A,F3,1,0,,nan,0,path_adjacency,0,0,0,waxman,medium,0,24.64
56,gpt,main_t0,0.0,A,F4,1,1,351,-49.928673323823105,0,none,126,225,9,waxman,medium,0,32.18
56,gpt,main_t0,0.0,A,F5,1,0,,nan,0,path_adjacency,0,0,0,waxman,medium,0,36.83
57,gpt,main_t0,0.0,A,F1,1,1,869,nan,0,none,158,711,9,barabasi_albert,medium,0,26.26
57,gpt,main_t0,0.0,A,F2,1,1,869,nan,0,none,158,711,9,barabasi_albert,medium,0,43.49
57,gpt,main_t0,0.0,A,F3,1,1,869,nan,0,none,158,711,9,barabasi_albert,medium,0,39.81
57,gpt,main_t0,0.0,A,F4,1,1,869,nan,0,none,158,711,9,barabasi_albert,medium,0,56.23
57,gpt,main_t0,0.0,A,F5,1,1,869,nan,0,none,158,711,9,barabasi_albert,medium,0,26.83
58,gpt,main_t0,0.0,A,F1,1,1,385,-23.0,0,none,178,207,9,erdos_renyi,small,0,37.09
58,gpt,main_t0,0.0,A,F2,1,0,,nan,0,path_adjacency,0,0,0,erdos_renyi,small,0,73.4
58,gpt,main_t0,0.0,A,F3,1,1,385,-23.0,0,none,178,207,9,erdos_renyi,small,0,30.86
58,gpt,main_t0,0.0,A,F4,1,1,385,-23.0,0,none,178,207,9,erdos_renyi,small,0,30.62
58,gpt,main_t0,0.0,A,F5,1,1,385,-23.0,0,none,178,207,9,erdos_renyi,small,0,23.21
59,gpt,main_t0,0.0,A,F1,1,1,708,-40.4040404040404,0,none,148,560,7,barabasi_albert,medium,0,34.56
59,gpt,main_t0,0.0,A,F2,1,1,708,-40.4040404040404,0,none,148,560,7,barabasi_albert,medium,0,36.0
59,gpt,main_t0,0.0,A,F3,1,1,708,-40.4040404040404,0,none,148,560,7,barabasi_albert,medium,0,23.32
59,gpt,main_t0,0.0,A,F4,1,0,,nan,0,path_adjacency,0,0,0,barabasi_albert,medium,0,25.52
59,gpt,main_t0,0.0,A,F5,1,1,708,-40.4040404040404,0,none,148,560,7,barabasi_albert,medium,0,23.17
5,gpt,main_t0,0.0,A,F1,1,0,,nan,0,path_adjacency,0,0,0,waxman,medium,0,28.47
5,gpt,main_t0,0.0,A,F2,1,0,,nan,0,path_adjacency,0,0,0,waxman,medium,0,47.89
5,gpt,main_t0,0.0,A,F3,1,1,162,-76.24633431085044,0,none,82,80,4,waxman,medium,0,28.74
5,gpt,main_t0,0.0,A,F4,1,1,202,-70.38123167155426,0,none,82,120,6,waxman,medium,0,25.72
5,gpt,main_t0,0.0,A,F5,1,0,,nan,0,path_adjacency,0,0,0,waxman,medium,0,26.49
60,gpt,main_t0,0.0,A,F1,1,0,,nan,0,path_adjacency,0,0,0,erdos_renyi,large,0,23.48
60,gpt,main_t0,0.0,A,F2,1,1,352,-53.12916111850865,0,none,67,285,5,erdos_renyi,large,0,25.88
60,gpt,main_t0,0.0,A,F3,1,0,,nan,0,path_adjacency,0,0,0,erdos_renyi,large,0,21.12
60,gpt,main_t0,0.0,A,F4,1,1,409,-45.539280958721704,0,none,67,342,6,erdos_renyi,large,0,34.73
60,gpt,main_t0,0.0,A,F5,1,1,409,-45.539280958721704,0,none,67,342,6,erdos_renyi,large,0,14.12
61,gpt,main_t0,0.0,A,F1,1,0,,nan,0,path_adjacency,0,0,0,erdos_renyi,medium,0,16.01
61,gpt,main_t0,0.0,A,F2,1,1,319,-25.292740046838407,0,none,103,216,6,erdos_renyi,medium,0,20.14
61,gpt,main_t0,0.0,A,F3,1,0,,nan,0,path_adjacency,0,0,0,erdos_renyi,medium,0,22.39
61,gpt,main_t0,0.0,A,F4,1,1,319,-25.292740046838407,0,none,103,216,6,erdos_renyi,medium,0,22.97
61,gpt,main_t0,0.0,A,F5,1,1,319,-25.292740046838407,0,none,103,216,6,erdos_renyi,medium,0,25.64
62,gpt,main_t0,0.0,A,F1,1,0,,nan,0,path_adjacency,0,0,0,barabasi_albert,medium,0,23.16
62,gpt,main_t0,0.0,A,F2,1,1,570,-37.01657458563536,0,none,101,469,7,barabasi_albert,medium,0,15.67
62,gpt,main_t0,0.0,A,F3,1,1,570,-37.01657458563536,0,none,101,469,7,barabasi_albert,medium,0,27.25
62,gpt,main_t0,0.0,A,F4,1,0,,nan,0,path_adjacency,0,0,0,barabasi_albert,medium,0,32.65
62,gpt,main_t0,0.0,A,F5,1,1,570,-37.01657458563536,0,none,101,469,7,barabasi_albert,medium,0,19.72
63,gpt,main_t0,0.0,A,F1,1,0,,nan,0,path_adjacency,0,0,0,waxman,medium,0,82.66
63,gpt,main_t0,0.0,A,F2,1,0,,nan,1,parse_error,0,0,0,waxman,medium,0,76.41
63,gpt,main_t0,0.0,A,F3,1,0,,nan,1,parse_error,0,0,0,waxman,medium,0,59.5
63,gpt,main_t0,0.0,A,F4,1,0,,nan,1,parse_error,0,0,0,waxman,medium,0,30.45
63,gpt,main_t0,0.0,A,F5,1,0,,nan,0,path_adjacency,0,0,0,waxman,medium,0,34.92
64,gpt,main_t0,0.0,A,F1,1,1,743,-37.7200335289187,0,none,143,600,8,erdos_renyi,large,0,33.44
64,gpt,main_t0,0.0,A,F2,1,0,,nan,0,path_adjacency,0,0,0,erdos_renyi,large,0,38.0
64,gpt,main_t0,0.0,A,F3,1,1,743,-37.7200335289187,0,none,143,600,8,erdos_renyi,large,0,35.68
64,gpt,main_t0,0.0,A,F4,1,0,,nan,0,path_adjacency,0,0,0,erdos_renyi,large,0,21.25
64,gpt,main_t0,0.0,A,F5,1,0,,nan,0,path_adjacency,0,0,0,erdos_renyi,large,0,36.47
65,gpt,main_t0,0.0,A,F1,1,1,410,-28.321678321678323,0,none,86,324,6,barabasi_albert,small,0,11.23
65,gpt,main_t0,0.0,A,F2,1,1,410,-28.321678321678323,0,none,86,324,6,barabasi_albert,small,0,37.51
65,gpt,main_t0,0.0,A,F3,1,0,,nan,0,path_adjacency,0,0,0,barabasi_albert,small,0,18.44
65,gpt,main_t0,0.0,A,F4,1,0,,nan,0,path_adjacency,0,0,0,barabasi_albert,small,0,27.78
65,gpt,main_t0,0.0,A,F5,1,1,410,-28.321678321678323,0,none,86,324,6,barabasi_albert,small,0,38.64
66,gpt,main_t0,0.0,A,F1,1,0,,nan,0,path_adjacency,0,0,0,waxman,medium,0,22.49
66,gpt,main_t0,0.0,A,F2,1,1,480,-64.39169139465875,0,none,108,372,12,waxman,medium,0,78.88
66,gpt,main_t0,0.0,A,F3,1,0,,nan,0,path_adjacency,0,0,0,waxman,medium,0,30.9
66,gpt,main_t0,0.0,A,F4,1,1,480,-64.39169139465875,0,none,108,372,12,waxman,medium,0,28.45
66,gpt,main_t0,0.0,A,F5,1,0,,nan,0,path_adjacency,0,0,0,waxman,medium,0,25.87
67,gpt,main_t0,0.0,A,F1,1,1,612,nan,0,none,80,532,7,waxman,medium,0,23.2
67,gpt,main_t0,0.0,A,F2,1,1,612,nan,0,none,80,532,7,waxman,medium,0,112.7
67,gpt,main_t0,0.0,A,F3,1,0,,nan,0,path_adjacency,0,0,0,waxman,medium,0,93.57
67,gpt,main_t0,0.0,A,F4,1,1,612,nan,0,none,80,532,7,waxman,medium,0,37.9
67,gpt,main_t0,0.0,A,F5,1,0,,nan,1,parse_error,0,0,0,waxman,medium,0,73.44
68,gpt,main_t0,0.0,A,F1,1,1,886,-61.7113223854797,0,none,172,714,14,waxman,medium,0,64.66
68,gpt,main_t0,0.0,A,F2,1,0,,nan,1,parse_error,0,0,0,waxman,medium,0,45.74
68,gpt,main_t0,0.0,A,F3,1,0,,nan,0,path_adjacency,0,0,0,waxman,medium,0,56.41
68,gpt,main_t0,0.0,A,F4,1,0,,nan,1,parse_error,0,0,0,waxman,medium,0,33.59
68,gpt,main_t0,0.0,A,F5,1,0,,nan,1,parse_error,0,0,0,waxman,medium,0,32.52
69,gpt,main_t0,0.0,A,F1,1,0,,nan,0,path_adjacency,0,0,0,barabasi_albert,medium,0,21.52
69,gpt,main_t0,0.0,A,F2,1,1,386,-33.21799307958477,0,none,66,320,5,barabasi_albert,medium,0,33.42
69,gpt,main_t0,0.0,A,F3,1,0,,nan,0,path_adjacency,0,0,0,barabasi_albert,medium,0,21.6
69,gpt,main_t0,0.0,A,F4,1,0,,nan,0,path_adjacency,0,0,0,barabasi_albert,medium,0,15.2
69,gpt,main_t0,0.0,A,F5,1,0,,nan,0,path_adjacency,0,0,0,barabasi_albert,medium,0,12.2
6,gpt,main_t0,0.0,A,F1,1,0,,nan,0,path_adjacency,0,0,0,waxman,medium,0,51.79
6,gpt,main_t0,0.0,A,F2,1,0,,nan,1,parse_error,0,0,0,waxman,medium,0,73.28
6,gpt,main_t0,0.0,A,F3,1,0,,nan,0,path_adjacency,0,0,0,waxman,medium,0,51.76
6,gpt,main_t0,0.0,A,F4,1,0,,nan,1,parse_error,0,0,0,waxman,medium,0,32.83
6,gpt,main_t0,0.0,A,F5,1,0,,nan,1,parse_error,0,0,0,waxman,medium,0,42.46
70,gpt,main_t0,0.0,A,F1,1,1,268,-80.5090909090909,0,none,106,162,6,waxman,large,0,18.46
70,gpt,main_t0,0.0,A,F2,1,0,,nan,0,path_adjacency,0,0,0,waxman,large,0,68.32
70,gpt,main_t0,0.0,A,F3,1,0,,nan,0,path_adjacency,0,0,0,waxman,large,0,31.34
70,gpt,main_t0,0.0,A,F4,1,1,268,-80.5090909090909,0,none,106,162,6,waxman,large,0,23.74
70,gpt,main_t0,0.0,A,F5,1,0,,nan,0,path_adjacency,0,0,0,waxman,large,0,28.44
71,gpt,main_t0,0.0,A,F1,1,0,,nan,0,path_adjacency,0,0,0,waxman,medium,0,22.12
71,gpt,main_t0,0.0,A,F2,1,0,,nan,0,path_adjacency,0,0,0,waxman,medium,0,76.12
71,gpt,main_t0,0.0,A,F3,1,0,,nan,0,path_adjacency,0,0,0,waxman,medium,0,37.32
71,gpt,main_t0,0.0,A,F4,1,0,,nan,0,path_adjacency,0,0,0,waxman,medium,0,34.35
71,gpt,main_t0,0.0,A,F5,1,1,396,nan,0,none,74,322,7,waxman,medium,0,39.76
72,gpt,main_t0,0.0,A,F1,1,1,267,-22.608695652173914,0,none,72,195,5,erdos_renyi,medium,0,23.43
72,gpt,main_t0,0.0,A,F2,1,0,,nan,0,path_adjacency,0,0,0,erdos_renyi,medium,0,18.27
72,gpt,main_t0,0.0,A,F3,1,1,267,-22.608695652173914,0,none,72,195,5,erdos_renyi,medium,0,23.29
72,gpt,main_t0,0.0,A,F4,1,0,,nan,0,path_adjacency,0,0,0,erdos_renyi,medium,0,28.49
72,gpt,main_t0,0.0,A,F5,1,0,,nan,0,path_adjacency,0,0,0,erdos_renyi,medium,0,28.04
73,gpt,main_t0,0.0,A,F1,1,0,,nan,0,path_adjacency,0,0,0,waxman,large,0,28.44
73,gpt,main_t0,0.0,A,F2,1,1,670,-66.69980119284294,0,none,121,549,9,waxman,large,0,98.74
73,gpt,main_t0,0.0,A,F3,1,0,,nan,0,path_adjacency,0,0,0,waxman,large,0,19.45
73,gpt,main_t0,0.0,A,F4,1,1,670,-66.69980119284294,0,none,121,549,9,waxman,large,0,24.74
73,gpt,main_t0,0.0,A,F5,1,1,670,-66.69980119284294,0,none,121,549,9,waxman,large,0,20.21
74,gpt,main_t0,0.0,A,F1,1,0,,nan,0,path_adjacency,0,0,0,waxman,large,0,53.76
74,gpt,main_t0,0.0,A,F2,1,0,,nan,0,path_adjacency,0,0,0,waxman,large,0,288.59
74,gpt,main_t0,0.0,A,F3,1,0,,nan,0,path_adjacency,0,0,0,waxman,large,0,35.71
74,gpt,main_t0,0.0,A,F4,1,1,641,nan,0,none,116,525,7,waxman,large,0,25.73
74,gpt,main_t0,0.0,A,F5,1,1,641,nan,0,none,116,525,7,waxman,large,0,22.07
75,gpt,main_t0,0.0,A,F1,1,1,964,nan,0,none,132,832,13,waxman,small,0,41.85
75,gpt,main_t0,0.0,A,F2,1,0,,nan,1,parse_error,0,0,0,waxman,small,0,133.93
75,gpt,main_t0,0.0,A,F3,1,0,,nan,0,path_adjacency,0,0,0,waxman,small,0,79.77
75,gpt,main_t0,0.0,A,F4,1,1,964,nan,0,none,132,832,13,waxman,small,0,51.51
75,gpt,main_t0,0.0,A,F5,1,0,,nan,0,path_adjacency,0,0,0,waxman,small,0,51.7
76,gpt,main_t0,0.0,A,F1,1,0,,nan,0,path_adjacency,0,0,0,barabasi_albert,medium,0,20.89
76,gpt,main_t0,0.0,A,F2,1,1,557,-42.0997920997921,0,none,152,405,9,barabasi_albert,medium,0,33.23
76,gpt,main_t0,0.0,A,F3,1,1,557,-42.0997920997921,0,none,152,405,9,barabasi_albert,medium,0,24.5
76,gpt,main_t0,0.0,A,F4,1,1,557,-42.0997920997921,0,none,152,405,9,barabasi_albert,medium,0,21.88
76,gpt,main_t0,0.0,A,F5,1,1,557,-42.0997920997921,0,none,152,405,9,barabasi_albert,medium,0,31.66
77,gpt,main_t0,0.0,A,F1,1,1,834,-26.713532513181022,0,none,150,684,9,erdos_renyi,large,0,30.04
77,gpt,main_t0,0.0,A,F2,1,0,,nan,0,path_adjacency,0,0,0,erdos_renyi,large,0,43.99
77,gpt,main_t0,0.0,A,F3,1,0,,nan,0,path_adjacency,0,0,0,erdos_renyi,large,0,44.01
77,gpt,main_t0,0.0,A,F4,1,1,834,-26.713532513181022,0,none,150,684,9,erdos_renyi,large,0,38.35
77,gpt,main_t0,0.0,A,F5,1,0,,nan,0,path_adjacency,0,0,0,erdos_renyi,large,0,27.36
78,gpt,main_t0,0.0,A,F1,1,1,289,-75.36231884057972,0,none,81,208,8,waxman,large,0,41.11
78,gpt,main_t0,0.0,A,F2,1,0,,nan,0,path_adjacency,0,0,0,waxman,large,0,61.52
78,gpt,main_t0,0.0,A,F3,1,1,289,-75.36231884057972,0,none,81,208,8,waxman,large,0,22.9
78,gpt,main_t0,0.0,A,F4,1,1,315,-73.1457800511509,0,none,81,234,9,waxman,large,0,24.32
78,gpt,main_t0,0.0,A,F5,1,1,289,-75.36231884057972,0,none,81,208,8,waxman,large,0,39.68
79,gpt,main_t0,0.0,A,F1,1,0,,nan,0,path_adjacency,0,0,0,waxman,medium,0,34.5
79,gpt,main_t0,0.0,A,F2,1,1,522,-76.67560321715817,0,none,159,363,11,waxman,medium,0,84.95
79,gpt,main_t0,0.0,A,F3,1,0,,nan,1,parse_error,0,0,0,waxman,medium,0,35.36
79,gpt,main_t0,0.0,A,F4,1,1,522,-76.67560321715817,0,none,159,363,11,waxman,medium,0,38.57
79,gpt,main_t0,0.0,A,F5,1,0,,nan,1,parse_error,0,0,0,waxman,medium,0,52.25
7,gpt,main_t0,0.0,A,F1,1,0,,nan,0,path_adjacency,0,0,0,erdos_renyi,small,0,21.63
7,gpt,main_t0,0.0,A,F2,1,1,446,-45.006165228113446,0,none,81,365,5,erdos_renyi,small,0,18.62
7,gpt,main_t0,0.0,A,F3,1,0,,nan,0,path_adjacency,0,0,0,erdos_renyi,small,0,28.31
7,gpt,main_t0,0.0,A,F4,1,1,446,-45.006165228113446,0,none,81,365,5,erdos_renyi,small,0,17.66
7,gpt,main_t0,0.0,A,F5,1,0,,nan,0,path_adjacency,0,0,0,erdos_renyi,small,0,16.13
80,gpt,main_t0,0.0,A,F1,1,0,,nan,0,path_adjacency,0,0,0,waxman,medium,0,23.22
80,gpt,main_t0,0.0,A,F2,1,0,,nan,1,parse_error,0,0,0,waxman,medium,0,93.49
80,gpt,main_t0,0.0,A,F3,1,0,,nan,0,path_adjacency,0,0,0,waxman,medium,0,76.93
80,gpt,main_t0,0.0,A,F4,1,0,,nan,0,path_adjacency,0,0,0,waxman,medium,0,31.2
80,gpt,main_t0,0.0,A,F5,1,1,946,nan,0,none,88,858,11,waxman,medium,0,40.31
81,gpt,main_t0,0.0,A,F1,1,1,656,nan,0,none,144,512,8,erdos_renyi,large,0,52.41
81,gpt,main_t0,0.0,A,F2,1,1,656,nan,0,none,144,512,8,erdos_renyi,large,0,32.77
81,gpt,main_t0,0.0,A,F3,1,1,656,nan,0,none,144,512,8,erdos_renyi,large,0,39.7
81,gpt,main_t0,0.0,A,F4,1,0,,nan,0,path_adjacency,0,0,0,erdos_renyi,large,0,51.8
81,gpt,main_t0,0.0,A,F5,1,0,,nan,0,path_adjacency,0,0,0,erdos_renyi,large,0,25.38
82,gpt,main_t0,0.0,A,F1,1,0,,nan,0,path_adjacency,0,0,0,waxman,small,0,39.3
82,gpt,main_t0,0.0,A,F2,1,0,,nan,1,parse_error,0,0,0,waxman,small,0,113.83
82,gpt,main_t0,0.0,A,F3,1,1,948,nan,0,none,188,760,10,waxman,small,0,46.0
82,gpt,main_t0,0.0,A,F4,1,0,,nan,0,path_adjacency,0,0,0,waxman,small,0,36.34
82,gpt,main_t0,0.0,A,F5,1,1,948,nan,0,none,188,760,10,waxman,small,0,68.05
83,gpt,main_t0,0.0,A,F1,1,1,338,nan,0,none,107,231,7,erdos_renyi,medium,0,24.35
83,gpt,main_t0,0.0,A,F2,1,1,338,nan,0,none,107,231,7,erdos_renyi,medium,0,36.54
83,gpt,main_t0,0.0,A,F3,1,1,338,nan,0,none,107,231,7,erdos_renyi,medium,0,53.35
83,gpt,main_t0,0.0,A,F4,1,0,,nan,0,path_adjacency,0,0,0,erdos_renyi,medium,0,43.3
83,gpt,main_t0,0.0,A,F5,1,0,,nan,0,path_adjacency,0,0,0,erdos_renyi,medium,0,37.69
84,gpt,main_t0,0.0,A,F1,1,1,583,nan,0,none,135,448,8,erdos_renyi,medium,0,21.99
84,gpt,main_t0,0.0,A,F2,1,0,,nan,0,path_adjacency,0,0,0,erdos_renyi,medium,0,65.89
84,gpt,main_t0,0.0,A,F3,1,1,583,nan,0,none,135,448,8,erdos_renyi,medium,0,23.43
84,gpt,main_t0,0.0,A,F4,1,1,583,nan,0,none,135,448,8,erdos_renyi,medium,0,24.39
84,gpt,main_t0,0.0,A,F5,1,1,583,nan,0,none,135,448,8,erdos_renyi,medium,0,36.56
85,gpt,main_t0,0.0,A,F1,1,1,582,nan,0,none,186,396,9,erdos_renyi,small,0,24.97
85,gpt,main_t0,0.0,A,F2,1,1,582,nan,0,none,186,396,9,erdos_renyi,small,0,31.54
85,gpt,main_t0,0.0,A,F3,1,1,538,nan,0,none,186,352,8,erdos_renyi,small,0,35.18
85,gpt,main_t0,0.0,A,F4,1,0,,nan,0,path_adjacency,0,0,0,erdos_renyi,small,0,29.83
85,gpt,main_t0,0.0,A,F5,1,1,582,nan,0,none,186,396,9,erdos_renyi,small,0,23.44
86,gpt,main_t0,0.0,A,F1,1,0,,nan,0,path_adjacency,0,0,0,waxman,small,0,63.19
86,gpt,main_t0,0.0,A,F2,1,0,,nan,0,path_adjacency,0,0,0,waxman,small,0,91.04
86,gpt,main_t0,0.0,A,F3,1,0,,nan,0,path_adjacency,0,0,0,waxman,small,0,30.66
86,gpt,main_t0,0.0,A,F4,1,0,,nan,0,path_adjacency,0,0,0,waxman,small,0,17.46
86,gpt,main_t0,0.0,A,F5,1,0,,nan,0,path_adjacency,0,0,0,waxman,small,0,50.64
87,gpt,main_t0,0.0,A,F1,1,1,377,-27.63915547024952,0,none,125,252,7,erdos_renyi,medium,0,41.01
87,gpt,main_t0,0.0,A,F2,1,0,,nan,0,path_adjacency,0,0,0,erdos_renyi,medium,0,42.02
87,gpt,main_t0,0.0,A,F3,1,1,377,-27.63915547024952,0,none,125,252,7,erdos_renyi,medium,0,19.5
87,gpt,main_t0,0.0,A,F4,1,0,,nan,0,path_adjacency,0,0,0,erdos_renyi,medium,0,27.13
87,gpt,main_t0,0.0,A,F5,1,0,,nan,0,path_adjacency,0,0,0,erdos_renyi,medium,0,32.61
88,gpt,main_t0,0.0,A,F1,1,1,568,nan,0,none,144,424,8,barabasi_albert,medium,0,26.1
88,gpt,main_t0,0.0,A,F2,1,0,,nan,0,path_adjacency,0,0,0,barabasi_albert,medium,0,34.12
88,gpt,main_t0,0.0,A,F3,1,0,,nan,0,path_adjacency,0,0,0,barabasi_albert,medium,0,25.96
88,gpt,main_t0,0.0,A,F4,1,1,568,nan,0,none,144,424,8,barabasi_albert,medium,0,47.94
88,gpt,main_t0,0.0,A,F5,1,0,,nan,0,path_adjacency,0,0,0,barabasi_albert,medium,0,25.45
89,gpt,main_t0,0.0,A,F1,1,0,,nan,0,path_adjacency,0,0,0,barabasi_albert,medium,0,36.56
89,gpt,main_t0,0.0,A,F2,1,1,550,-39.82494529540481,0,none,134,416,8,barabasi_albert,medium,0,31.28
89,gpt,main_t0,0.0,A,F3,1,0,,nan,0,path_adjacency,0,0,0,barabasi_albert,medium,0,62.18
89,gpt,main_t0,0.0,A,F4,1,1,550,-39.82494529540481,0,none,134,416,8,barabasi_albert,medium,0,28.95
89,gpt,main_t0,0.0,A,F5,1,1,550,-39.82494529540481,0,none,134,416,8,barabasi_albert,medium,0,21.32
8,gpt,main_t0,0.0,A,F1,1,0,,nan,1,parse_error,0,0,0,waxman,medium,0,56.66
8,gpt,main_t0,0.0,A,F2,1,0,,nan,1,parse_error,0,0,0,waxman,medium,0,113.7
8,gpt,main_t0,0.0,A,F3,1,0,,nan,1,parse_error,0,0,0,waxman,medium,0,74.23
8,gpt,main_t0,0.0,A,F4,1,1,1048,nan,0,none,138,910,13,waxman,medium,0,59.63
8,gpt,main_t0,0.0,A,F5,1,1,1468,nan,0,none,138,1330,19,waxman,medium,0,43.79
90,gpt,main_t0,0.0,A,F1,1,1,872,nan,0,none,91,781,11,waxman,medium,0,36.9
90,gpt,main_t0,0.0,A,F2,1,0,,nan,0,path_adjacency,0,0,0,waxman,medium,0,136.91
90,gpt,main_t0,0.0,A,F3,1,1,1014,nan,0,none,91,923,13,waxman,medium,0,31.95
90,gpt,main_t0,0.0,A,F4,1,0,,nan,0,path_adjacency,0,0,0,waxman,medium,0,43.24
90,gpt,main_t0,0.0,A,F5,1,0,,nan,1,parse_error,0,0,0,waxman,medium,0,51.72
91,gpt,main_t0,0.0,A,F1,1,1,681,-64.69673405909798,0,none,57,624,12,waxman,medium,0,25.96
91,gpt,main_t0,0.0,A,F2,1,0,,nan,0,path_adjacency,0,0,0,waxman,medium,0,58.07
91,gpt,main_t0,0.0,A,F3,1,1,681,-64.69673405909798,0,none,57,624,12,waxman,medium,0,60.4
91,gpt,main_t0,0.0,A,F4,1,1,681,-64.69673405909798,0,none,57,624,12,waxman,medium,0,25.72
91,gpt,main_t0,0.0,A,F5,1,1,681,-64.69673405909798,0,none,57,624,12,waxman,medium,0,34.38
92,gpt,main_t0,0.0,A,F1,1,0,,nan,0,path_adjacency,0,0,0,waxman,large,0,71.28
92,gpt,main_t0,0.0,A,F2,1,0,,nan,0,path_adjacency,0,0,0,waxman,large,0,137.64
92,gpt,main_t0,0.0,A,F3,1,0,,nan,0,path_adjacency,0,0,0,waxman,large,0,119.99
92,gpt,main_t0,0.0,A,F4,1,1,459,-76.0313315926893,0,none,95,364,7,waxman,large,0,19.84
92,gpt,main_t0,0.0,A,F5,1,0,,nan,1,parse_error,0,0,0,waxman,large,0,73.83
93,gpt,main_t0,0.0,A,F1,1,1,570,-24.90118577075099,0,none,129,441,7,erdos_renyi,medium,0,34.16
93,gpt,main_t0,0.0,A,F2,1,0,,nan,0,path_adjacency,0,0,0,erdos_renyi,medium,0,57.07
93,gpt,main_t0,0.0,A,F3,1,0,,nan,0,path_adjacency,0,0,0,erdos_renyi,medium,0,48.58
93,gpt,main_t0,0.0,A,F4,1,0,,nan,0,path_adjacency,0,0,0,erdos_renyi,medium,0,61.82
93,gpt,main_t0,0.0,A,F5,1,1,570,-24.90118577075099,0,none,129,441,7,erdos_renyi,medium,0,44.02
94,gpt,main_t0,0.0,A,F1,1,0,,nan,1,parse_error,0,0,0,waxman,small,0,34.05
94,gpt,main_t0,0.0,A,F2,1,0,,nan,0,path_adjacency,0,0,0,waxman,small,0,36.12
94,gpt,main_t0,0.0,A,F3,1,1,345,-61.016949152542374,0,none,129,216,8,waxman,small,0,51.45
94,gpt,main_t0,0.0,A,F4,1,0,,nan,0,path_adjacency,0,0,0,waxman,small,0,51.9
94,gpt,main_t0,0.0,A,F5,1,0,,nan,0,path_adjacency,0,0,0,waxman,small,0,41.94
95,gpt,main_t0,0.0,A,F1,1,0,,nan,0,path_adjacency,0,0,0,barabasi_albert,small,0,31.7
95,gpt,main_t0,0.0,A,F2,1,0,,nan,0,path_adjacency,0,0,0,barabasi_albert,small,0,39.56
95,gpt,main_t0,0.0,A,F3,1,1,926,nan,0,none,166,760,10,barabasi_albert,small,0,32.69
95,gpt,main_t0,0.0,A,F4,1,0,,nan,0,path_adjacency,0,0,0,barabasi_albert,small,0,19.71
95,gpt,main_t0,0.0,A,F5,1,1,850,nan,0,none,166,684,9,barabasi_albert,small,0,30.57
96,gpt,main_t0,0.0,A,F1,1,1,702,-36.0655737704918,0,none,174,528,8,erdos_renyi,medium,0,20.83
96,gpt,main_t0,0.0,A,F2,1,0,,nan,0,path_adjacency,0,0,0,erdos_renyi,medium,0,28.33
96,gpt,main_t0,0.0,A,F3,1,1,702,-36.0655737704918,0,none,174,528,8,erdos_renyi,medium,0,30.35
96,gpt,main_t0,0.0,A,F4,1,1,702,-36.0655737704918,0,none,174,528,8,erdos_renyi,medium,0,20.5
96,gpt,main_t0,0.0,A,F5,1,0,,nan,0,path_adjacency,0,0,0,erdos_renyi,medium,0,20.22
97,gpt,main_t0,0.0,A,F1,1,1,331,-64.4468313641246,0,none,91,240,6,waxman,large,0,29.12
97,gpt,main_t0,0.0,A,F2,1,1,331,-64.4468313641246,0,none,91,240,6,waxman,large,0,24.1
97,gpt,main_t0,0.0,A,F3,1,0,,nan,0,path_adjacency,0,0,0,waxman,large,0,33.92
97,gpt,main_t0,0.0,A,F4,1,0,,nan,0,path_adjacency,0,0,0,waxman,large,0,25.34
97,gpt,main_t0,0.0,A,F5,1,0,,nan,0,path_adjacency,0,0,0,waxman,large,0,19.71
98,gpt,main_t0,0.0,A,F1,1,0,,nan,0,path_adjacency,0,0,0,waxman,small,0,47.15
98,gpt,main_t0,0.0,A,F2,1,0,,nan,0,path_adjacency,0,0,0,waxman,small,0,72.24
98,gpt,main_t0,0.0,A,F3,1,0,,nan,0,path_adjacency,0,0,0,waxman,small,0,75.37
98,gpt,main_t0,0.0,A,F4,1,0,,nan,0,path_adjacency,0,0,0,waxman,small,0,59.12
98,gpt,main_t0,0.0,A,F5,1,0,,nan,0,path_adjacency,0,0,0,waxman,small,0,58.27
99,gpt,main_t0,0.0,A,F1,1,0,,nan,0,path_adjacency,0,0,0,erdos_renyi,medium,0,31.12
99,gpt,main_t0,0.0,A,F2,1,0,,nan,0,path_adjacency,0,0,0,erdos_renyi,medium,0,44.01
99,gpt,main_t0,0.0,A,F3,1,0,,nan,0,path_adjacency,0,0,0,erdos_renyi,medium,0,30.32
99,gpt,main_t0,0.0,A,F4,1,1,420,-34.883720930232556,0,none,105,315,7,erdos_renyi,medium,0,37.41
99,gpt,main_t0,0.0,A,F5,1,0,,nan,0,path_adjacency,0,0,0,erdos_renyi,medium,0,17.77
9,gpt,main_t0,0.0,A,F1,1,1,324,-43.75,0,none,128,196,7,barabasi_albert,large,0,23.02
9,gpt,main_t0,0.0,A,F2,1,0,,nan,0,path_adjacency,0,0,0,barabasi_albert,large,0,41.69
9,gpt,main_t0,0.0,A,F3,1,0,,nan,0,path_adjacency,0,0,0,barabasi_albert,large,0,24.2
9,gpt,main_t0,0.0,A,F4,1,1,324,-43.75,0,none,128,196,7,barabasi_albert,large,0,18.4
9,gpt,main_t0,0.0,A,F5,1,1,324,-43.75,0,none,128,196,7,barabasi_albert,large,0,23.84
100,gpt,main_t0.5,0.0,A,F1,1,0,,nan,0,path_adjacency,0,0,0,erdos_renyi,large,0,17.45
100,gpt,main_t0.5,0.0,A,F2,1,1,221,-32.82674772036474,0,none,77,144,4,erdos_renyi,large,0,37.21
100,gpt,main_t0.5,0.0,A,F3,1,0,,nan,0,path_adjacency,0,0,0,erdos_renyi,large,0,25.09
100,gpt,main_t0.5,0.0,A,F4,1,1,221,-32.82674772036474,0,none,77,144,4,erdos_renyi,large,0,32.4
100,gpt,main_t0.5,0.0,A,F5,1,1,257,-21.88449848024316,0,none,77,180,5,erdos_renyi,large,0,27.33
101,gpt,main_t0.5,0.0,A,F1,1,1,695,nan,0,none,56,639,9,waxman,medium,0,27.39
101,gpt,main_t0.5,0.0,A,F2,1,0,,nan,1,parse_error,0,0,0,waxman,medium,0,79.56
101,gpt,main_t0.5,0.0,A,F3,1,0,,nan,0,path_adjacency,0,0,0,waxman,medium,0,68.44
101,gpt,main_t0.5,0.0,A,F4,1,1,695,nan,0,none,56,639,9,waxman,medium,0,20.37
101,gpt,main_t0.5,0.0,A,F5,1,0,,nan,1,parse_error,0,0,0,waxman,medium,0,55.73
102,gpt,main_t0.5,0.0,A,F1,1,0,,nan,0,path_adjacency,0,0,0,barabasi_albert,medium,0,28.88
102,gpt,main_t0.5,0.0,A,F2,1,1,851,-50.20479812755998,0,none,149,702,9,barabasi_albert,medium,0,28.88
102,gpt,main_t0.5,0.0,A,F3,1,1,851,-50.20479812755998,0,none,149,702,9,barabasi_albert,medium,0,25.68
102,gpt,main_t0.5,0.0,A,F4,1,0,,nan,0,path_adjacency,0,0,0,barabasi_albert,medium,0,28.31
102,gpt,main_t0.5,0.0,A,F5,1,1,851,-50.20479812755998,0,none,149,702,9,barabasi_albert,medium,0,25.16
103,gpt,main_t0.5,0.0,A,F1,1,0,,nan,0,path_adjacency,0,0,0,waxman,small,0,38.98
103,gpt,main_t0.5,0.0,A,F2,1,0,,nan,0,path_adjacency,0,0,0,waxman,small,0,39.05
103,gpt,main_t0.5,0.0,A,F3,1,1,560,nan,0,none,92,468,9,waxman,small,0,30.53
103,gpt,main_t0.5,0.0,A,F4,1,0,,nan,1,parse_error,0,0,0,waxman,small,0,62.49
103,gpt,main_t0.5,0.0,A,F5,1,0,,nan,1,parse_error,0,0,0,waxman,small,0,44.72
104,gpt,main_t0.5,0.0,A,F1,1,1,394,-82.67370272647318,0,none,65,329,7,waxman,medium,0,18.71
104,gpt,main_t0.5,0.0,A,F2,1,0,,nan,1,parse_error,0,0,0,waxman,medium,0,69.39
104,gpt,main_t0.5,0.0,A,F3,1,1,394,-82.67370272647318,0,none,65,329,7,waxman,medium,0,16.83
104,gpt,main_t0.5,0.0,A,F4,1,1,394,-82.67370272647318,0,none,65,329,7,waxman,medium,0,46.91
104,gpt,main_t0.5,0.0,A,F5,1,1,394,-82.67370272647318,0,none,65,329,7,waxman,medium,0,20.08
105,gpt,main_t0.5,0.0,A,F1,1,0,,nan,0,path_adjacency,0,0,0,waxman,medium,0,42.91
105,gpt,main_t0.5,0.0,A,F2,1,0,,nan,1,parse_error,0,0,0,waxman,medium,0,145.46
105,gpt,main_t0.5,0.0,A,F3,1,0,,nan,1,parse_error,0,0,0,waxman,medium,0,31.5
105,gpt,main_t0.5,0.0,A,F4,1,0,,nan,0,path_adjacency,0,0,0,waxman,medium,0,50.31
105,gpt,main_t0.5,0.0,A,F5,1,0,,nan,1,parse_error,0,0,0,waxman,medium,0,56.41
106,gpt,main_t0.5,0.0,A,F1,1,0,,nan,0,path_adjacency,0,0,0,erdos_renyi,medium,0,20.33
106,gpt,main_t0.5,0.0,A,F2,1,1,276,-29.230769230769234,0,none,86,190,5,erdos_renyi,medium,0,39.26
106,gpt,main_t0.5,0.0,A,F3,1,1,314,-19.48717948717949,0,none,86,228,6,erdos_renyi,medium,0,31.49
106,gpt,main_t0.5,0.0,A,F4,1,1,314,-19.48717948717949,0,none,86,228,6,erdos_renyi,medium,0,26.76
106,gpt,main_t0.5,0.0,A,F5,1,0,,nan,0,path_adjacency,0,0,0,erdos_renyi,medium,0,16.32
107,gpt,main_t0.5,0.0,A,F1,1,1,353,-77.8405524168236,0,none,153,200,10,waxman,large,0,19.02
107,gpt,main_t0.5,0.0,A,F2,1,1,353,-77.8405524168236,0,none,153,200,10,waxman,large,0,27.11
107,gpt,main_t0.5,0.0,A,F3,1,1,353,-77.8405524168236,0,none,153,200,10,waxman,large,0,31.53
107,gpt,main_t0.5,0.0,A,F4,1,0,,nan,0,path_adjacency,0,0,0,waxman,large,0,23.73
107,gpt,main_t0.5,0.0,A,F5,1,1,353,-77.8405524168236,0,none,153,200,10,waxman,large,0,17.59
108,gpt,main_t0.5,0.0,A,F1,1,1,372,-48.476454293628805,0,none,72,300,6,barabasi_albert,large,0,16.34
108,gpt,main_t0.5,0.0,A,F2,1,0,,nan,0,path_adjacency,0,0,0,barabasi_albert,large,0,63.94
108,gpt,main_t0.5,0.0,A,F3,1,1,372,-48.476454293628805,0,none,72,300,6,barabasi_albert,large,0,15.49
108,gpt,main_t0.5,0.0,A,F4,1,1,372,-48.476454293628805,0,none,72,300,6,barabasi_albert,large,0,15.36
108,gpt,main_t0.5,0.0,A,F5,1,1,372,-48.476454293628805,0,none,72,300,6,barabasi_albert,large,0,14.91
109,gpt,main_t0.5,0.0,A,F1,1,0,,nan,0,path_adjacency,0,0,0,waxman,medium,0,18.75
109,gpt,main_t0.5,0.0,A,F2,1,0,,nan,0,path_adjacency,0,0,0,waxman,medium,0,82.84
109,gpt,main_t0.5,0.0,A,F3,1,0,,nan,0,path_adjacency,0,0,0,waxman,medium,0,16.58
109,gpt,main_t0.5,0.0,A,F4,1,1,312,-77.71428571428571,0,none,74,238,7,waxman,medium,0,38.44
109,gpt,main_t0.5,0.0,A,F5,1,0,,nan,0,path_adjacency,0,0,0,waxman,medium,0,39.86
10,gpt,main_t0.5,0.0,A,F1,1,1,272,nan,0,none,97,175,5,waxman,medium,0,18.71
10,gpt,main_t0.5,0.0,A,F2,1,1,272,nan,0,none,97,175,5,waxman,medium,0,50.75
10,gpt,main_t0.5,0.0,A,F3,1,1,272,nan,0,none,97,175,5,waxman,medium,0,13.88
10,gpt,main_t0.5,0.0,A,F4,1,1,272,nan,0,none,97,175,5,waxman,medium,0,11.64
10,gpt,main_t0.5,0.0,A,F5,1,1,272,nan,0,none,97,175,5,waxman,medium,0,14.49
110,gpt,main_t0.5,0.0,A,F1,1,1,582,-54.02843601895735,0,none,126,456,6,barabasi_albert,medium,0,15.25
110,gpt,main_t0.5,0.0,A,F2,1,1,582,-54.02843601895735,0,none,126,456,6,barabasi_albert,medium,0,45.87
110,gpt,main_t0.5,0.0,A,F3,1,1,582,-54.02843601895735,0,none,126,456,6,barabasi_albert,medium,0,17.48
110,gpt,main_t0.5,0.0,A,F4,1,0,,nan,0,path_adjacency,0,0,0,barabasi_albert,medium,0,30.53
110,gpt,main_t0.5,0.0,A,F5,1,1,582,-54.02843601895735,0,none,126,456,6,barabasi_albert,medium,0,16.08
111,gpt,main_t0.5,0.0,A,F1,1,1,623,-41.93849021435228,0,none,98,525,7,erdos_renyi,medium,0,21.5
111,gpt,main_t0.5,0.0,A,F2,1,0,,nan,0,path_adjacency,0,0,0,erdos_renyi,medium,0,28.12
111,gpt,main_t0.5,0.0,A,F3,1,0,,nan,0,path_adjacency,0,0,0,erdos_renyi,medium,0,27.79
111,gpt,main_t0.5,0.0,A,F4,1,1,623,-41.93849021435228,0,none,98,525,7,erdos_renyi,medium,0,35.37
111,gpt,main_t0.5,0.0,A,F5,1,0,,nan,0,path_adjacency,0,0,0,erdos_renyi,medium,0,33.34
112,gpt,main_t0.5,0.0,A,F1,1,1,415,-66.2327095199349,0,none,82,333,9,waxman,small,0,30.26
112,gpt,main_t0.5,0.0,A,F2,1,0,,nan,1,parse_error,0,0,0,waxman,small,0,41.77
112,gpt,main_t0.5,0.0,A,F3,1,0,,nan,0,path_adjacency,0,0,0,waxman,small,0,30.98
112,gpt,main_t0.5,0.0,A,F4,1,0,,nan,1,parse_error,0,0,0,waxman,small,0,45.64
112,gpt,main_t0.5,0.0,A,F5,1,0,,nan,0,path_adjacency,0,0,0,waxman,small,0,53.21
113,gpt,main_t0.5,0.0,A,F1,1,1,598,-74.44444444444444,0,none,129,469,7,waxman,small,0,15.36
113,gpt,main_t0.5,0.0,A,F2,1,1,598,-74.44444444444444,0,none,129,469,7,waxman,small,0,13.75
113,gpt,main_t0.5,0.0,A,F3,1,0,,nan,0,path_adjacency,0,0,0,waxman,small,0,15.73
113,gpt,main_t0.5,0.0,A,F4,1,1,598,-74.44444444444444,0,none,129,469,7,waxman,small,0,15.41
113,gpt,main_t0.5,0.0,A,F5,1,0,,nan,0,path_adjacency,0,0,0,waxman,small,0,19.0
114,gpt,main_t0.5,0.0,A,F1,1,0,,nan,0,path_adjacency,0,0,0,waxman,medium,0,24.51
114,gpt,main_t0.5,0.0,A,F2,1,0,,nan,1,parse_error,0,0,0,waxman,medium,0,100.66
114,gpt,main_t0.5,0.0,A,F3,1,0,,nan,1,parse_error,0,0,0,waxman,medium,0,84.22
114,gpt,main_t0.5,0.0,A,F4,1,0,,nan,0,path_adjacency,0,0,0,waxman,medium,0,48.54
114,gpt,main_t0.5,0.0,A,F5,1,0,,nan,0,path_adjacency,0,0,0,waxman,medium,0,45.47
115,gpt,main_t0.5,0.0,A,F1,1,0,,nan,0,path_adjacency,0,0,0,erdos_renyi,medium,0,26.37
115,gpt,main_t0.5,0.0,A,F2,1,0,,nan,0,path_adjacency,0,0,0,erdos_renyi,medium,0,30.57
115,gpt,main_t0.5,0.0,A,F3,1,0,,nan,0,path_adjacency,0,0,0,erdos_renyi,medium,0,47.33
115,gpt,main_t0.5,0.0,A,F4,1,1,309,-36.15702479338843,0,none,99,210,6,erdos_renyi,medium,0,31.99
115,gpt,main_t0.5,0.0,A,F5,1,1,309,-36.15702479338843,0,none,99,210,6,erdos_renyi,medium,0,21.58
116,gpt,main_t0.5,0.0,A,F1,1,1,437,-31.39717425431711,0,none,87,350,7,erdos_renyi,medium,0,35.7
116,gpt,main_t0.5,0.0,A,F2,1,0,,nan,0,path_adjacency,0,0,0,erdos_renyi,medium,0,28.54
116,gpt,main_t0.5,0.0,A,F3,1,0,,nan,0,path_adjacency,0,0,0,erdos_renyi,medium,0,29.34
116,gpt,main_t0.5,0.0,A,F4,1,1,437,-31.39717425431711,0,none,87,350,7,erdos_renyi,medium,0,26.38
116,gpt,main_t0.5,0.0,A,F5,1,1,437,-31.39717425431711,0,none,87,350,7,erdos_renyi,medium,0,14.46
117,gpt,main_t0.5,0.0,A,F1,1,0,,nan,0,path_adjacency,0,0,0,erdos_renyi,medium,0,25.07
117,gpt,main_t0.5,0.0,A,F2,1,1,766,-38.32528180354267,0,none,154,612,9,erdos_renyi,medium,0,38.98
117,gpt,main_t0.5,0.0,A,F3,1,0,,nan,0,path_adjacency,0,0,0,erdos_renyi,medium,0,27.43
117,gpt,main_t0.5,0.0,A,F4,1,1,766,-38.32528180354267,0,none,154,612,9,erdos_renyi,medium,0,28.64
117,gpt,main_t0.5,0.0,A,F5,1,1,766,-38.32528180354267,0,none,154,612,9,erdos_renyi,medium,0,15.94
118,gpt,main_t0.5,0.0,A,F1,1,0,,nan,0,path_adjacency,0,0,0,erdos_renyi,small,0,30.35
118,gpt,main_t0.5,0.0,A,F2,1,0,,nan,0,path_adjacency,0,0,0,erdos_renyi,small,0,39.04
118,gpt,main_t0.5,0.0,A,F3,1,0,,nan,0,path_adjacency,0,0,0,erdos_renyi,small,0,33.29
118,gpt,main_t0.5,0.0,A,F4,1,0,,nan,0,path_adjacency,0,0,0,erdos_renyi,small,0,35.2
118,gpt,main_t0.5,0.0,A,F5,1,0,,nan,0,path_adjacency,0,0,0,erdos_renyi,small,0,19.68
119,gpt,main_t0.5,0.0,A,F1,1,0,,nan,0,path_adjacency,0,0,0,barabasi_albert,large,0,30.77
119,gpt,main_t0.5,0.0,A,F2,1,1,617,-55.41907514450867,0,none,145,472,8,barabasi_albert,large,0,43.78
119,gpt,main_t0.5,0.0,A,F3,1,0,,nan,0,path_adjacency,0,0,0,barabasi_albert,large,0,29.66
119,gpt,main_t0.5,0.0,A,F4,1,1,617,-55.41907514450867,0,none,145,472,8,barabasi_albert,large,0,21.55
119,gpt,main_t0.5,0.0,A,F5,1,1,617,-55.41907514450867,0,none,145,472,8,barabasi_albert,large,0,67.86
11,gpt,main_t0.5,0.0,A,F1,1,0,,nan,1,parse_error,0,0,0,waxman,medium,0,42.98
11,gpt,main_t0.5,0.0,A,F2,1,0,,nan,0,path_adjacency,0,0,0,waxman,medium,0,93.5
11,gpt,main_t0.5,0.0,A,F3,1,1,642,nan,0,none,138,504,7,waxman,medium,0,61.99
11,gpt,main_t0.5,0.0,A,F4,1,0,,nan,0,path_adjacency,0,0,0,waxman,medium,0,55.57
11,gpt,main_t0.5,0.0,A,F5,1,1,642,nan,0,none,138,504,7,waxman,medium,0,52.91
120,gpt,main_t0.5,0.0,A,F1,1,1,662,nan,0,none,102,560,7,erdos_renyi,medium,0,18.86
120,gpt,main_t0.5,0.0,A,F2,1,0,,nan,0,path_adjacency,0,0,0,erdos_renyi,medium,0,49.35
120,gpt,main_t0.5,0.0,A,F3,1,1,662,nan,0,none,102,560,7,erdos_renyi,medium,0,22.69
120,gpt,main_t0.5,0.0,A,F4,1,1,662,nan,0,none,102,560,7,erdos_renyi,medium,0,24.67
120,gpt,main_t0.5,0.0,A,F5,1,1,662,nan,0,none,102,560,7,erdos_renyi,medium,0,13.2
12,gpt,main_t0.5,0.0,A,F1,1,0,,nan,0,path_adjacency,0,0,0,waxman,large,0,21.8
12,gpt,main_t0.5,0.0,A,F2,1,0,,nan,0,path_adjacency,0,0,0,waxman,large,0,74.16
12,gpt,main_t0.5,0.0,A,F3,1,1,218,-79.5880149812734,0,none,82,136,4,waxman,large,0,56.63
12,gpt,main_t0.5,0.0,A,F4,1,0,,nan,0,path_adjacency,0,0,0,waxman,large,0,63.62
12,gpt,main_t0.5,0.0,A,F5,1,0,,nan,0,path_adjacency,0,0,0,waxman,large,0,22.08
13,gpt,main_t0.5,0.0,A,F1,1,1,673,-62.04173716864072,0,none,123,550,10,waxman,small,0,42.87
13,gpt,main_t0.5,0.0,A,F2,1,0,,nan,1,parse_error,0,0,0,waxman,small,0,38.16
13,gpt,main_t0.5,0.0,A,F3,1,0,,nan,0,path_adjacency,0,0,0,waxman,small,0,58.29
13,gpt,main_t0.5,0.0,A,F4,1,1,893,-49.633389734912576,0,none,123,770,14,waxman,small,0,40.32
13,gpt,main_t0.5,0.0,A,F5,1,0,,nan,0,path_adjacency,0,0,0,waxman,small,0,47.38
14,gpt,main_t0.5,0.0,A,F1,1,1,628,-37.57455268389662,0,none,124,504,8,erdos_renyi,large,0,43.74
14,gpt,main_t0.5,0.0,A,F2,1,0,,nan,0,path_adjacency,0,0,0,erdos_renyi,large,0,53.83
14,gpt,main_t0.5,0.0,A,F3,1,0,,nan,0,path_adjacency,0,0,0,erdos_renyi,large,0,51.79
14,gpt,main_t0.5,0.0,A,F4,1,0,,nan,0,path_adjacency,0,0,0,erdos_renyi,large,0,43.96
14,gpt,main_t0.5,0.0,A,F5,1,0,,nan,0,path_adjacency,0,0,0,erdos_renyi,large,0,29.82
15,gpt,main_t0.5,0.0,A,F1,1,1,847,nan,0,none,117,730,10,waxman,large,0,36.36
15,gpt,main_t0.5,0.0,A,F2,1,0,,nan,1,parse_error,0,0,0,waxman,large,0,149.73
15,gpt,main_t0.5,0.0,A,F3,1,0,,nan,0,path_adjacency,0,0,0,waxman,large,0,131.06
15,gpt,main_t0.5,0.0,A,F4,1,0,,nan,0,path_adjacency,0,0,0,waxman,large,0,61.41
15,gpt,main_t0.5,0.0,A,F5,1,0,,nan,1,parse_error,0,0,0,waxman,large,0,101.39
16,gpt,main_t0.5,0.0,A,F1,1,1,316,nan,0,none,148,168,7,erdos_renyi,large,0,29.48
16,gpt,main_t0.5,0.0,A,F2,1,0,,nan,0,path_adjacency,0,0,0,erdos_renyi,large,0,75.44
16,gpt,main_t0.5,0.0,A,F3,1,1,316,nan,0,none,148,168,7,erdos_renyi,large,0,30.31
16,gpt,main_t0.5,0.0,A,F4,1,1,316,nan,0,none,148,168,7,erdos_renyi,large,0,15.72
16,gpt,main_t0.5,0.0,A,F5,1,1,316,nan,0,none,148,168,7,erdos_renyi,large,0,32.45
17,gpt,main_t0.5,0.0,A,F1,1,1,413,-39.353891336270195,0,none,78,335,5,erdos_renyi,medium,0,24.82
17,gpt,main_t0.5,0.0,A,F2,1,1,413,-39.353891336270195,0,none,78,335,5,erdos_renyi,medium,0,22.93
17,gpt,main_t0.5,0.0,A,F3,1,1,413,-39.353891336270195,0,none,78,335,5,erdos_renyi,medium,0,37.32
17,gpt,main_t0.5,0.0,A,F4,1,0,,nan,0,path_adjacency,0,0,0,erdos_renyi,medium,0,18.86
17,gpt,main_t0.5,0.0,A,F5,1,0,,nan,0,path_adjacency,0,0,0,erdos_renyi,medium,0,24.34
18,gpt,main_t0.5,0.0,A,F1,1,1,425,-39.71631205673759,0,none,75,350,5,erdos_renyi,small,0,15.7
18,gpt,main_t0.5,0.0,A,F2,1,1,355,-49.645390070921984,0,none,75,280,4,erdos_renyi,small,0,30.24
18,gpt,main_t0.5,0.0,A,F3,1,1,425,-39.71631205673759,0,none,75,350,5,erdos_renyi,small,0,23.71
18,gpt,main_t0.5,0.0,A,F4,1,1,425,-39.71631205673759,0,none,75,350,5,erdos_renyi,small,0,11.76
18,gpt,main_t0.5,0.0,A,F5,1,0,,nan,0,path_adjacency,0,0,0,erdos_renyi,small,0,25.39
19,gpt,main_t0.5,0.0,A,F1,1,1,459,-73.01587301587301,0,none,162,297,11,waxman,medium,0,55.53
19,gpt,main_t0.5,0.0,A,F2,1,0,,nan,0,path_adjacency,0,0,0,waxman,medium,0,33.52
19,gpt,main_t0.5,0.0,A,F3,1,1,459,-73.01587301587301,0,none,162,297,11,waxman,medium,0,27.42
19,gpt,main_t0.5,0.0,A,F4,1,0,,nan,0,path_adjacency,0,0,0,waxman,medium,0,31.15
19,gpt,main_t0.5,0.0,A,F5,1,0,,nan,1,parse_error,0,0,0,waxman,medium,0,27.62
1,gpt,main_t0.5,0.0,A,F1,1,0,,nan,0,path_adjacency,0,0,0,barabasi_albert,medium,0,21.4
1,gpt,main_t0.5,0.0,A,F2,1,1,384,-43.859649122807014,0,none,144,240,8,barabasi_albert,medium,0,38.43
1,gpt,main_t0.5,0.0,A,F3,1,0,,nan,0,path_adjacency,0,0,0,barabasi_albert,medium,0,26.31
1,gpt,main_t0.5,0.0,A,F4,1,0,,nan,0,path_adjacency,0,0,0,barabasi_albert,medium,0,33.63
1,gpt,main_t0.5,0.0,A,F5,1,0,,nan,0,path_adjacency,0,0,0,barabasi_albert,medium,0,47.35
20,gpt,main_t0.5,0.0,A,F1,1,1,288,-22.58064516129032,0,none,78,210,5,erdos_renyi,small,0,15.26
20,gpt,main_t0.5,0.0,A,F2,1,1,288,-22.58064516129032,0,none,78,210,5,erdos_renyi,small,0,16.6
20,gpt,main_t0.5,0.0,A,F3,1,1,288,-22.58064516129032,0,none,78,210,5,erdos_renyi,small,0,13.3
20,gpt,main_t0.5,0.0,A,F4,1,1,288,-22.58064516129032,0,none,78,210,5,erdos_renyi,small,0,12.26
20,gpt,main_t0.5,0.0,A,F5,1,1,288,-22.58064516129032,0,none,78,210,5,erdos_renyi,small,0,19.25
21,gpt,main_t0.5,0.0,A,F1,1,0,,nan,1,parse_error,0,0,0,waxman,large,0,94.74
21,gpt,main_t0.5,0.0,A,F2,1,0,,nan,0,path_adjacency,0,0,0,waxman,large,0,101.89
21,gpt,main_t0.5,0.0,A,F3,1,0,,nan,0,path_adjacency,0,0,0,waxman,large,0,105.72
21,gpt,main_t0.5,0.0,A,F4,1,1,1025,nan,0,none,101,924,14,waxman,large,0,26.03
21,gpt,main_t0.5,0.0,A,F5,1,0,,nan,0,path_adjacency,0,0,0,waxman,large,0,121.14
22,gpt,main_t0.5,0.0,A,F1,1,0,,nan,0,path_adjacency,0,0,0,barabasi_albert,small,0,18.17
22,gpt,main_t0.5,0.0,A,F2,1,0,,nan,0,path_adjacency,0,0,0,barabasi_albert,small,0,30.91
22,gpt,main_t0.5,0.0,A,F3,1,1,570,-40.0,0,none,114,456,6,barabasi_albert,small,0,42.65
22,gpt,main_t0.5,0.0,A,F4,1,1,570,-40.0,0,none,114,456,6,barabasi_albert,small,0,19.83
22,gpt,main_t0.5,0.0,A,F5,1,0,,nan,0,path_adjacency,0,0,0,barabasi_albert,small,0,26.86
23,gpt,main_t0.5,0.0,A,F1,1,1,426,-83.46273291925466,0,none,125,301,7,waxman,large,0,26.84
23,gpt,main_t0.5,0.0,A,F2,1,1,426,-83.46273291925466,0,none,125,301,7,waxman,large,0,27.71
23,gpt,main_t0.5,0.0,A,F3,1,1,426,-83.46273291925466,0,none,125,301,7,waxman,large,0,17.52
23,gpt,main_t0.5,0.0,A,F4,1,1,426,-83.46273291925466,0,none,125,301,7,waxman,large,0,16.82
23,gpt,main_t0.5,0.0,A,F5,1,1,426,-83.46273291925466,0,none,125,301,7,waxman,large,0,22.3
24,gpt,main_t0.5,0.0,A,F1,1,1,711,nan,0,none,91,620,10,waxman,medium,0,19.58
24,gpt,main_t0.5,0.0,A,F2,1,0,,nan,1,parse_error,0,0,0,waxman,medium,0,119.18
24,gpt,main_t0.5,0.0,A,F3,1,0,,nan,1,parse_error,0,0,0,waxman,medium,0,71.17
24,gpt,main_t0.5,0.0,A,F4,1,0,,nan,0,path_adjacency,0,0,0,waxman,medium,0,40.78
24,gpt,main_t0.5,0.0,A,F5,1,0,,nan,0,path_adjacency,0,0,0,waxman,medium,0,69.39
25,gpt,main_t0.5,0.0,A,F1,1,0,,nan,1,parse_error,0,0,0,waxman,medium,0,89.18
25,gpt,main_t0.5,0.0,A,F2,1,0,,nan,0,path_adjacency,0,0,0,waxman,medium,0,79.56
25,gpt,main_t0.5,0.0,A,F3,1,0,,nan,1,parse_error,0,0,0,waxman,medium,0,40.62
25,gpt,main_t0.5,0.0,A,F4,1,0,,nan,0,path_adjacency,0,0,0,waxman,medium,0,68.11
25,gpt,main_t0.5,0.0,A,F5,1,0,,nan,1,parse_error,0,0,0,waxman,medium,0,112.19
26,gpt,main_t0.5,0.0,A,F1,1,0,,nan,0,path_adjacency,0,0,0,waxman,medium,0,47.16
26,gpt,main_t0.5,0.0,A,F2,1,0,,nan,0,path_adjacency,0,0,0,waxman,medium,0,17.32
26,gpt,main_t0.5,0.0,A,F3,1,0,,nan,1,parse_error,0,0,0,waxman,medium,0,62.17
26,gpt,main_t0.5,0.0,A,F4,1,0,,nan,0,path_adjacency,0,0,0,waxman,medium,0,68.88
26,gpt,main_t0.5,0.0,A,F5,1,0,,nan,0,path_adjacency,0,0,0,waxman,medium,0,68.12
27,gpt,main_t0.5,0.0,A,F1,1,0,,nan,0,path_adjacency,0,0,0,erdos_renyi,large,0,30.11
27,gpt,main_t0.5,0.0,A,F2,1,0,,nan,0,path_adjacency,0,0,0,erdos_renyi,large,0,32.89
27,gpt,main_t0.5,0.0,A,F3,1,1,171,-34.98098859315589,0,none,56,115,5,erdos_renyi,large,0,19.41
27,gpt,main_t0.5,0.0,A,F4,1,1,171,-34.98098859315589,0,none,56,115,5,erdos_renyi,large,0,30.28
27,gpt,main_t0.5,0.0,A,F5,1,0,,nan,0,path_adjacency,0,0,0,erdos_renyi,large,0,40.07
28,gpt,main_t0.5,0.0,A,F1,1,0,,nan,0,path_adjacency,0,0,0,waxman,small,0,41.55
28,gpt,main_t0.5,0.0,A,F2,1,0,,nan,1,parse_error,0,0,0,waxman,small,0,64.3
28,gpt,main_t0.5,0.0,A,F3,1,0,,nan,0,path_adjacency,0,0,0,waxman,small,0,29.76
28,gpt,main_t0.5,0.0,A,F4,1,0,,nan,0,path_adjacency,0,0,0,waxman,small,0,42.62
28,gpt,main_t0.5,0.0,A,F5,1,0,,nan,0,path_adjacency,0,0,0,waxman,small,0,30.88
29,gpt,main_t0.5,0.0,A,F1,1,0,,nan,0,path_adjacency,0,0,0,waxman,small,0,20.62
29,gpt,main_t0.5,0.0,A,F2,1,0,,nan,0,path_adjacency,0,0,0,waxman,small,0,23.91
29,gpt,main_t0.5,0.0,A,F3,1,0,,nan,0,path_adjacency,0,0,0,waxman,small,0,20.17
29,gpt,main_t0.5,0.0,A,F4,1,0,,nan,0,path_adjacency,0,0,0,waxman,small,0,35.61
29,gpt,main_t0.5,0.0,A,F5,1,0,,nan,0,path_adjacency,0,0,0,waxman,small,0,35.34
2,gpt,main_t0.5,0.0,A,F1,1,1,283,-42.59634888438134,0,none,136,147,7,barabasi_albert,medium,0,30.69
2,gpt,main_t0.5,0.0,A,F2,1,0,,nan,0,path_adjacency,0,0,0,barabasi_albert,medium,0,30.48
2,gpt,main_t0.5,0.0,A,F3,1,0,,nan,0,path_adjacency,0,0,0,barabasi_albert,medium,0,29.56
2,gpt,main_t0.5,0.0,A,F4,1,1,283,-42.59634888438134,0,none,136,147,7,barabasi_albert,medium,0,30.07
2,gpt,main_t0.5,0.0,A,F5,1,0,,nan,0,path_adjacency,0,0,0,barabasi_albert,medium,0,27.78
30,gpt,main_t0.5,0.0,A,F1,1,1,317,0.0,0,none,95,222,3,waxman,medium,0,34.16
30,gpt,main_t0.5,0.0,A,F2,1,0,,nan,0,path_adjacency,0,0,0,waxman,medium,0,120.85
30,gpt,main_t0.5,0.0,A,F3,1,0,,nan,0,path_adjacency,0,0,0,waxman,medium,0,24.56
30,gpt,main_t0.5,0.0,A,F4,1,0,,nan,0,path_adjacency,0,0,0,waxman,medium,0,29.05
30,gpt,main_t0.5,0.0,A,F5,1,0,,nan,0,path_adjacency,0,0,0,waxman,medium,0,36.15
31,gpt,main_t0.5,0.0,A,F1,1,0,,nan,0,path_adjacency,0,0,0,waxman,large,0,142.58
31,gpt,main_t0.5,0.0,A,F2,1,0,,nan,0,path_adjacency,0,0,0,waxman,large,0,121.48
31,gpt,main_t0.5,0.0,A,F3,1,0,,nan,0,path_adjacency,0,0,0,waxman,large,0,123.23
31,gpt,main_t0.5,0.0,A,F4,1,0,,nan,1,parse_error,0,0,0,waxman,large,0,82.71
31,gpt,main_t0.5,0.0,A,F5,1,0,,nan,1,parse_error,0,0,0,waxman,large,0,128.06
32,gpt,main_t0.5,0.0,A,F1,1,0,,nan,0,path_adjacency,0,0,0,barabasi_albert,large,0,15.28
32,gpt,main_t0.5,0.0,A,F2,1,0,,nan,0,path_adjacency,0,0,0,barabasi_albert,large,0,36.27
32,gpt,main_t0.5,0.0,A,F3,1,1,616,-49.34210526315789,0,none,136,480,8,barabasi_albert,large,0,16.74
32,gpt,main_t0.5,0.0,A,F4,1,0,,nan,0,path_adjacency,0,0,0,barabasi_albert,large,0,24.42
32,gpt,main_t0.5,0.0,A,F5,1,0,,nan,0,path_adjacency,0,0,0,barabasi_albert,large,0,25.62
33,gpt,main_t0.5,0.0,A,F1,1,0,,nan,0,path_adjacency,0,0,0,barabasi_albert,large,0,27.59
33,gpt,main_t0.5,0.0,A,F2,1,0,,nan,0,path_adjacency,0,0,0,barabasi_albert,large,0,39.44
33,gpt,main_t0.5,0.0,A,F3,1,0,,nan,0,path_adjacency,0,0,0,barabasi_albert,large,0,19.05
33,gpt,main_t0.5,0.0,A,F4,1,1,322,-52.083333333333336,0,none,112,210,6,barabasi_albert,large,0,17.56
33,gpt,main_t0.5,0.0,A,F5,1,0,,nan,0,path_adjacency,0,0,0,barabasi_albert,large,0,34.28
34,gpt,main_t0.5,0.0,A,F1,1,0,,nan,0,path_adjacency,0,0,0,waxman,small,0,55.55
34,gpt,main_t0.5,0.0,A,F2,1,0,,nan,1,parse_error,0,0,0,waxman,small,0,54.32
34,gpt,main_t0.5,0.0,A,F3,1,0,,nan,1,parse_error,0,0,0,waxman,small,0,45.69
34,gpt,main_t0.5,0.0,A,F4,1,0,,nan,1,parse_error,0,0,0,waxman,small,0,38.86
34,gpt,main_t0.5,0.0,A,F5,1,0,,nan,0,path_adjacency,0,0,0,waxman,small,0,69.8
35,gpt,main_t0.5,0.0,A,F1,1,1,372,nan,0,none,97,275,5,erdos_renyi,small,0,17.71
35,gpt,main_t0.5,0.0,A,F2,1,1,372,nan,0,none,97,275,5,erdos_renyi,small,0,24.19
35,gpt,main_t0.5,0.0,A,F3,1,0,,nan,0,path_adjacency,0,0,0,erdos_renyi,small,0,19.81
35,gpt,main_t0.5,0.0,A,F4,1,0,,nan,0,path_adjacency,0,0,0,erdos_renyi,small,0,17.02
35,gpt,main_t0.5,0.0,A,F5,1,0,,nan,0,path_adjacency,0,0,0,erdos_renyi,small,0,16.5
36,gpt,main_t0.5,0.0,A,F1,1,0,,nan,0,path_adjacency,0,0,0,waxman,large,0,25.24
36,gpt,main_t0.5,0.0,A,F2,1,0,,nan,0,path_adjacency,0,0,0,waxman,large,0,89.22
36,gpt,main_t0.5,0.0,A,F3,1,0,,nan,0,path_adjacency,0,0,0,waxman,large,0,21.2
36,gpt,main_t0.5,0.0,A,F4,1,0,,nan,0,path_adjacency,0,0,0,waxman,large,0,22.92
36,gpt,main_t0.5,0.0,A,F5,1,1,603,-54.421768707483,0,none,93,510,17,waxman,large,0,17.17
37,gpt,main_t0.5,0.0,A,F1,1,1,291,-30.878859857482183,0,none,109,182,7,erdos_renyi,medium,0,23.4
37,gpt,main_t0.5,0.0,A,F2,1,1,291,-30.878859857482183,0,none,109,182,7,erdos_renyi,medium,0,53.93
37,gpt,main_t0.5,0.0,A,F3,1,0,,nan,0,path_adjacency,0,0,0,erdos_renyi,medium,0,21.06
37,gpt,main_t0.5,0.0,A,F4,1,0,,nan,0,path_adjacency,0,0,0,erdos_renyi,medium,0,19.71
37,gpt,main_t0.5,0.0,A,F5,1,0,,nan,0,path_adjacency,0,0,0,erdos_renyi,medium,0,32.67
38,gpt,main_t0.5,0.0,A,F1,1,1,473,nan,0,none,102,371,7,barabasi_albert,small,0,14.19
38,gpt,main_t0.5,0.0,A,F2,1,1,473,nan,0,none,102,371,7,barabasi_albert,small,0,42.39
38,gpt,main_t0.5,0.0,A,F3,1,1,473,nan,0,none,102,371,7,barabasi_albert,small,0,20.79
38,gpt,main_t0.5,0.0,A,F4,1,1,473,nan,0,none,102,371,7,barabasi_albert,small,0,16.08
38,gpt,main_t0.5,0.0,A,F5,1,0,,nan,0,path_adjacency,0,0,0,barabasi_albert,small,0,24.79
39,gpt,main_t0.5,0.0,A,F1,1,1,470,-50.21186440677966,0,none,75,395,5,barabasi_albert,small,0,16.91
39,gpt,main_t0.5,0.0,A,F2,1,0,,nan,0,path_adjacency,0,0,0,barabasi_albert,small,0,15.64
39,gpt,main_t0.5,0.0,A,F3,1,1,470,-50.21186440677966,0,none,75,395,5,barabasi_albert,small,0,17.36
39,gpt,main_t0.5,0.0,A,F4,1,0,,nan,0,path_adjacency,0,0,0,barabasi_albert,small,0,12.63
39,gpt,main_t0.5,0.0,A,F5,1,1,470,-50.21186440677966,0,none,75,395,5,barabasi_albert,small,0,9.98
3,gpt,main_t0.5,0.0,A,F1,1,0,,nan,0,path_adjacency,0,0,0,erdos_renyi,large,0,26.46
3,gpt,main_t0.5,0.0,A,F2,1,0,,nan,0,path_adjacency,0,0,0,erdos_renyi,large,0,104.18
3,gpt,main_t0.5,0.0,A,F3,1,0,,nan,0,path_adjacency,0,0,0,erdos_renyi,large,0,53.08
3,gpt,main_t0.5,0.0,A,F4,1,0,,nan,0,path_adjacency,0,0,0,erdos_renyi,large,0,38.43
3,gpt,main_t0.5,0.0,A,F5,1,0,,nan,0,path_adjacency,0,0,0,erdos_renyi,large,0,27.04
40,gpt,main_t0.5,0.0,A,F1,1,1,313,-74.25986842105263,0,none,145,168,8,waxman,large,0,21.06
40,gpt,main_t0.5,0.0,A,F2,1,1,313,-74.25986842105263,0,none,145,168,8,waxman,large,0,47.29
40,gpt,main_t0.5,0.0,A,F3,1,1,313,-74.25986842105263,0,none,145,168,8,waxman,large,0,19.59
40,gpt,main_t0.5,0.0,A,F4,1,0,,nan,0,path_adjacency,0,0,0,waxman,large,0,43.48
40,gpt,main_t0.5,0.0,A,F5,1,0,,nan,0,path_adjacency,0,0,0,waxman,large,0,16.26
41,gpt,main_t0.5,0.0,A,F1,1,0,,nan,1,parse_error,0,0,0,waxman,medium,0,38.89
41,gpt,main_t0.5,0.0,A,F2,1,0,,nan,0,path_adjacency,0,0,0,waxman,medium,0,86.45
41,gpt,main_t0.5,0.0,A,F3,1,1,341,-68.85844748858447,0,none,80,261,9,waxman,medium,0,21.69
41,gpt,main_t0.5,0.0,A,F4,1,0,,nan,1,parse_error,0,0,0,waxman,medium,0,58.89
41,gpt,main_t0.5,0.0,A,F5,1,1,399,-63.561643835616444,0,none,80,319,11,waxman,medium,0,33.43
42,gpt,main_t0.5,0.0,A,F1,1,1,559,-47.014218009478675,0,none,125,434,7,erdos_renyi,small,0,11.14
42,gpt,main_t0.5,0.0,A,F2,1,1,559,-47.014218009478675,0,none,125,434,7,erdos_renyi,small,0,15.46
42,gpt,main_t0.5,0.0,A,F3,1,1,559,-47.014218009478675,0,none,125,434,7,erdos_renyi,small,0,13.77
42,gpt,main_t0.5,0.0,A,F4,1,0,,nan,0,path_adjacency,0,0,0,erdos_renyi,small,0,14.85
42,gpt,main_t0.5,0.0,A,F5,1,1,559,-47.014218009478675,0,none,125,434,7,erdos_renyi,small,0,24.47
43,gpt,main_t0.5,0.0,A,F1,1,0,,nan,0,path_adjacency,0,0,0,erdos_renyi,small,0,16.43
43,gpt,main_t0.5,0.0,A,F2,1,0,,nan,0,path_adjacency,0,0,0,erdos_renyi,small,0,19.63
43,gpt,main_t0.5,0.0,A,F3,1,0,,nan,0,path_adjacency,0,0,0,erdos_renyi,small,0,27.01
43,gpt,main_t0.5,0.0,A,F4,1,1,434,nan,0,none,130,304,8,erdos_renyi,small,0,12.38
43,gpt,main_t0.5,0.0,A,F5,1,0,,nan,0,path_adjacency,0,0,0,erdos_renyi,small,0,13.37
44,gpt,main_t0.5,0.0,A,F1,1,1,844,nan,0,none,174,670,10,waxman,small,0,17.09
44,gpt,main_t0.5,0.0,A,F2,1,0,,nan,0,path_adjacency,0,0,0,waxman,small,0,16.19
44,gpt,main_t0.5,0.0,A,F3,1,0,,nan,0,path_adjacency,0,0,0,waxman,small,0,16.25
44,gpt,main_t0.5,0.0,A,F4,1,0,,nan,0,path_adjacency,0,0,0,waxman,small,0,24.89
44,gpt,main_t0.5,0.0,A,F5,1,0,,nan,0,path_adjacency,0,0,0,waxman,small,0,37.46
45,gpt,main_t0.5,0.0,A,F1,1,1,206,-20.76923076923077,0,none,71,135,5,barabasi_albert,medium,0,11.32
45,gpt,main_t0.5,0.0,A,F2,1,0,,nan,0,path_adjacency,0,0,0,barabasi_albert,medium,0,39.59
45,gpt,main_t0.5,0.0,A,F3,1,1,206,-20.76923076923077,0,none,71,135,5,barabasi_albert,medium,0,11.85
45,gpt,main_t0.5,0.0,A,F4,1,1,206,-20.76923076923077,0,none,71,135,5,barabasi_albert,medium,0,16.83
45,gpt,main_t0.5,0.0,A,F5,1,1,206,-20.76923076923077,0,none,71,135,5,barabasi_albert,medium,0,13.8
46,gpt,main_t0.5,0.0,A,F1,1,1,400,-60.629921259842526,0,none,158,242,11,waxman,medium,0,38.8
46,gpt,main_t0.5,0.0,A,F2,1,0,,nan,1,parse_error,0,0,0,waxman,medium,0,48.52
46,gpt,main_t0.5,0.0,A,F3,1,0,,nan,1,parse_error,0,0,0,waxman,medium,0,36.51
46,gpt,main_t0.5,0.0,A,F4,1,0,,nan,1,parse_error,0,0,0,waxman,medium,0,27.54
46,gpt,main_t0.5,0.0,A,F5,1,0,,nan,1,parse_error,0,0,0,waxman,medium,0,35.28
47,gpt,main_t0.5,0.0,A,F1,1,0,,nan,0,path_adjacency,0,0,0,waxman,large,0,52.26
47,gpt,main_t0.5,0.0,A,F2,1,0,,nan,0,path_adjacency,0,0,0,waxman,large,0,86.08
47,gpt,main_t0.5,0.0,A,F3,1,0,,nan,0,path_adjacency,0,0,0,waxman,large,0,23.5
47,gpt,main_t0.5,0.0,A,F4,1,1,801,nan,0,none,108,693,11,waxman,large,0,41.72
47,gpt,main_t0.5,0.0,A,F5,1,1,612,nan,0,none,108,504,8,waxman,large,0,26.03
48,gpt,main_t0.5,0.0,A,F1,1,0,,nan,1,parse_error,0,0,0,waxman,medium,0,57.54
48,gpt,main_t0.5,0.0,A,F2,1,0,,nan,0,path_adjacency,0,0,0,waxman,medium,0,81.33
48,gpt,main_t0.5,0.0,A,F3,1,0,,nan,0,path_adjacency,0,0,0,waxman,medium,0,51.77
48,gpt,main_t0.5,0.0,A,F4,1,0,,nan,1,parse_error,0,0,0,waxman,medium,0,58.35
48,gpt,main_t0.5,0.0,A,F5,1,0,,nan,1,parse_error,0,0,0,waxman,medium,0,56.6
49,gpt,main_t0.5,0.0,A,F1,1,1,334,-75.40500736377025,0,none,78,256,8,waxman,medium,0,33.05
49,gpt,main_t0.5,0.0,A,F2,1,0,,nan,1,parse_error,0,0,0,waxman,medium,0,41.66
49,gpt,main_t0.5,0.0,A,F3,1,0,,nan,1,parse_error,0,0,0,waxman,medium,0,24.97
49,gpt,main_t0.5,0.0,A,F4,1,1,270,-80.11782032400589,0,none,78,192,6,waxman,medium,0,52.83
49,gpt,main_t0.5,0.0,A,F5,1,1,334,-75.40500736377025,0,none,78,256,8,waxman,medium,0,20.7
4,gpt,main_t0.5,0.0,A,F1,1,1,504,-42.857142857142854,0,none,126,378,7,barabasi_albert,small,0,29.49
4,gpt,main_t0.5,0.0,A,F2,1,1,504,-42.857142857142854,0,none,126,378,7,barabasi_albert,small,0,32.88
4,gpt,main_t0.5,0.0,A,F3,1,1,504,-42.857142857142854,0,none,126,378,7,barabasi_albert,small,0,38.26
4,gpt,main_t0.5,0.0,A,F4,1,0,,nan,0,path_adjacency,0,0,0,barabasi_albert,small,0,33.37
4,gpt,main_t0.5,0.0,A,F5,1,1,450,-48.97959183673469,0,none,126,324,6,barabasi_albert,small,0,26.85
50,gpt,main_t0.5,0.0,A,F1,1,1,499,-21.169036334913113,0,none,97,402,6,erdos_renyi,medium,0,13.63
50,gpt,main_t0.5,0.0,A,F2,1,1,499,-21.169036334913113,0,none,97,402,6,erdos_renyi,medium,0,20.31
50,gpt,main_t0.5,0.0,A,F3,1,0,,nan,0,path_adjacency,0,0,0,erdos_renyi,medium,0,18.27
50,gpt,main_t0.5,0.0,A,F4,1,1,499,-21.169036334913113,0,none,97,402,6,erdos_renyi,medium,0,20.96
50,gpt,main_t0.5,0.0,A,F5,1,1,499,-21.169036334913113,0,none,97,402,6,erdos_renyi,medium,0,15.81
51,gpt,main_t0.5,0.0,A,F1,1,1,312,-78.51239669421489,0,none,102,210,7,waxman,large,0,18.18
51,gpt,main_t0.5,0.0,A,F2,1,1,312,-78.51239669421489,0,none,102,210,7,waxman,large,0,59.8
51,gpt,main_t0.5,0.0,A,F3,1,1,312,-78.51239669421489,0,none,102,210,7,waxman,large,0,16.52
51,gpt,main_t0.5,0.0,A,F4,1,1,312,-78.51239669421489,0,none,102,210,7,waxman,large,0,20.78
51,gpt,main_t0.5,0.0,A,F5,1,0,,nan,0,path_adjacency,0,0,0,waxman,large,0,19.86
52,gpt,main_t0.5,0.0,A,F1,1,1,309,-23.325062034739457,0,none,74,235,5,erdos_renyi,medium,0,15.49
52,gpt,main_t0.5,0.0,A,F2,1,1,309,-23.325062034739457,0,none,74,235,5,erdos_renyi,medium,0,16.94
52,gpt,main_t0.5,0.0,A,F3,1,1,262,-34.98759305210918,0,none,74,188,4,erdos_renyi,medium,0,16.82
52,gpt,main_t0.5,0.0,A,F4,1,0,,nan,0,path_adjacency,0,0,0,erdos_renyi,medium,0,19.17
52,gpt,main_t0.5,0.0,A,F5,1,0,,nan,0,path_adjacency,0,0,0,erdos_renyi,medium,0,31.53
53,gpt,main_t0.5,0.0,A,F1,1,1,372,-44.22788605697151,0,none,77,295,5,barabasi_albert,medium,0,14.91
53,gpt,main_t0.5,0.0,A,F2,1,0,,nan,0,path_adjacency,0,0,0,barabasi_albert,medium,0,37.0
53,gpt,main_t0.5,0.0,A,F3,1,1,372,-44.22788605697151,0,none,77,295,5,barabasi_albert,medium,0,18.7
53,gpt,main_t0.5,0.0,A,F4,1,0,,nan,0,path_adjacency,0,0,0,barabasi_albert,medium,0,26.9
53,gpt,main_t0.5,0.0,A,F5,1,1,372,-44.22788605697151,0,none,77,295,5,barabasi_albert,medium,0,21.53
54,gpt,main_t0.5,0.0,A,F1,1,1,238,-23.961661341853034,0,none,88,150,6,barabasi_albert,small,0,37.67
54,gpt,main_t0.5,0.0,A,F2,1,1,238,-23.961661341853034,0,none,88,150,6,barabasi_albert,small,0,24.93
54,gpt,main_t0.5,0.0,A,F3,1,1,238,-23.961661341853034,0,none,88,150,6,barabasi_albert,small,0,20.01
54,gpt,main_t0.5,0.0,A,F4,1,1,238,-23.961661341853034,0,none,88,150,6,barabasi_albert,small,0,21.69
54,gpt,main_t0.5,0.0,A,F5,1,1,238,-23.961661341853034,0,none,88,150,6,barabasi_albert,small,0,32.36
55,gpt,main_t0.5,0.0,A,F1,1,1,361,nan,0,none,81,280,5,barabasi_albert,small,0,17.69
55,gpt,main_t0.5,0.0,A,F2,1,1,361,nan,0,none,81,280,5,barabasi_albert,small,0,20.99
55,gpt,main_t0.5,0.0,A,F3,1,1,361,nan,0,none,81,280,5,barabasi_albert,small,0,21.79
55,gpt,main_t0.5,0.0,A,F4,1,0,,nan,0,path_adjacency,0,0,0,barabasi_albert,small,0,21.23
55,gpt,main_t0.5,0.0,A,F5,1,1,361,nan,0,none,81,280,5,barabasi_albert,small,0,18.46
56,gpt,main_t0.5,0.0,A,F1,1,1,301,-57.06134094151213,0,none,126,175,7,waxman,medium,0,53.42
56,gpt,main_t0.5,0.0,A,F2,1,0,,nan,0,path_adjacency,0,0,0,waxman,medium,0,39.25
56,gpt,main_t0.5,0.0,A,F3,1,0,,nan,1,parse_error,0,0,0,waxman,medium,0,42.3
56,gpt,main_t0.5,0.0,A,F4,1,0,,nan,0,path_adjacency,0,0,0,waxman,medium,0,27.45
56,gpt,main_t0.5,0.0,A,F5,1,0,,nan,0,path_adjacency,0,0,0,waxman,medium,0,26.78
57,gpt,main_t0.5,0.0,A,F1,1,1,869,nan,0,none,158,711,9,barabasi_albert,medium,0,22.59
57,gpt,main_t0.5,0.0,A,F2,1,0,,nan,0,path_adjacency,0,0,0,barabasi_albert,medium,0,35.35
57,gpt,main_t0.5,0.0,A,F3,1,1,869,nan,0,none,158,711,9,barabasi_albert,medium,0,45.02
57,gpt,main_t0.5,0.0,A,F4,1,1,869,nan,0,none,158,711,9,barabasi_albert,medium,0,33.55
57,gpt,main_t0.5,0.0,A,F5,1,1,869,nan,0,none,158,711,9,barabasi_albert,medium,0,30.24
58,gpt,main_t0.5,0.0,A,F1,1,0,,nan,0,path_adjacency,0,0,0,erdos_renyi,small,0,27.78
58,gpt,main_t0.5,0.0,A,F2,1,0,,nan,0,path_adjacency,0,0,0,erdos_renyi,small,0,56.84
58,gpt,main_t0.5,0.0,A,F3,1,0,,nan,0,path_adjacency,0,0,0,erdos_renyi,small,0,26.84
58,gpt,main_t0.5,0.0,A,F4,1,1,385,-23.0,0,none,178,207,9,erdos_renyi,small,0,31.45
58,gpt,main_t0.5,0.0,A,F5,1,1,385,-23.0,0,none,178,207,9,erdos_renyi,small,0,36.77
59,gpt,main_t0.5,0.0,A,F1,1,1,708,-40.4040404040404,0,none,148,560,7,barabasi_albert,medium,0,20.01
59,gpt,main_t0.5,0.0,A,F2,1,1,708,-40.4040404040404,0,none,148,560,7,barabasi_albert,medium,0,19.48
59,gpt,main_t0.5,0.0,A,F3,1,0,,nan,0,path_adjacency,0,0,0,barabasi_albert,medium,0,32.09
59,gpt,main_t0.5,0.0,A,F4,1,1,708,-40.4040404040404,0,none,148,560,7,barabasi_albert,medium,0,13.16
59,gpt,main_t0.5,0.0,A,F5,1,0,,nan,0,path_adjacency,0,0,0,barabasi_albert,medium,0,37.27
5,gpt,main_t0.5,0.0,A,F1,1,1,202,-70.38123167155426,0,none,82,120,6,waxman,medium,0,25.85
5,gpt,main_t0.5,0.0,A,F2,1,0,,nan,0,path_adjacency,0,0,0,waxman,medium,0,61.6
5,gpt,main_t0.5,0.0,A,F3,1,0,,nan,0,path_adjacency,0,0,0,waxman,medium,0,27.98
5,gpt,main_t0.5,0.0,A,F4,1,0,,nan,0,path_adjacency,0,0,0,waxman,medium,0,42.7
5,gpt,main_t0.5,0.0,A,F5,1,0,,nan,0,path_adjacency,0,0,0,waxman,medium,0,30.34
60,gpt,main_t0.5,0.0,A,F1,1,0,,nan,0,path_adjacency,0,0,0,erdos_renyi,large,0,34.38
60,gpt,main_t0.5,0.0,A,F2,1,0,,nan,0,path_adjacency,0,0,0,erdos_renyi,large,0,34.7
60,gpt,main_t0.5,0.0,A,F3,1,0,,nan,0,path_adjacency,0,0,0,erdos_renyi,large,0,17.02
60,gpt,main_t0.5,0.0,A,F4,1,0,,nan,0,path_adjacency,0,0,0,erdos_renyi,large,0,33.02
60,gpt,main_t0.5,0.0,A,F5,1,1,409,-45.539280958721704,0,none,67,342,6,erdos_renyi,large,0,18.78
61,gpt,main_t0.5,0.0,A,F1,1,0,,nan,0,path_adjacency,0,0,0,erdos_renyi,medium,0,26.34
61,gpt,main_t0.5,0.0,A,F2,1,0,,nan,0,path_adjacency,0,0,0,erdos_renyi,medium,0,26.16
61,gpt,main_t0.5,0.0,A,F3,1,1,319,-25.292740046838407,0,none,103,216,6,erdos_renyi,medium,0,30.15
61,gpt,main_t0.5,0.0,A,F4,1,0,,nan,0,path_adjacency,0,0,0,erdos_renyi,medium,0,25.55
61,gpt,main_t0.5,0.0,A,F5,1,0,,nan,0,path_adjacency,0,0,0,erdos_renyi,medium,0,20.63
62,gpt,main_t0.5,0.0,A,F1,1,1,570,-37.01657458563536,0,none,101,469,7,barabasi_albert,medium,0,25.69
62,gpt,main_t0.5,0.0,A,F2,1,1,570,-37.01657458563536,0,none,101,469,7,barabasi_albert,medium,0,31.61
62,gpt,main_t0.5,0.0,A,F3,1,1,570,-37.01657458563536,0,none,101,469,7,barabasi_albert,medium,0,23.0
62,gpt,main_t0.5,0.0,A,F4,1,1,570,-37.01657458563536,0,none,101,469,7,barabasi_albert,medium,0,25.57
62,gpt,main_t0.5,0.0,A,F5,1,1,570,-37.01657458563536,0,none,101,469,7,barabasi_albert,medium,0,21.29
63,gpt,main_t0.5,0.0,A,F1,1,1,762,nan,0,none,146,616,11,waxman,medium,0,23.37
63,gpt,main_t0.5,0.0,A,F2,1,0,,nan,1,parse_error,0,0,0,waxman,medium,0,79.46
63,gpt,main_t0.5,0.0,A,F3,1,0,,nan,1,parse_error,0,0,0,waxman,medium,0,61.23
63,gpt,main_t0.5,0.0,A,F4,1,1,762,nan,0,none,146,616,11,waxman,medium,0,43.32
63,gpt,main_t0.5,0.0,A,F5,1,0,,nan,1,parse_error,0,0,0,waxman,medium,0,27.3
64,gpt,main_t0.5,0.0,A,F1,1,1,743,-37.7200335289187,0,none,143,600,8,erdos_renyi,large,0,49.09
64,gpt,main_t0.5,0.0,A,F2,1,1,743,-37.7200335289187,0,none,143,600,8,erdos_renyi,large,0,25.79
64,gpt,main_t0.5,0.0,A,F3,1,1,743,-37.7200335289187,0,none,143,600,8,erdos_renyi,large,0,21.62
64,gpt,main_t0.5,0.0,A,F4,1,1,743,-37.7200335289187,0,none,143,600,8,erdos_renyi,large,0,28.58
64,gpt,main_t0.5,0.0,A,F5,1,1,743,-37.7200335289187,0,none,143,600,8,erdos_renyi,large,0,22.63
65,gpt,main_t0.5,0.0,A,F1,1,1,410,-28.321678321678323,0,none,86,324,6,barabasi_albert,small,0,13.14
65,gpt,main_t0.5,0.0,A,F2,1,0,,nan,0,path_adjacency,0,0,0,barabasi_albert,small,0,23.0
65,gpt,main_t0.5,0.0,A,F3,1,1,410,-28.321678321678323,0,none,86,324,6,barabasi_albert,small,0,12.62
65,gpt,main_t0.5,0.0,A,F4,1,0,,nan,0,path_adjacency,0,0,0,barabasi_albert,small,0,25.52
65,gpt,main_t0.5,0.0,A,F5,1,1,410,-28.321678321678323,0,none,86,324,6,barabasi_albert,small,0,14.81
66,gpt,main_t0.5,0.0,A,F1,1,0,,nan,1,parse_error,0,0,0,waxman,medium,0,21.22
66,gpt,main_t0.5,0.0,A,F2,1,1,480,-64.39169139465875,0,none,108,372,12,waxman,medium,0,51.24
66,gpt,main_t0.5,0.0,A,F3,1,0,,nan,0,path_adjacency,0,0,0,waxman,medium,0,42.31
66,gpt,main_t0.5,0.0,A,F4,1,1,480,-64.39169139465875,0,none,108,372,12,waxman,medium,0,15.43
66,gpt,main_t0.5,0.0,A,F5,1,1,480,-64.39169139465875,0,none,108,372,12,waxman,medium,0,25.97
67,gpt,main_t0.5,0.0,A,F1,1,1,612,nan,0,none,80,532,7,waxman,medium,0,12.73
67,gpt,main_t0.5,0.0,A,F2,1,0,,nan,0,path_adjacency,0,0,0,waxman,medium,0,65.63
67,gpt,main_t0.5,0.0,A,F3,1,1,612,nan,0,none,80,532,7,waxman,medium,0,74.64
67,gpt,main_t0.5,0.0,A,F4,1,1,612,nan,0,none,80,532,7,waxman,medium,0,13.39
67,gpt,main_t0.5,0.0,A,F5,1,1,612,nan,0,none,80,532,7,waxman,medium,0,17.51
68,gpt,main_t0.5,0.0,A,F1,1,0,,nan,0,path_adjacency,0,0,0,waxman,medium,0,44.18
68,gpt,main_t0.5,0.0,A,F2,1,0,,nan,1,parse_error,0,0,0,waxman,medium,0,87.47
68,gpt,main_t0.5,0.0,A,F3,1,0,,nan,1,parse_error,0,0,0,waxman,medium,0,79.53
68,gpt,main_t0.5,0.0,A,F4,1,0,,nan,1,parse_error,0,0,0,waxman,medium,0,32.65
68,gpt,main_t0.5,0.0,A,F5,1,0,,nan,0,path_adjacency,0,0,0,waxman,medium,0,36.35
69,gpt,main_t0.5,0.0,A,F1,1,0,,nan,0,path_adjacency,0,0,0,barabasi_albert,medium,0,22.53
69,gpt,main_t0.5,0.0,A,F2,1,0,,nan,0,path_adjacency,0,0,0,barabasi_albert,medium,0,28.33
69,gpt,main_t0.5,0.0,A,F3,1,0,,nan,0,path_adjacency,0,0,0,barabasi_albert,medium,0,18.26
69,gpt,main_t0.5,0.0,A,F4,1,1,386,-33.21799307958477,0,none,66,320,5,barabasi_albert,medium,0,13.24
69,gpt,main_t0.5,0.0,A,F5,1,0,,nan,0,path_adjacency,0,0,0,barabasi_albert,medium,0,12.74
6,gpt,main_t0.5,0.0,A,F1,1,1,1159,nan,0,none,158,1001,13,waxman,medium,0,44.26
6,gpt,main_t0.5,0.0,A,F2,1,0,,nan,1,parse_error,0,0,0,waxman,medium,0,120.22
6,gpt,main_t0.5,0.0,A,F3,1,0,,nan,1,parse_error,0,0,0,waxman,medium,0,58.62
6,gpt,main_t0.5,0.0,A,F4,1,0,,nan,1,parse_error,0,0,0,waxman,medium,0,52.4
6,gpt,main_t0.5,0.0,A,F5,1,0,,nan,1,parse_error,0,0,0,waxman,medium,0,40.75
70,gpt,main_t0.5,0.0,A,F1,1,1,268,-80.5090909090909,0,none,106,162,6,waxman,large,0,29.65
70,gpt,main_t0.5,0.0,A,F2,1,1,241,-82.47272727272727,0,none,106,135,5,waxman,large,0,40.9
70,gpt,main_t0.5,0.0,A,F3,1,1,268,-80.5090909090909,0,none,106,162,6,waxman,large,0,18.16
70,gpt,main_t0.5,0.0,A,F4,1,0,,nan,0,path_adjacency,0,0,0,waxman,large,0,22.1
70,gpt,main_t0.5,0.0,A,F5,1,1,268,-80.5090909090909,0,none,106,162,6,waxman,large,0,25.55
71,gpt,main_t0.5,0.0,A,F1,1,1,304,nan,0,none,74,230,5,waxman,medium,0,52.64
71,gpt,main_t0.5,0.0,A,F2,1,0,,nan,1,parse_error,0,0,0,waxman,medium,0,88.46
71,gpt,main_t0.5,0.0,A,F3,1,0,,nan,0,path_adjacency,0,0,0,waxman,medium,0,28.7
71,gpt,main_t0.5,0.0,A,F4,1,0,,nan,0,path_adjacency,0,0,0,waxman,medium,0,17.23
71,gpt,main_t0.5,0.0,A,F5,1,0,,nan,0,path_adjacency,0,0,0,waxman,medium,0,36.47
72,gpt,main_t0.5,0.0,A,F1,1,1,267,-22.608695652173914,0,none,72,195,5,erdos_renyi,medium,0,19.23
72,gpt,main_t0.5,0.0,A,F2,1,1,267,-22.608695652173914,0,none,72,195,5,erdos_renyi,medium,0,14.89
72,gpt,main_t0.5,0.0,A,F3,1,0,,nan,0,path_adjacency,0,0,0,erdos_renyi,medium,0,14.26
72,gpt,main_t0.5,0.0,A,F4,1,0,,nan,0,path_adjacency,0,0,0,erdos_renyi,medium,0,24.01
72,gpt,main_t0.5,0.0,A,F5,1,1,267,-22.608695652173914,0,none,72,195,5,erdos_renyi,medium,0,11.49
73,gpt,main_t0.5,0.0,A,F1,1,0,,nan,0,path_adjacency,0,0,0,waxman,large,0,45.83
73,gpt,main_t0.5,0.0,A,F2,1,0,,nan,1,parse_error,0,0,0,waxman,large,0,80.26
73,gpt,main_t0.5,0.0,A,F3,1,0,,nan,1,parse_error,0,0,0,waxman,large,0,38.83
73,gpt,main_t0.5,0.0,A,F4,1,0,,nan,0,path_adjacency,0,0,0,waxman,large,0,18.13
73,gpt,main_t0.5,0.0,A,F5,1,1,670,-66.69980119284294,0,none,121,549,9,waxman,large,0,18.58
74,gpt,main_t0.5,0.0,A,F1,1,0,,nan,0,path_adjacency,0,0,0,waxman,large,0,42.5
74,gpt,main_t0.5,0.0,A,F2,1,1,641,nan,0,none,116,525,7,waxman,large,0,84.56
74,gpt,main_t0.5,0.0,A,F3,1,1,641,nan,0,none,116,525,7,waxman,large,0,10.57
74,gpt,main_t0.5,0.0,A,F4,1,1,641,nan,0,none,116,525,7,waxman,large,0,27.98
74,gpt,main_t0.5,0.0,A,F5,1,0,,nan,0,path_adjacency,0,0,0,waxman,large,0,23.58
75,gpt,main_t0.5,0.0,A,F1,1,1,836,nan,0,none,132,704,11,waxman,small,0,23.47
75,gpt,main_t0.5,0.0,A,F2,1,0,,nan,1,parse_error,0,0,0,waxman,small,0,105.83
75,gpt,main_t0.5,0.0,A,F3,1,0,,nan,0,path_adjacency,0,0,0,waxman,small,0,33.01
75,gpt,main_t0.5,0.0,A,F4,1,1,964,nan,0,none,132,832,13,waxman,small,0,19.13
75,gpt,main_t0.5,0.0,A,F5,1,1,836,nan,0,none,132,704,11,waxman,small,0,87.77
76,gpt,main_t0.5,0.0,A,F1,1,0,,nan,0,path_adjacency,0,0,0,barabasi_albert,medium,0,22.73
76,gpt,main_t0.5,0.0,A,F2,1,0,,nan,0,path_adjacency,0,0,0,barabasi_albert,medium,0,32.1
76,gpt,main_t0.5,0.0,A,F3,1,0,,nan,0,path_adjacency,0,0,0,barabasi_albert,medium,0,21.9
76,gpt,main_t0.5,0.0,A,F4,1,0,,nan,0,path_adjacency,0,0,0,barabasi_albert,medium,0,18.19
76,gpt,main_t0.5,0.0,A,F5,1,1,557,-42.0997920997921,0,none,152,405,9,barabasi_albert,medium,0,21.19
77,gpt,main_t0.5,0.0,A,F1,1,0,,nan,0,path_adjacency,0,0,0,erdos_renyi,large,0,38.45
77,gpt,main_t0.5,0.0,A,F2,1,0,,nan,0,path_adjacency,0,0,0,erdos_renyi,large,0,36.92
77,gpt,main_t0.5,0.0,A,F3,1,1,834,-26.713532513181022,0,none,150,684,9,erdos_renyi,large,0,47.4
77,gpt,main_t0.5,0.0,A,F4,1,1,834,-26.713532513181022,0,none,150,684,9,erdos_renyi,large,0,44.59
77,gpt,main_t0.5,0.0,A,F5,1,1,834,-26.713532513181022,0,none,150,684,9,erdos_renyi,large,0,21.23
78,gpt,main_t0.5,0.0,A,F1,1,1,289,-75.36231884057972,0,none,81,208,8,waxman,large,0,17.14
78,gpt,main_t0.5,0.0,A,F2,1,0,,nan,0,path_adjacency,0,0,0,waxman,large,0,86.27
78,gpt,main_t0.5,0.0,A,F3,1,1,289,-75.36231884057972,0,none,81,208,8,waxman,large,0,15.57
78,gpt,main_t0.5,0.0,A,F4,1,1,289,-75.36231884057972,0,none,81,208,8,waxman,large,0,35.44
78,gpt,main_t0.5,0.0,A,F5,1,1,289,-75.36231884057972,0,none,81,208,8,waxman,large,0,34.52
79,gpt,main_t0.5,0.0,A,F1,1,0,,nan,0,path_adjacency,0,0,0,waxman,medium,0,24.52
79,gpt,main_t0.5,0.0,A,F2,1,0,,nan,1,parse_error,0,0,0,waxman,medium,0,63.83
79,gpt,main_t0.5,0.0,A,F3,1,1,522,-76.67560321715817,0,none,159,363,11,waxman,medium,0,35.33
79,gpt,main_t0.5,0.0,A,F4,1,0,,nan,0,path_adjacency,0,0,0,waxman,medium,0,46.53
79,gpt,main_t0.5,0.0,A,F5,1,1,522,-76.67560321715817,0,none,159,363,11,waxman,medium,0,34.75
7,gpt,main_t0.5,0.0,A,F1,1,1,446,-45.006165228113446,0,none,81,365,5,erdos_renyi,small,0,16.22
7,gpt,main_t0.5,0.0,A,F2,1,1,446,-45.006165228113446,0,none,81,365,5,erdos_renyi,small,0,24.87
7,gpt,main_t0.5,0.0,A,F3,1,0,,nan,0,path_adjacency,0,0,0,erdos_renyi,small,0,24.15
7,gpt,main_t0.5,0.0,A,F4,1,0,,nan,0,path_adjacency,0,0,0,erdos_renyi,small,0,36.24
7,gpt,main_t0.5,0.0,A,F5,1,1,446,-45.006165228113446,0,none,81,365,5,erdos_renyi,small,0,31.53
80,gpt,main_t0.5,0.0,A,F1,1,0,,nan,0,path_adjacency,0,0,0,waxman,medium,0,21.7
80,gpt,main_t0.5,0.0,A,F2,1,0,,nan,0,path_adjacency,0,0,0,waxman,medium,0,105.27
80,gpt,main_t0.5,0.0,A,F3,1,0,,nan,0,path_adjacency,0,0,0,waxman,medium,0,32.16
80,gpt,main_t0.5,0.0,A,F4,1,0,,nan,0,path_adjacency,0,0,0,waxman,medium,0,26.03
80,gpt,main_t0.5,0.0,A,F5,1,0,,nan,0,path_adjacency,0,0,0,waxman,medium,0,35.63
81,gpt,main_t0.5,0.0,A,F1,1,0,,nan,0,path_adjacency,0,0,0,erdos_renyi,large,0,34.92
81,gpt,main_t0.5,0.0,A,F2,1,1,656,nan,0,none,144,512,8,erdos_renyi,large,0,29.02
81,gpt,main_t0.5,0.0,A,F3,1,0,,nan,0,path_adjacency,0,0,0,erdos_renyi,large,0,29.56
81,gpt,main_t0.5,0.0,A,F4,1,0,,nan,0,path_adjacency,0,0,0,erdos_renyi,large,0,21.92
81,gpt,main_t0.5,0.0,A,F5,1,1,592,nan,0,none,144,448,7,erdos_renyi,large,0,23.47
82,gpt,main_t0.5,0.0,A,F1,1,1,1100,nan,0,none,188,912,12,waxman,small,0,30.87
82,gpt,main_t0.5,0.0,A,F2,1,0,,nan,0,path_adjacency,0,0,0,waxman,small,0,89.88
82,gpt,main_t0.5,0.0,A,F3,1,0,,nan,0,path_adjacency,0,0,0,waxman,small,0,30.41
82,gpt,main_t0.5,0.0,A,F4,1,0,,nan,0,path_adjacency,0,0,0,waxman,small,0,25.43
82,gpt,main_t0.5,0.0,A,F5,1,0,,nan,1,parse_error,0,0,0,waxman,small,0,36.4
83,gpt,main_t0.5,0.0,A,F1,1,0,,nan,0,path_adjacency,0,0,0,erdos_renyi,medium,0,33.21
83,gpt,main_t0.5,0.0,A,F2,1,1,338,nan,0,none,107,231,7,erdos_renyi,medium,0,21.05
83,gpt,main_t0.5,0.0,A,F3,1,1,338,nan,0,none,107,231,7,erdos_renyi,medium,0,16.66
83,gpt,main_t0.5,0.0,A,F4,1,0,,nan,0,path_adjacency,0,0,0,erdos_renyi,medium,0,19.9
83,gpt,main_t0.5,0.0,A,F5,1,1,338,nan,0,none,107,231,7,erdos_renyi,medium,0,15.52
84,gpt,main_t0.5,0.0,A,F1,1,1,583,nan,0,none,135,448,8,erdos_renyi,medium,0,21.53
84,gpt,main_t0.5,0.0,A,F2,1,1,583,nan,0,none,135,448,8,erdos_renyi,medium,0,29.76
84,gpt,main_t0.5,0.0,A,F3,1,1,583,nan,0,none,135,448,8,erdos_renyi,medium,0,19.93
84,gpt,main_t0.5,0.0,A,F4,1,1,583,nan,0,none,135,448,8,erdos_renyi,medium,0,38.49
84,gpt,main_t0.5,0.0,A,F5,1,0,,nan,0,path_adjacency,0,0,0,erdos_renyi,medium,0,27.24
85,gpt,main_t0.5,0.0,A,F1,1,1,582,nan,0,none,186,396,9,erdos_renyi,small,0,36.99
85,gpt,main_t0.5,0.0,A,F2,1,1,582,nan,0,none,186,396,9,erdos_renyi,small,0,38.21
85,gpt,main_t0.5,0.0,A,F3,1,1,582,nan,0,none,186,396,9,erdos_renyi,small,0,28.61
85,gpt,main_t0.5,0.0,A,F4,1,1,582,nan,0,none,186,396,9,erdos_renyi,small,0,38.1
85,gpt,main_t0.5,0.0,A,F5,1,1,582,nan,0,none,186,396,9,erdos_renyi,small,0,31.16
86,gpt,main_t0.5,0.0,A,F1,1,1,268,-70.48458149779736,0,none,76,192,3,waxman,small,0,26.4
86,gpt,main_t0.5,0.0,A,F2,1,0,,nan,0,path_adjacency,0,0,0,waxman,small,0,30.25
86,gpt,main_t0.5,0.0,A,F3,1,0,,nan,0,path_adjacency,0,0,0,waxman,small,0,17.05
86,gpt,main_t0.5,0.0,A,F4,1,0,,nan,0,path_adjacency,0,0,0,waxman,small,0,21.07
86,gpt,main_t0.5,0.0,A,F5,1,0,,nan,0,path_adjacency,0,0,0,waxman,small,0,24.29
87,gpt,main_t0.5,0.0,A,F1,1,0,,nan,0,path_adjacency,0,0,0,erdos_renyi,medium,0,17.73
87,gpt,main_t0.5,0.0,A,F2,1,0,,nan,0,path_adjacency,0,0,0,erdos_renyi,medium,0,17.81
87,gpt,main_t0.5,0.0,A,F3,1,1,377,-27.63915547024952,0,none,125,252,7,erdos_renyi,medium,0,13.33
87,gpt,main_t0.5,0.0,A,F4,1,1,341,-34.548944337811896,0,none,125,216,6,erdos_renyi,medium,0,27.44
87,gpt,main_t0.5,0.0,A,F5,1,0,,nan,0,path_adjacency,0,0,0,erdos_renyi,medium,0,25.6
88,gpt,main_t0.5,0.0,A,F1,1,0,,nan,0,path_adjacency,0,0,0,barabasi_albert,medium,0,28.56
88,gpt,main_t0.5,0.0,A,F2,1,1,568,nan,0,none,144,424,8,barabasi_albert,medium,0,21.52
88,gpt,main_t0.5,0.0,A,F3,1,0,,nan,0,path_adjacency,0,0,0,barabasi_albert,medium,0,16.86
88,gpt,main_t0.5,0.0,A,F4,1,1,568,nan,0,none,144,424,8,barabasi_albert,medium,0,19.92
88,gpt,main_t0.5,0.0,A,F5,1,1,568,nan,0,none,144,424,8,barabasi_albert,medium,0,24.25
89,gpt,main_t0.5,0.0,A,F1,1,0,,nan,0,path_adjacency,0,0,0,barabasi_albert,medium,0,17.16
89,gpt,main_t0.5,0.0,A,F2,1,0,,nan,0,path_adjacency,0,0,0,barabasi_albert,medium,0,29.62
89,gpt,main_t0.5,0.0,A,F3,1,0,,nan,0,path_adjacency,0,0,0,barabasi_albert,medium,0,32.94
89,gpt,main_t0.5,0.0,A,F4,1,1,550,-39.82494529540481,0,none,134,416,8,barabasi_albert,medium,0,28.09
89,gpt,main_t0.5,0.0,A,F5,1,0,,nan,0,path_adjacency,0,0,0,barabasi_albert,medium,0,23.14
8,gpt,main_t0.5,0.0,A,F1,1,0,,nan,0,path_adjacency,0,0,0,waxman,medium,0,105.15
8,gpt,main_t0.5,0.0,A,F2,1,0,,nan,0,path_adjacency,0,0,0,waxman,medium,0,158.14
8,gpt,main_t0.5,0.0,A,F3,1,0,,nan,1,parse_error,0,0,0,waxman,medium,0,93.93
8,gpt,main_t0.5,0.0,A,F4,1,0,,nan,0,path_adjacency,0,0,0,waxman,medium,0,54.25
8,gpt,main_t0.5,0.0,A,F5,1,0,,nan,1,parse_error,0,0,0,waxman,medium,0,77.97
90,gpt,main_t0.5,0.0,A,F1,1,1,872,nan,0,none,91,781,11,waxman,medium,0,42.26
90,gpt,main_t0.5,0.0,A,F2,1,0,,nan,1,parse_error,0,0,0,waxman,medium,0,134.31
90,gpt,main_t0.5,0.0,A,F3,1,0,,nan,0,path_adjacency,0,0,0,waxman,medium,0,34.71
90,gpt,main_t0.5,0.0,A,F4,1,0,,nan,0,path_adjacency,0,0,0,waxman,medium,0,50.49
90,gpt,main_t0.5,0.0,A,F5,1,0,,nan,0,path_adjacency,0,0,0,waxman,medium,0,41.33
91,gpt,main_t0.5,0.0,A,F1,1,1,681,-64.69673405909798,0,none,57,624,12,waxman,medium,0,14.96
91,gpt,main_t0.5,0.0,A,F2,1,0,,nan,0,path_adjacency,0,0,0,waxman,medium,0,69.36
91,gpt,main_t0.5,0.0,A,F3,1,0,,nan,0,path_adjacency,0,0,0,waxman,medium,0,45.86
91,gpt,main_t0.5,0.0,A,F4,1,0,,nan,0,path_adjacency,0,0,0,waxman,medium,0,46.53
91,gpt,main_t0.5,0.0,A,F5,1,1,681,-64.69673405909798,0,none,57,624,12,waxman,medium,0,15.91
92,gpt,main_t0.5,0.0,A,F1,1,0,,nan,1,parse_error,0,0,0,waxman,large,0,61.68
92,gpt,main_t0.5,0.0,A,F2,1,0,,nan,0,path_adjacency,0,0,0,waxman,large,0,111.96
92,gpt,main_t0.5,0.0,A,F3,1,0,,nan,0,path_adjacency,0,0,0,waxman,large,0,75.28
92,gpt,main_t0.5,0.0,A,F4,1,0,,nan,1,parse_error,0,0,0,waxman,large,0,62.76
92,gpt,main_t0.5,0.0,A,F5,1,0,,nan,1,parse_error,0,0,0,waxman,large,0,56.5
93,gpt,main_t0.5,0.0,A,F1,1,1,570,-24.90118577075099,0,none,129,441,7,erdos_renyi,medium,0,21.35
93,gpt,main_t0.5,0.0,A,F2,1,0,,nan,0,path_adjacency,0,0,0,erdos_renyi,medium,0,81.13
93,gpt,main_t0.5,0.0,A,F3,1,0,,nan,0,path_adjacency,0,0,0,erdos_renyi,medium,0,51.86
93,gpt,main_t0.5,0.0,A,F4,1,0,,nan,0,path_adjacency,0,0,0,erdos_renyi,medium,0,39.66
93,gpt,main_t0.5,0.0,A,F5,1,1,570,-24.90118577075099,0,none,129,441,7,erdos_renyi,medium,0,36.0
94,gpt,main_t0.5,0.0,A,F1,1,0,,nan,0,path_adjacency,0,0,0,waxman,small,0,46.01
94,gpt,main_t0.5,0.0,A,F2,1,0,,nan,1,parse_error,0,0,0,waxman,small,0,23.11
94,gpt,main_t0.5,0.0,A,F3,1,0,,nan,0,path_adjacency,0,0,0,waxman,small,0,39.32
94,gpt,main_t0.5,0.0,A,F4,1,0,,nan,0,path_adjacency,0,0,0,waxman,small,0,52.02
94,gpt,main_t0.5,0.0,A,F5,1,0,,nan,0,path_adjacency,0,0,0,waxman,small,0,45.2
95,gpt,main_t0.5,0.0,A,F1,1,1,850,nan,0,none,166,684,9,barabasi_albert,small,0,24.81
95,gpt,main_t0.5,0.0,A,F2,1,1,850,nan,0,none,166,684,9,barabasi_albert,small,0,39.19
95,gpt,main_t0.5,0.0,A,F3,1,1,850,nan,0,none,166,684,9,barabasi_albert,small,0,29.05
95,gpt,main_t0.5,0.0,A,F4,1,1,850,nan,0,none,166,684,9,barabasi_albert,small,0,22.26
95,gpt,main_t0.5,0.0,A,F5,1,1,850,nan,0,none,166,684,9,barabasi_albert,small,0,27.85
96,gpt,main_t0.5,0.0,A,F1,1,1,702,-36.0655737704918,0,none,174,528,8,erdos_renyi,medium,0,21.78
96,gpt,main_t0.5,0.0,A,F2,1,1,702,-36.0655737704918,0,none,174,528,8,erdos_renyi,medium,0,29.09
96,gpt,main_t0.5,0.0,A,F3,1,0,,nan,0,path_adjacency,0,0,0,erdos_renyi,medium,0,31.71
96,gpt,main_t0.5,0.0,A,F4,1,1,702,-36.0655737704918,0,none,174,528,8,erdos_renyi,medium,0,44.21
96,gpt,main_t0.5,0.0,A,F5,1,0,,nan,0,path_adjacency,0,0,0,erdos_renyi,medium,0,38.01
97,gpt,main_t0.5,0.0,A,F1,1,1,331,-64.4468313641246,0,none,91,240,6,waxman,large,0,53.95
97,gpt,main_t0.5,0.0,A,F2,1,1,331,-64.4468313641246,0,none,91,240,6,waxman,large,0,28.91
97,gpt,main_t0.5,0.0,A,F3,1,0,,nan,0,path_adjacency,0,0,0,waxman,large,0,16.38
97,gpt,main_t0.5,0.0,A,F4,1,0,,nan,0,path_adjacency,0,0,0,waxman,large,0,31.76
97,gpt,main_t0.5,0.0,A,F5,1,1,331,-64.4468313641246,0,none,91,240,6,waxman,large,0,22.42
98,gpt,main_t0.5,0.0,A,F1,1,1,674,-37.00934579439252,0,none,80,594,9,waxman,small,0,27.24
98,gpt,main_t0.5,0.0,A,F2,1,0,,nan,0,path_adjacency,0,0,0,waxman,small,0,69.99
98,gpt,main_t0.5,0.0,A,F3,1,1,542,-49.34579439252336,0,none,80,462,7,waxman,small,0,54.36
98,gpt,main_t0.5,0.0,A,F4,1,1,410,-61.6822429906542,0,none,80,330,5,waxman,small,0,42.78
98,gpt,main_t0.5,0.0,A,F5,1,0,,nan,0,path_adjacency,0,0,0,waxman,small,0,51.2
99,gpt,main_t0.5,0.0,A,F1,1,1,420,-34.883720930232556,0,none,105,315,7,erdos_renyi,medium,0,35.64
99,gpt,main_t0.5,0.0,A,F2,1,0,,nan,0,path_adjacency,0,0,0,erdos_renyi,medium,0,41.06
99,gpt,main_t0.5,0.0,A,F3,1,1,420,-34.883720930232556,0,none,105,315,7,erdos_renyi,medium,0,22.35
99,gpt,main_t0.5,0.0,A,F4,1,0,,nan,0,path_adjacency,0,0,0,erdos_renyi,medium,0,16.67
99,gpt,main_t0.5,0.0,A,F5,1,1,420,-34.883720930232556,0,none,105,315,7,erdos_renyi,medium,0,30.53
9,gpt,main_t0.5,0.0,A,F1,1,1,324,-43.75,0,none,128,196,7,barabasi_albert,large,0,60.35
9,gpt,main_t0.5,0.0,A,F2,1,0,,nan,0,path_adjacency,0,0,0,barabasi_albert,large,0,84.91
9,gpt,main_t0.5,0.0,A,F3,1,1,324,-43.75,0,none,128,196,7,barabasi_albert,large,0,71.07
9,gpt,main_t0.5,0.0,A,F4,1,1,324,-43.75,0,none,128,196,7,barabasi_albert,large,0,35.82
9,gpt,main_t0.5,0.0,A,F5,1,1,324,-43.75,0,none,128,196,7,barabasi_albert,large,0,43.17
10,gpt,noise,0.0,A,F1,1,0,,nan,0,path_adjacency,0,0,0,waxman,medium,1,15.78
10,gpt,noise,0.0,A,F1,1,0,,nan,0,node_existence,0,0,0,waxman,medium,2,20.23
10,gpt,noise,0.0,A,F1,1,1,272,nan,0,none,97,175,5,waxman,medium,3,18.91
10,gpt,noise,0.0,A,F2,1,0,,nan,0,path_adjacency,0,0,0,waxman,medium,1,29.23
10,gpt,noise,0.0,A,F2,1,0,,nan,0,node_existence,0,0,0,waxman,medium,2,59.79
10,gpt,noise,0.0,A,F2,1,1,272,nan,0,none,97,175,5,waxman,medium,3,15.7
10,gpt,noise,0.0,A,F3,1,0,,nan,0,path_adjacency,0,0,0,waxman,medium,1,23.26
10,gpt,noise,0.0,A,F3,1,0,,nan,0,node_existence,0,0,0,waxman,medium,2,17.81
10,gpt,noise,0.0,A,F3,1,1,272,nan,0,none,97,175,5,waxman,medium,3,29.78
10,gpt,noise,0.0,A,F4,1,0,,nan,0,path_adjacency,0,0,0,waxman,medium,1,60.74
10,gpt,noise,0.0,A,F4,1,0,,nan,0,node_existence,0,0,0,waxman,medium,2,14.43
10,gpt,noise,0.0,A,F4,1,1,272,nan,0,none,97,175,5,waxman,medium,3,15.79
10,gpt,noise,0.0,A,F5,1,0,,nan,0,path_adjacency,0,0,0,waxman,medium,1,26.71
10,gpt,noise,0.0,A,F5,1,0,,nan,0,node_existence,0,0,0,waxman,medium,2,29.53
10,gpt,noise,0.0,A,F5,1,0,,nan,0,path_adjacency,0,0,0,waxman,medium,3,34.97
11,gpt,noise,0.0,A,F1,1,0,,nan,0,path_adjacency,0,0,0,waxman,medium,1,57.5
11,gpt,noise,0.0,A,F1,1,0,,nan,0,node_existence,0,0,0,waxman,medium,2,59.08
11,gpt,noise,0.0,A,F1,1,0,,nan,0,path_adjacency,0,0,0,waxman,medium,3,53.7
11,gpt,noise,0.0,A,F2,1,0,,nan,1,parse_error,0,0,0,waxman,medium,1,100.63
11,gpt,noise,0.0,A,F2,1,0,,nan,0,node_existence,0,0,0,waxman,medium,2,59.42
11,gpt,noise,0.0,A,F2,1,0,,nan,1,parse_error,0,0,0,waxman,medium,3,147.26
11,gpt,noise,0.0,A,F3,1,1,642,nan,0,none,138,504,7,waxman,medium,1,31.88
11,gpt,noise,0.0,A,F3,1,0,,nan,0,node_existence,0,0,0,waxman,medium,2,61.59
11,gpt,noise,0.0,A,F3,1,1,642,nan,0,none,138,504,7,waxman,medium,3,94.21
11,gpt,noise,0.0,A,F4,1,0,,nan,0,path_adjacency,0,0,0,waxman,medium,1,33.76
11,gpt,noise,0.0,A,F4,1,0,,nan,0,node_existence,0,0,0,waxman,medium,2,87.45
11,gpt,noise,0.0,A,F4,1,0,,nan,0,path_adjacency,0,0,0,waxman,medium,3,65.93
11,gpt,noise,0.0,A,F5,1,0,,nan,1,parse_error,0,0,0,waxman,medium,1,48.73
11,gpt,noise,0.0,A,F5,1,0,,nan,0,node_existence,0,0,0,waxman,medium,2,65.17
11,gpt,noise,0.0,A,F5,1,0,,nan,0,path_adjacency,0,0,0,waxman,medium,3,38.97
12,gpt,noise,0.0,A,F1,1,0,,nan,0,path_adjacency,0,0,0,waxman,large,1,21.14
12,gpt,noise,0.0,A,F1,1,0,,nan,0,path_adjacency,0,0,0,waxman,large,2,67.17
12,gpt,noise,0.0,A,F1,1,1,388,-63.670411985018724,0,none,82,306,9,waxman,large,3,34.29
12,gpt,noise,0.0,A,F2,1,0,,nan,0,path_adjacency,0,0,0,waxman,large,1,121.02
12,gpt,noise,0.0,A,F2,1,0,,nan,0,path_adjacency,0,0,0,waxman,large,2,139.8
12,gpt,noise,0.0,A,F2,1,0,,nan,1,parse_error,0,0,0,waxman,large,3,106.58
12,gpt,noise,0.0,A,F3,1,0,,nan,0,path_adjacency,0,0,0,waxman,large,1,61.16
12,gpt,noise,0.0,A,F3,1,0,,nan,0,path_adjacency,0,0,0,waxman,large,2,137.93
12,gpt,noise,0.0,A,F3,1,0,,nan,0,path_adjacency,0,0,0,waxman,large,3,38.92
12,gpt,noise,0.0,A,F4,1,0,,nan,0,path_adjacency,0,0,0,waxman,large,1,40.21
12,gpt,noise,0.0,A,F4,1,1,286,-73.22097378277154,0,none,82,204,6,waxman,large,2,34.23
12,gpt,noise,0.0,A,F4,1,0,,nan,0,path_adjacency,0,0,0,waxman,large,3,38.66
12,gpt,noise,0.0,A,F5,1,0,,nan,0,path_adjacency,0,0,0,waxman,large,1,48.68
12,gpt,noise,0.0,A,F5,1,0,,nan,1,parse_error,0,0,0,waxman,large,2,70.23
12,gpt,noise,0.0,A,F5,1,1,320,-70.0374531835206,0,none,82,238,7,waxman,large,3,26.3
13,gpt,noise,0.0,A,F1,1,0,,nan,0,path_adjacency,0,0,0,waxman,small,1,42.41
13,gpt,noise,0.0,A,F1,1,0,,nan,0,path_adjacency,0,0,0,waxman,small,2,83.54
13,gpt,noise,0.0,A,F1,1,0,,nan,1,parse_error,0,0,0,waxman,small,3,45.65
13,gpt,noise,0.0,A,F2,1,0,,nan,1,parse_error,0,0,0,waxman,small,1,96.74
13,gpt,noise,0.0,A,F2,1,0,,nan,1,parse_error,0,0,0,waxman,small,2,138.32
13,gpt,noise,0.0,A,F2,1,0,,nan,1,parse_error,0,0,0,waxman,small,3,125.35
13,gpt,noise,0.0,A,F3,1,0,,nan,1,parse_error,0,0,0,waxman,small,1,59.16
13,gpt,noise,0.0,A,F3,1,0,,nan,0,path_adjacency,0,0,0,waxman,small,2,79.64
13,gpt,noise,0.0,A,F3,1,0,,nan,0,path_adjacency,0,0,0,waxman,small,3,149.42
13,gpt,noise,0.0,A,F4,1,0,,nan,1,parse_error,0,0,0,waxman,small,1,58.04
13,gpt,noise,0.0,A,F4,1,0,,nan,0,path_adjacency,0,0,0,waxman,small,2,36.88
13,gpt,noise,0.0,A,F4,1,0,,nan,0,path_adjacency,0,0,0,waxman,small,3,50.72
13,gpt,noise,0.0,A,F5,1,0,,nan,1,parse_error,0,0,0,waxman,small,1,65.0
13,gpt,noise,0.0,A,F5,1,0,,nan,1,parse_error,0,0,0,waxman,small,2,70.27
13,gpt,noise,0.0,A,F5,1,1,673,-62.04173716864072,0,none,123,550,10,waxman,small,3,89.6
14,gpt,noise,0.0,A,F1,1,0,,nan,0,path_adjacency,0,0,0,erdos_renyi,large,1,51.85
14,gpt,noise,0.0,A,F1,1,0,,nan,0,path_adjacency,0,0,0,erdos_renyi,large,2,46.57
14,gpt,noise,0.0,A,F1,1,1,628,-37.57455268389662,0,none,124,504,8,erdos_renyi,large,3,46.35
14,gpt,noise,0.0,A,F2,1,0,,nan,0,path_adjacency,0,0,0,erdos_renyi,large,1,41.83
14,gpt,noise,0.0,A,F2,1,0,,nan,0,path_adjacency,0,0,0,erdos_renyi,large,2,47.07
14,gpt,noise,0.0,A,F2,1,0,,nan,0,path_adjacency,0,0,0,erdos_renyi,large,3,104.24
14,gpt,noise,0.0,A,F3,1,0,,nan,0,path_adjacency,0,0,0,erdos_renyi,large,1,34.86
14,gpt,noise,0.0,A,F3,1,0,,nan,0,path_adjacency,0,0,0,erdos_renyi,large,2,32.32
14,gpt,noise,0.0,A,F3,1,0,,nan,0,path_adjacency,0,0,0,erdos_renyi,large,3,56.11
14,gpt,noise,0.0,A,F4,1,0,,nan,0,path_adjacency,0,0,0,erdos_renyi,large,1,28.84
14,gpt,noise,0.0,A,F4,1,0,,nan,0,path_adjacency,0,0,0,erdos_renyi,large,2,57.18
14,gpt,noise,0.0,A,F4,1,1,628,-37.57455268389662,0,none,124,504,8,erdos_renyi,large,3,46.05
14,gpt,noise,0.0,A,F5,1,0,,nan,0,path_adjacency,0,0,0,erdos_renyi,large,1,41.03
14,gpt,noise,0.0,A,F5,1,0,,nan,0,path_adjacency,0,0,0,erdos_renyi,large,2,53.21
14,gpt,noise,0.0,A,F5,1,1,628,-37.57455268389662,0,none,124,504,8,erdos_renyi,large,3,35.71
15,gpt,noise,0.0,A,F1,1,0,,nan,0,path_adjacency,0,0,0,waxman,large,1,33.6
15,gpt,noise,0.0,A,F1,1,0,,nan,0,path_adjacency,0,0,0,waxman,large,2,113.89
15,gpt,noise,0.0,A,F1,1,0,,nan,0,path_adjacency,0,0,0,waxman,large,3,42.93
15,gpt,noise,0.0,A,F2,1,0,,nan,0,path_adjacency,0,0,0,waxman,large,1,97.06
15,gpt,noise,0.0,A,F2,1,0,,nan,0,path_adjacency,0,0,0,waxman,large,2,137.62
15,gpt,noise,0.0,A,F2,1,0,,nan,0,path_adjacency,0,0,0,waxman,large,3,115.76
15,gpt,noise,0.0,A,F3,1,0,,nan,1,parse_error,0,0,0,waxman,large,1,91.21
15,gpt,noise,0.0,A,F3,1,0,,nan,1,parse_error,0,0,0,waxman,large,2,89.84
15,gpt,noise,0.0,A,F3,1,0,,nan,0,path_adjacency,0,0,0,waxman,large,3,157.34
15,gpt,noise,0.0,A,F4,1,0,,nan,0,path_adjacency,0,0,0,waxman,large,1,39.25
15,gpt,noise,0.0,A,F4,1,0,,nan,0,path_adjacency,0,0,0,waxman,large,2,30.94
15,gpt,noise,0.0,A,F4,1,1,847,nan,0,none,117,730,10,waxman,large,3,36.65
15,gpt,noise,0.0,A,F5,1,0,,nan,1,parse_error,0,0,0,waxman,large,1,112.85
15,gpt,noise,0.0,A,F5,1,0,,nan,1,parse_error,0,0,0,waxman,large,2,62.46
15,gpt,noise,0.0,A,F5,1,0,,nan,0,path_adjacency,0,0,0,waxman,large,3,62.32
16,gpt,noise,0.0,A,F1,1,0,,nan,0,path_adjacency,0,0,0,erdos_renyi,large,1,39.81
16,gpt,noise,0.0,A,F1,1,0,,nan,0,path_adjacency,0,0,0,erdos_renyi,large,2,22.64
16,gpt,noise,0.0,A,F1,1,1,316,nan,0,none,148,168,7,erdos_renyi,large,3,38.99
16,gpt,noise,0.0,A,F2,1,0,,nan,0,path_adjacency,0,0,0,erdos_renyi,large,1,133.68
16,gpt,noise,0.0,A,F2,1,0,,nan,0,path_adjacency,0,0,0,erdos_renyi,large,2,47.08
16,gpt,noise,0.0,A,F2,1,1,316,nan,0,none,148,168,7,erdos_renyi,large,3,99.04
16,gpt,noise,0.0,A,F3,1,0,,nan,0,path_adjacency,0,0,0,erdos_renyi,large,1,35.4
16,gpt,noise,0.0,A,F3,1,0,,nan,0,path_adjacency,0,0,0,erdos_renyi,large,2,30.15
16,gpt,noise,0.0,A,F3,1,0,,nan,0,path_adjacency,0,0,0,erdos_renyi,large,3,36.46
16,gpt,noise,0.0,A,F4,1,0,,nan,0,path_adjacency,0,0,0,erdos_renyi,large,1,34.39
16,gpt,noise,0.0,A,F4,1,0,,nan,0,path_adjacency,0,0,0,erdos_renyi,large,2,43.42
16,gpt,noise,0.0,A,F4,1,1,316,nan,0,none,148,168,7,erdos_renyi,large,3,31.25
16,gpt,noise,0.0,A,F5,1,0,,nan,0,path_adjacency,0,0,0,erdos_renyi,large,1,59.59
16,gpt,noise,0.0,A,F5,1,0,,nan,0,path_adjacency,0,0,0,erdos_renyi,large,2,29.73
16,gpt,noise,0.0,A,F5,1,1,316,nan,0,none,148,168,7,erdos_renyi,large,3,32.57
17,gpt,noise,0.0,A,F1,1,0,,nan,0,path_adjacency,0,0,0,erdos_renyi,medium,1,32.76
17,gpt,noise,0.0,A,F1,1,0,,nan,0,node_existence,0,0,0,erdos_renyi,medium,2,46.49
17,gpt,noise,0.0,A,F1,1,1,413,-39.353891336270195,0,none,78,335,5,erdos_renyi,medium,3,14.07
17,gpt,noise,0.0,A,F2,1,0,,nan,0,path_adjacency,0,0,0,erdos_renyi,medium,1,55.59
17,gpt,noise,0.0,A,F2,1,0,,nan,0,node_existence,0,0,0,erdos_renyi,medium,2,47.82
17,gpt,noise,0.0,A,F2,1,0,,nan,0,path_adjacency,0,0,0,erdos_renyi,medium,3,56.76
17,gpt,noise,0.0,A,F3,1,0,,nan,0,path_adjacency,0,0,0,erdos_renyi,medium,1,38.93
17,gpt,noise,0.0,A,F3,1,0,,nan,0,node_existence,0,0,0,erdos_renyi,medium,2,52.1
17,gpt,noise,0.0,A,F3,1,0,,nan,0,path_adjacency,0,0,0,erdos_renyi,medium,3,25.28
17,gpt,noise,0.0,A,F4,1,0,,nan,0,path_adjacency,0,0,0,erdos_renyi,medium,1,38.58
17,gpt,noise,0.0,A,F4,1,0,,nan,0,node_existence,0,0,0,erdos_renyi,medium,2,35.99
17,gpt,noise,0.0,A,F4,1,1,413,-39.353891336270195,0,none,78,335,5,erdos_renyi,medium,3,30.3
17,gpt,noise,0.0,A,F5,1,1,413,-39.353891336270195,0,none,78,335,5,erdos_renyi,medium,1,56.12
17,gpt,noise,0.0,A,F5,1,0,,nan,0,path_adjacency,0,0,0,erdos_renyi,medium,2,41.77
17,gpt,noise,0.0,A,F5,1,1,413,-39.353891336270195,0,none,78,335,5,erdos_renyi,medium,3,22.44
18,gpt,noise,0.0,A,F1,1,0,,nan,0,path_adjacency,0,0,0,erdos_renyi,small,1,49.94
18,gpt,noise,0.0,A,F1,1,0,,nan,0,path_adjacency,0,0,0,erdos_renyi,small,2,33.88
18,gpt,noise,0.0,A,F1,1,1,425,-39.71631205673759,0,none,75,350,5,erdos_renyi,small,3,30.95
18,gpt,noise,0.0,A,F2,1,0,,nan,0,path_adjacency,0,0,0,erdos_renyi,small,1,43.24
18,gpt,noise,0.0,A,F2,1,0,,nan,0,path_adjacency,0,0,0,erdos_renyi,small,2,24.89
18,gpt,noise,0.0,A,F2,1,1,355,-49.645390070921984,0,none,75,280,4,erdos_renyi,small,3,50.02
18,gpt,noise,0.0,A,F3,1,0,,nan,0,path_adjacency,0,0,0,erdos_renyi,small,1,24.07
18,gpt,noise,0.0,A,F3,1,0,,nan,0,path_adjacency,0,0,0,erdos_renyi,small,2,29.42
18,gpt,noise,0.0,A,F3,1,0,,nan,0,path_adjacency,0,0,0,erdos_renyi,small,3,46.43
18,gpt,noise,0.0,A,F4,1,0,,nan,0,path_adjacency,0,0,0,erdos_renyi,small,1,18.06
18,gpt,noise,0.0,A,F4,1,0,,nan,0,path_adjacency,0,0,0,erdos_renyi,small,2,20.46
18,gpt,noise,0.0,A,F4,1,1,425,-39.71631205673759,0,none,75,350,5,erdos_renyi,small,3,36.33
18,gpt,noise,0.0,A,F5,1,0,,nan,0,path_adjacency,0,0,0,erdos_renyi,small,1,42.52
18,gpt,noise,0.0,A,F5,1,0,,nan,0,path_adjacency,0,0,0,erdos_renyi,small,2,33.08
18,gpt,noise,0.0,A,F5,1,0,,nan,0,path_adjacency,0,0,0,erdos_renyi,small,3,65.23
19,gpt,noise,0.0,A,F1,1,1,459,-73.01587301587301,0,none,162,297,11,waxman,medium,1,39.13
19,gpt,noise,0.0,A,F1,1,0,,nan,0,path_adjacency,0,0,0,waxman,medium,2,16.94
19,gpt,noise,0.0,A,F1,1,1,459,-73.01587301587301,0,none,162,297,11,waxman,medium,3,21.2
19,gpt,noise,0.0,A,F2,1,0,,nan,1,parse_error,0,0,0,waxman,medium,1,78.33
19,gpt,noise,0.0,A,F2,1,0,,nan,0,path_adjacency,0,0,0,waxman,medium,2,41.42
19,gpt,noise,0.0,A,F2,1,0,,nan,0,path_adjacency,0,0,0,waxman,medium,3,27.68
19,gpt,noise,0.0,A,F3,1,1,459,-73.01587301587301,0,none,162,297,11,waxman,medium,1,32.1
19,gpt,noise,0.0,A,F3,1,0,,nan,0,path_adjacency,0,0,0,waxman,medium,2,53.15
19,gpt,noise,0.0,A,F3,1,0,,nan,1,parse_error,0,0,0,waxman,medium,3,60.23
19,gpt,noise,0.0,A,F4,1,0,,nan,0,path_adjacency,0,0,0,waxman,medium,1,74.33
19,gpt,noise,0.0,A,F4,1,0,,nan,0,path_adjacency,0,0,0,waxman,medium,2,40.73
19,gpt,noise,0.0,A,F4,1,0,,nan,0,path_adjacency,0,0,0,waxman,medium,3,32.44
19,gpt,noise,0.0,A,F5,1,1,459,-73.01587301587301,0,none,162,297,11,waxman,medium,1,40.77
19,gpt,noise,0.0,A,F5,1,0,,nan,0,path_adjacency,0,0,0,waxman,medium,2,59.35
19,gpt,noise,0.0,A,F5,1,1,459,-73.01587301587301,0,none,162,297,11,waxman,medium,3,31.67
1,gpt,noise,0.0,A,F1,1,0,,nan,0,path_adjacency,0,0,0,barabasi_albert,medium,1,52.31
1,gpt,noise,0.0,A,F1,1,0,,nan,0,node_existence,0,0,0,barabasi_albert,medium,2,43.85
1,gpt,noise,0.0,A,F1,1,1,384,-43.859649122807014,0,none,144,240,8,barabasi_albert,medium,3,26.56
1,gpt,noise,0.0,A,F2,1,0,,nan,0,path_adjacency,0,0,0,barabasi_albert,medium,1,57.89
1,gpt,noise,0.0,A,F2,1,0,,nan,0,node_existence,0,0,0,barabasi_albert,medium,2,29.16
1,gpt,noise,0.0,A,F2,1,0,,nan,0,path_adjacency,0,0,0,barabasi_albert,medium,3,31.19
1,gpt,noise,0.0,A,F3,1,0,,nan,0,path_adjacency,0,0,0,barabasi_albert,medium,1,33.18
1,gpt,noise,0.0,A,F3,1,0,,nan,0,node_existence,0,0,0,barabasi_albert,medium,2,27.01
1,gpt,noise,0.0,A,F3,1,1,384,-43.859649122807014,0,none,144,240,8,barabasi_albert,medium,3,25.06
1,gpt,noise,0.0,A,F4,1,0,,nan,0,path_adjacency,0,0,0,barabasi_albert,medium,1,31.15
1,gpt,noise,0.0,A,F4,1,0,,nan,0,node_existence,0,0,0,barabasi_albert,medium,2,38.12
1,gpt,noise,0.0,A,F4,1,1,384,-43.859649122807014,0,none,144,240,8,barabasi_albert,medium,3,28.72
1,gpt,noise,0.0,A,F5,1,0,,nan,0,path_adjacency,0,0,0,barabasi_albert,medium,1,33.35
1,gpt,noise,0.0,A,F5,1,0,,nan,0,path_adjacency,0,0,0,barabasi_albert,medium,2,77.36
1,gpt,noise,0.0,A,F5,1,0,,nan,0,path_adjacency,0,0,0,barabasi_albert,medium,3,34.35
20,gpt,noise,0.0,A,F1,1,0,,nan,0,node_existence,0,0,0,erdos_renyi,small,1,30.23
20,gpt,noise,0.0,A,F1,1,0,,nan,0,node_existence,0,0,0,erdos_renyi,small,2,67.18
20,gpt,noise,0.0,A,F1,1,1,288,-22.58064516129032,0,none,78,210,5,erdos_renyi,small,3,16.49
20,gpt,noise,0.0,A,F2,1,0,,nan,0,node_existence,0,0,0,erdos_renyi,small,1,28.28
20,gpt,noise,0.0,A,F2,1,0,,nan,0,node_existence,0,0,0,erdos_renyi,small,2,39.06
20,gpt,noise,0.0,A,F2,1,0,,nan,0,path_adjacency,0,0,0,erdos_renyi,small,3,34.94
20,gpt,noise,0.0,A,F3,1,0,,nan,0,node_existence,0,0,0,erdos_renyi,small,1,43.63
20,gpt,noise,0.0,A,F3,1,0,,nan,0,node_existence,0,0,0,erdos_renyi,small,2,40.65
20,gpt,noise,0.0,A,F3,1,1,288,-22.58064516129032,0,none,78,210,5,erdos_renyi,small,3,47.08
20,gpt,noise,0.0,A,F4,1,0,,nan,0,node_existence,0,0,0,erdos_renyi,small,1,36.62
20,gpt,noise,0.0,A,F4,1,0,,nan,0,node_existence,0,0,0,erdos_renyi,small,2,54.5
20,gpt,noise,0.0,A,F4,1,0,,nan,0,path_adjacency,0,0,0,erdos_renyi,small,3,35.81
20,gpt,noise,0.0,A,F5,1,0,,nan,0,path_adjacency,0,0,0,erdos_renyi,small,1,22.59
20,gpt,noise,0.0,A,F5,1,0,,nan,0,node_existence,0,0,0,erdos_renyi,small,2,22.34
20,gpt,noise,0.0,A,F5,1,1,288,-22.58064516129032,0,none,78,210,5,erdos_renyi,small,3,27.49
2,gpt,noise,0.0,A,F1,1,0,,nan,0,path_adjacency,0,0,0,barabasi_albert,medium,1,15.55
2,gpt,noise,0.0,A,F1,1,0,,nan,0,node_existence,0,0,0,barabasi_albert,medium,2,40.83
2,gpt,noise,0.0,A,F1,1,1,283,-42.59634888438134,0,none,136,147,7,barabasi_albert,medium,3,35.28
2,gpt,noise,0.0,A,F2,1,0,,nan,0,path_adjacency,0,0,0,barabasi_albert,medium,1,31.2
2,gpt,noise,0.0,A,F2,1,0,,nan,0,node_existence,0,0,0,barabasi_albert,medium,2,69.02
2,gpt,noise,0.0,A,F2,1,0,,nan,0,path_adjacency,0,0,0,barabasi_albert,medium,3,22.31
2,gpt,noise,0.0,A,F3,1,1,283,-42.59634888438134,0,none,136,147,7,barabasi_albert,medium,1,29.22
2,gpt,noise,0.0,A,F3,1,0,,nan,0,path_adjacency,0,0,0,barabasi_albert,medium,2,27.32
2,gpt,noise,0.0,A,F3,1,0,,nan,0,path_adjacency,0,0,0,barabasi_albert,medium,3,48.72
2,gpt,noise,0.0,A,F4,1,1,283,-42.59634888438134,0,none,136,147,7,barabasi_albert,medium,1,37.3
2,gpt,noise,0.0,A,F4,1,0,,nan,0,path_adjacency,0,0,0,barabasi_albert,medium,2,35.62
2,gpt,noise,0.0,A,F4,1,1,283,-42.59634888438134,0,none,136,147,7,barabasi_albert,medium,3,56.65
2,gpt,noise,0.0,A,F5,1,0,,nan,0,path_adjacency,0,0,0,barabasi_albert,medium,1,25.44
2,gpt,noise,0.0,A,F5,1,0,,nan,0,node_existence,0,0,0,barabasi_albert,medium,2,40.96
2,gpt,noise,0.0,A,F5,1,0,,nan,0,path_adjacency,0,0,0,barabasi_albert,medium,3,23.56
3,gpt,noise,0.0,A,F1,1,0,,nan,0,path_adjacency,0,0,0,erdos_renyi,large,1,44.28
3,gpt,noise,0.0,A,F1,1,0,,nan,0,path_adjacency,0,0,0,erdos_renyi,large,2,28.01
3,gpt,noise,0.0,A,F1,1,0,,nan,0,path_adjacency,0,0,0,erdos_renyi,large,3,37.5
3,gpt,noise,0.0,A,F2,1,0,,nan,0,path_adjacency,0,0,0,erdos_renyi,large,1,48.45
3,gpt,noise,0.0,A,F2,1,0,,nan,0,path_adjacency,0,0,0,erdos_renyi,large,2,148.41
3,gpt,noise,0.0,A,F2,1,0,,nan,0,path_adjacency,0,0,0,erdos_renyi,large,3,59.69
3,gpt,noise,0.0,A,F3,1,0,,nan,0,path_adjacency,0,0,0,erdos_renyi,large,1,23.16
3,gpt,noise,0.0,A,F3,1,0,,nan,0,path_adjacency,0,0,0,erdos_renyi,large,2,37.71
3,gpt,noise,0.0,A,F3,1,0,,nan,0,path_adjacency,0,0,0,erdos_renyi,large,3,30.11
3,gpt,noise,0.0,A,F4,1,0,,nan,0,path_adjacency,0,0,0,erdos_renyi,large,1,54.93
3,gpt,noise,0.0,A,F4,1,0,,nan,0,path_adjacency,0,0,0,erdos_renyi,large,2,39.55
3,gpt,noise,0.0,A,F4,1,0,,nan,0,path_adjacency,0,0,0,erdos_renyi,large,3,61.08
3,gpt,noise,0.0,A,F5,1,0,,nan,0,path_adjacency,0,0,0,erdos_renyi,large,1,28.29
3,gpt,noise,0.0,A,F5,1,0,,nan,0,path_adjacency,0,0,0,erdos_renyi,large,2,40.4
3,gpt,noise,0.0,A,F5,1,0,,nan,0,path_adjacency,0,0,0,erdos_renyi,large,3,43.08
4,gpt,noise,0.0,A,F1,1,0,,nan,0,node_existence,0,0,0,barabasi_albert,small,1,49.96
4,gpt,noise,0.0,A,F1,1,0,,nan,0,node_existence,0,0,0,barabasi_albert,small,2,48.17
4,gpt,noise,0.0,A,F1,1,1,504,-42.857142857142854,0,none,126,378,7,barabasi_albert,small,3,21.91
4,gpt,noise,0.0,A,F2,1,0,,nan,0,node_existence,0,0,0,barabasi_albert,small,1,45.35
4,gpt,noise,0.0,A,F2,1,0,,nan,0,node_existence,0,0,0,barabasi_albert,small,2,40.72
4,gpt,noise,0.0,A,F2,1,0,,nan,0,path_adjacency,0,0,0,barabasi_albert,small,3,26.02
4,gpt,noise,0.0,A,F3,1,0,,nan,0,node_existence,0,0,0,barabasi_albert,small,1,41.57
4,gpt,noise,0.0,A,F3,1,0,,nan,0,node_existence,0,0,0,barabasi_albert,small,2,45.93
4,gpt,noise,0.0,A,F3,1,1,504,-42.857142857142854,0,none,126,378,7,barabasi_albert,small,3,28.0
4,gpt,noise,0.0,A,F4,1,0,,nan,0,node_existence,0,0,0,barabasi_albert,small,1,23.71
4,gpt,noise,0.0,A,F4,1,0,,nan,0,node_existence,0,0,0,barabasi_albert,small,2,48.4
4,gpt,noise,0.0,A,F4,1,0,,nan,0,path_adjacency,0,0,0,barabasi_albert,small,3,26.51
4,gpt,noise,0.0,A,F5,1,0,,nan,0,node_existence,0,0,0,barabasi_albert,small,1,22.51
4,gpt,noise,0.0,A,F5,1,0,,nan,0,node_existence,0,0,0,barabasi_albert,small,2,22.03
4,gpt,noise,0.0,A,F5,1,0,,nan,0,path_adjacency,0,0,0,barabasi_albert,small,3,39.29
5,gpt,noise,0.0,A,F1,1,0,,nan,0,path_adjacency,0,0,0,waxman,medium,1,48.08
5,gpt,noise,0.0,A,F1,1,0,,nan,0,path_adjacency,0,0,0,waxman,medium,2,48.86
5,gpt,noise,0.0,A,F1,1,1,162,-76.24633431085044,0,none,82,80,4,waxman,medium,3,27.09
5,gpt,noise,0.0,A,F2,1,0,,nan,0,path_adjacency,0,0,0,waxman,medium,1,35.83
5,gpt,noise,0.0,A,F2,1,0,,nan,0,path_adjacency,0,0,0,waxman,medium,2,78.75
5,gpt,noise,0.0,A,F2,1,0,,nan,0,path_adjacency,0,0,0,waxman,medium,3,34.17
5,gpt,noise,0.0,A,F3,1,0,,nan,0,path_adjacency,0,0,0,waxman,medium,1,41.45
5,gpt,noise,0.0,A,F3,1,0,,nan,0,path_adjacency,0,0,0,waxman,medium,2,23.83
5,gpt,noise,0.0,A,F3,1,0,,nan,0,path_adjacency,0,0,0,waxman,medium,3,51.96
5,gpt,noise,0.0,A,F4,1,0,,nan,0,path_adjacency,0,0,0,waxman,medium,1,39.12
5,gpt,noise,0.0,A,F4,1,0,,nan,0,path_adjacency,0,0,0,waxman,medium,2,63.83
5,gpt,noise,0.0,A,F4,1,1,162,-76.24633431085044,0,none,82,80,4,waxman,medium,3,56.18
5,gpt,noise,0.0,A,F5,1,0,,nan,0,path_adjacency,0,0,0,waxman,medium,1,30.07
5,gpt,noise,0.0,A,F5,1,0,,nan,0,path_adjacency,0,0,0,waxman,medium,2,45.06
5,gpt,noise,0.0,A,F5,1,0,,nan,0,path_adjacency,0,0,0,waxman,medium,3,39.64
6,gpt,noise,0.0,A,F1,1,0,,nan,1,parse_error,0,0,0,waxman,medium,1,113.45
6,gpt,noise,0.0,A,F1,1,0,,nan,1,parse_error,0,0,0,waxman,medium,2,108.45
6,gpt,noise,0.0,A,F1,1,0,,nan,0,path_adjacency,0,0,0,waxman,medium,3,71.66
6,gpt,noise,0.0,A,F2,1,0,,nan,1,parse_error,0,0,0,waxman,medium,1,142.11
6,gpt,noise,0.0,A,F2,1,0,,nan,1,parse_error,0,0,0,waxman,medium,2,192.58
6,gpt,noise,0.0,A,F2,1,0,,nan,1,parse_error,0,0,0,waxman,medium,3,195.99
6,gpt,noise,0.0,A,F3,1,0,,nan,1,parse_error,0,0,0,waxman,medium,1,109.94
6,gpt,noise,0.0,A,F3,1,0,,nan,0,node_existence,0,0,0,waxman,medium,2,81.03
6,gpt,noise,0.0,A,F3,1,0,,nan,1,parse_error,0,0,0,waxman,medium,3,77.33
6,gpt,noise,0.0,A,F4,1,0,,nan,1,parse_error,0,0,0,waxman,medium,1,46.04
6,gpt,noise,0.0,A,F4,1,0,,nan,1,parse_error,0,0,0,waxman,medium,2,133.64
6,gpt,noise,0.0,A,F4,1,0,,nan,1,parse_error,0,0,0,waxman,medium,3,60.59
6,gpt,noise,0.0,A,F5,1,0,,nan,1,parse_error,0,0,0,waxman,medium,1,87.91
6,gpt,noise,0.0,A,F5,1,0,,nan,0,node_existence,0,0,0,waxman,medium,2,57.34
6,gpt,noise,0.0,A,F5,1,0,,nan,1,parse_error,0,0,0,waxman,medium,3,79.7
7,gpt,noise,0.0,A,F1,1,0,,nan,0,node_existence,0,0,0,erdos_renyi,small,1,44.14
7,gpt,noise,0.0,A,F1,1,0,,nan,0,node_existence,0,0,0,erdos_renyi,small,2,29.6
7,gpt,noise,0.0,A,F1,1,1,446,-45.006165228113446,0,none,81,365,5,erdos_renyi,small,3,25.18
7,gpt,noise,0.0,A,F2,1,0,,nan,0,node_existence,0,0,0,erdos_renyi,small,1,62.79
7,gpt,noise,0.0,A,F2,1,0,,nan,0,node_existence,0,0,0,erdos_renyi,small,2,38.25
7,gpt,noise,0.0,A,F2,1,1,446,-45.006165228113446,0,none,81,365,5,erdos_renyi,small,3,29.82
7,gpt,noise,0.0,A,F3,1,0,,nan,0,node_existence,0,0,0,erdos_renyi,small,1,28.32
7,gpt,noise,0.0,A,F3,1,0,,nan,0,node_existence,0,0,0,erdos_renyi,small,2,42.73
7,gpt,noise,0.0,A,F3,1,1,446,-45.006165228113446,0,none,81,365,5,erdos_renyi,small,3,62.41
7,gpt,noise,0.0,A,F4,1,0,,nan,0,node_existence,0,0,0,erdos_renyi,small,1,38.58
7,gpt,noise,0.0,A,F4,1,0,,nan,0,node_existence,0,0,0,erdos_renyi,small,2,31.02
7,gpt,noise,0.0,A,F4,1,0,,nan,0,path_adjacency,0,0,0,erdos_renyi,small,3,62.82
7,gpt,noise,0.0,A,F5,1,0,,nan,0,node_existence,0,0,0,erdos_renyi,small,1,27.28
7,gpt,noise,0.0,A,F5,1,0,,nan,0,node_existence,0,0,0,erdos_renyi,small,2,74.31
7,gpt,noise,0.0,A,F5,1,1,446,-45.006165228113446,0,none,81,365,5,erdos_renyi,small,3,51.43
8,gpt,noise,0.0,A,F1,1,0,,nan,0,path_adjacency,0,0,0,waxman,medium,1,59.0
8,gpt,noise,0.0,A,F1,1,0,,nan,0,node_existence,0,0,0,waxman,medium,2,70.75
8,gpt,noise,0.0,A,F1,1,0,,nan,0,path_adjacency,0,0,0,waxman,medium,3,80.37
8,gpt,noise,0.0,A,F2,1,0,,nan,1,parse_error,0,0,0,waxman,medium,1,125.93
8,gpt,noise,0.0,A,F2,1,0,,nan,0,node_existence,0,0,0,waxman,medium,2,117.22
8,gpt,noise,0.0,A,F2,1,0,,nan,1,parse_error,0,0,0,waxman,medium,3,107.67
8,gpt,noise,0.0,A,F3,1,0,,nan,0,path_adjacency,0,0,0,waxman,medium,1,104.62
8,gpt,noise,0.0,A,F3,1,0,,nan,1,parse_error,0,0,0,waxman,medium,2,90.09
8,gpt,noise,0.0,A,F3,1,0,,nan,0,path_adjacency,0,0,0,waxman,medium,3,113.78
8,gpt,noise,0.0,A,F4,1,0,,nan,1,parse_error,0,0,0,waxman,medium,1,79.7
8,gpt,noise,0.0,A,F4,1,0,,nan,1,parse_error,0,0,0,waxman,medium,2,87.0
8,gpt,noise,0.0,A,F4,1,1,768,nan,0,none,138,630,9,waxman,medium,3,67.44
8,gpt,noise,0.0,A,F5,1,0,,nan,0,path_adjacency,0,0,0,waxman,medium,1,82.51
8,gpt,noise,0.0,A,F5,1,0,,nan,0,node_existence,0,0,0,waxman,medium,2,116.4
8,gpt,noise,0.0,A,F5,1,0,,nan,1,parse_error,0,0,0,waxman,medium,3,37.24
9,gpt,noise,0.0,A,F1,1,0,,nan,0,path_adjacency,0,0,0,barabasi_albert,large,1,37.86
9,gpt,noise,0.0,A,F1,1,0,,nan,0,path_adjacency,0,0,0,barabasi_albert,large,2,82.77
9,gpt,noise,0.0,A,F1,1,0,,nan,0,path_adjacency,0,0,0,barabasi_albert,large,3,23.9
9,gpt,noise,0.0,A,F2,1,0,,nan,0,path_adjacency,0,0,0,barabasi_albert,large,1,76.52
9,gpt,noise,0.0,A,F2,1,0,,nan,0,path_adjacency,0,0,0,barabasi_albert,large,2,39.17
9,gpt,noise,0.0,A,F2,1,1,324,-43.75,0,none,128,196,7,barabasi_albert,large,3,80.89
9,gpt,noise,0.0,A,F3,1,0,,nan,0,path_adjacency,0,0,0,barabasi_albert,large,1,55.53
9,gpt,noise,0.0,A,F3,1,0,,nan,0,path_adjacency,0,0,0,barabasi_albert,large,2,38.08
9,gpt,noise,0.0,A,F3,1,1,324,-43.75,0,none,128,196,7,barabasi_albert,large,3,52.37
9,gpt,noise,0.0,A,F4,1,0,,nan,0,path_adjacency,0,0,0,barabasi_albert,large,1,32.8
9,gpt,noise,0.0,A,F4,1,0,,nan,0,path_adjacency,0,0,0,barabasi_albert,large,2,41.5
9,gpt,noise,0.0,A,F4,1,1,324,-43.75,0,none,128,196,7,barabasi_albert,large,3,18.33
9,gpt,noise,0.0,A,F5,1,1,324,-43.75,0,none,128,196,7,barabasi_albert,large,1,47.62
9,gpt,noise,0.0,A,F5,1,1,324,-43.75,0,none,128,196,7,barabasi_albert,large,2,23.15
9,gpt,noise,0.0,A,F5,1,1,324,-43.75,0,none,128,196,7,barabasi_albert,large,3,21.82
10,gpt,vm_placement,0.0,A,F1,1,1,272,nan,0,none,97,175,5,waxman,medium,0,13.66
10,gpt,vm_placement,0.0,A,F2,1,1,272,nan,0,none,97,175,5,waxman,medium,0,47.02
10,gpt,vm_placement,0.0,A,F3,1,1,272,nan,0,none,97,175,5,waxman,medium,0,16.62
10,gpt,vm_placement,0.0,A,F4,1,1,272,nan,0,none,97,175,5,waxman,medium,0,14.68
10,gpt,vm_placement,0.0,A,F5,1,0,,nan,0,path_adjacency,0,0,0,waxman,medium,0,12.33
11,gpt,vm_placement,0.0,A,F1,1,1,642,nan,0,none,138,504,7,waxman,medium,0,18.83
11,gpt,vm_placement,0.0,A,F2,1,1,642,nan,0,none,138,504,7,waxman,medium,0,93.49
11,gpt,vm_placement,0.0,A,F3,1,1,642,nan,0,none,138,504,7,waxman,medium,0,23.37
11,gpt,vm_placement,0.0,A,F4,1,0,,nan,0,path_adjacency,0,0,0,waxman,medium,0,26.49
11,gpt,vm_placement,0.0,A,F5,1,0,,nan,0,path_adjacency,0,0,0,waxman,medium,0,47.94
12,gpt,vm_placement,0.0,A,F1,1,1,388,-63.670411985018724,0,none,82,306,9,waxman,large,0,20.65
12,gpt,vm_placement,0.0,A,F2,1,0,,nan,1,parse_error,0,0,0,waxman,large,0,80.97
12,gpt,vm_placement,0.0,A,F3,1,0,,nan,0,path_adjacency,0,0,0,waxman,large,0,25.59
12,gpt,vm_placement,0.0,A,F4,1,0,,nan,1,parse_error,0,0,0,waxman,large,0,59.97
12,gpt,vm_placement,0.0,A,F5,1,0,,nan,1,parse_error,0,0,0,waxman,large,0,47.46
13,gpt,vm_placement,0.0,A,F1,1,0,,nan,0,path_adjacency,0,0,0,waxman,small,0,42.44
13,gpt,vm_placement,0.0,A,F2,1,1,893,-49.633389734912576,0,none,123,770,14,waxman,small,0,107.63
13,gpt,vm_placement,0.0,A,F3,1,0,,nan,0,path_adjacency,0,0,0,waxman,small,0,48.08
13,gpt,vm_placement,0.0,A,F4,1,0,,nan,1,parse_error,0,0,0,waxman,small,0,24.07
13,gpt,vm_placement,0.0,A,F5,1,1,1003,-43.42921601804851,0,none,123,880,16,waxman,small,0,36.07
14,gpt,vm_placement,0.0,A,F1,1,1,628,-37.57455268389662,0,none,124,504,8,erdos_renyi,large,0,36.96
14,gpt,vm_placement,0.0,A,F2,1,0,,nan,0,path_adjacency,0,0,0,erdos_renyi,large,0,33.38
14,gpt,vm_placement,0.0,A,F3,1,0,,nan,0,path_adjacency,0,0,0,erdos_renyi,large,0,38.43
14,gpt,vm_placement,0.0,A,F4,1,1,628,-37.57455268389662,0,none,124,504,8,erdos_renyi,large,0,35.38
14,gpt,vm_placement,0.0,A,F5,1,1,628,-37.57455268389662,0,none,124,504,8,erdos_renyi,large,0,25.63
15,gpt,vm_placement,0.0,A,F1,1,0,,nan,0,path_adjacency,0,0,0,waxman,large,0,24.21
15,gpt,vm_placement,0.0,A,F2,1,0,,nan,0,path_adjacency,0,0,0,waxman,large,0,107.86
15,gpt,vm_placement,0.0,A,F3,1,0,,nan,1,parse_error,0,0,0,waxman,large,0,83.88
15,gpt,vm_placement,0.0,A,F4,1,0,,nan,0,path_adjacency,0,0,0,waxman,large,0,47.93
15,gpt,vm_placement,0.0,A,F5,1,0,,nan,0,path_adjacency,0,0,0,waxman,large,0,95.0
16,gpt,vm_placement,0.0,A,F1,1,1,316,nan,0,none,148,168,7,erdos_renyi,large,0,17.79
16,gpt,vm_placement,0.0,A,F2,1,0,,nan,0,path_adjacency,0,0,0,erdos_renyi,large,0,28.13
16,gpt,vm_placement,0.0,A,F3,1,1,316,nan,0,none,148,168,7,erdos_renyi,large,0,25.01
16,gpt,vm_placement,0.0,A,F4,1,1,316,nan,0,none,148,168,7,erdos_renyi,large,0,19.18
16,gpt,vm_placement,0.0,A,F5,1,1,316,nan,0,none,148,168,7,erdos_renyi,large,0,17.11
17,gpt,vm_placement,0.0,A,F1,1,0,,nan,0,path_adjacency,0,0,0,erdos_renyi,medium,0,20.16
17,gpt,vm_placement,0.0,A,F2,1,1,413,-39.353891336270195,0,none,78,335,5,erdos_renyi,medium,0,52.54
17,gpt,vm_placement,0.0,A,F3,1,1,413,-39.353891336270195,0,none,78,335,5,erdos_renyi,medium,0,16.63
17,gpt,vm_placement,0.0,A,F4,1,1,413,-39.353891336270195,0,none,78,335,5,erdos_renyi,medium,0,24.05
17,gpt,vm_placement,0.0,A,F5,1,1,413,-39.353891336270195,0,none,78,335,5,erdos_renyi,medium,0,16.28
18,gpt,vm_placement,0.0,A,F1,1,1,425,-39.71631205673759,0,none,75,350,5,erdos_renyi,small,0,19.32
18,gpt,vm_placement,0.0,A,F2,1,1,425,-39.71631205673759,0,none,75,350,5,erdos_renyi,small,0,17.9
18,gpt,vm_placement,0.0,A,F3,1,0,,nan,0,path_adjacency,0,0,0,erdos_renyi,small,0,21.75
18,gpt,vm_placement,0.0,A,F4,1,1,425,-39.71631205673759,0,none,75,350,5,erdos_renyi,small,0,12.4
18,gpt,vm_placement,0.0,A,F5,1,1,425,-39.71631205673759,0,none,75,350,5,erdos_renyi,small,0,27.03
19,gpt,vm_placement,0.0,A,F1,1,0,,nan,0,path_adjacency,0,0,0,waxman,medium,0,24.6
19,gpt,vm_placement,0.0,A,F2,1,0,,nan,1,parse_error,0,0,0,waxman,medium,0,54.29
19,gpt,vm_placement,0.0,A,F3,1,0,,nan,0,path_adjacency,0,0,0,waxman,medium,0,25.4
19,gpt,vm_placement,0.0,A,F4,1,1,459,-73.01587301587301,0,none,162,297,11,waxman,medium,0,22.59
19,gpt,vm_placement,0.0,A,F5,1,1,459,-73.01587301587301,0,none,162,297,11,waxman,medium,0,20.9
1,gpt,vm_placement,0.0,A,F1,1,1,384,-43.859649122807014,0,none,144,240,8,barabasi_albert,medium,0,23.9
1,gpt,vm_placement,0.0,A,F2,1,0,,nan,0,path_adjacency,0,0,0,barabasi_albert,medium,0,49.98
1,gpt,vm_placement,0.0,A,F3,1,1,384,-43.859649122807014,0,none,144,240,8,barabasi_albert,medium,0,18.15
1,gpt,vm_placement,0.0,A,F4,1,0,,nan,0,path_adjacency,0,0,0,barabasi_albert,medium,0,20.06
1,gpt,vm_placement,0.0,A,F5,1,0,,nan,0,path_adjacency,0,0,0,barabasi_albert,medium,0,22.37
20,gpt,vm_placement,0.0,A,F1,1,1,288,-22.58064516129032,0,none,78,210,5,erdos_renyi,small,0,18.16
20,gpt,vm_placement,0.0,A,F2,1,0,,nan,0,path_adjacency,0,0,0,erdos_renyi,small,0,19.53
20,gpt,vm_placement,0.0,A,F3,1,1,288,-22.58064516129032,0,none,78,210,5,erdos_renyi,small,0,34.74
20,gpt,vm_placement,0.0,A,F4,1,1,288,-22.58064516129032,0,none,78,210,5,erdos_renyi,small,0,17.91
20,gpt,vm_placement,0.0,A,F5,1,1,288,-22.58064516129032,0,none,78,210,5,erdos_renyi,small,0,18.08
2,gpt,vm_placement,0.0,A,F1,1,1,283,-42.59634888438134,0,none,136,147,7,barabasi_albert,medium,0,14.01
2,gpt,vm_placement,0.0,A,F2,1,1,283,-42.59634888438134,0,none,136,147,7,barabasi_albert,medium,0,33.48
2,gpt,vm_placement,0.0,A,F3,1,0,,nan,0,path_adjacency,0,0,0,barabasi_albert,medium,0,17.66
2,gpt,vm_placement,0.0,A,F4,1,0,,nan,0,path_adjacency,0,0,0,barabasi_albert,medium,0,26.65
2,gpt,vm_placement,0.0,A,F5,1,1,283,-42.59634888438134,0,none,136,147,7,barabasi_albert,medium,0,15.33
3,gpt,vm_placement,0.0,A,F1,1,0,,nan,0,path_adjacency,0,0,0,erdos_renyi,large,0,27.9
3,gpt,vm_placement,0.0,A,F2,1,0,,nan,0,path_adjacency,0,0,0,erdos_renyi,large,0,38.43
3,gpt,vm_placement,0.0,A,F3,1,1,300,-22.68041237113402,0,none,124,176,8,erdos_renyi,large,0,32.46
3,gpt,vm_placement,0.0,A,F4,1,0,,nan,0,path_adjacency,0,0,0,erdos_renyi,large,0,37.69
3,gpt,vm_placement,0.0,A,F5,1,1,300,-22.68041237113402,0,none,124,176,8,erdos_renyi,large,0,21.23
4,gpt,vm_placement,0.0,A,F1,1,1,504,-42.857142857142854,0,none,126,378,7,barabasi_albert,small,0,23.35
4,gpt,vm_placement,0.0,A,F2,1,1,504,-42.857142857142854,0,none,126,378,7,barabasi_albert,small,0,30.64
4,gpt,vm_placement,0.0,A,F3,1,1,504,-42.857142857142854,0,none,126,378,7,barabasi_albert,small,0,16.19
4,gpt,vm_placement,0.0,A,F4,1,0,,nan,0,path_adjacency,0,0,0,barabasi_albert,small,0,25.98
4,gpt,vm_placement,0.0,A,F5,1,1,504,-42.857142857142854,0,none,126,378,7,barabasi_albert,small,0,15.38
5,gpt,vm_placement,0.0,A,F1,1,0,,nan,0,path_adjacency,0,0,0,waxman,medium,0,20.7
5,gpt,vm_placement,0.0,A,F2,1,0,,nan,0,path_adjacency,0,0,0,waxman,medium,0,58.58
5,gpt,vm_placement,0.0,A,F3,1,0,,nan,0,path_adjacency,0,0,0,waxman,medium,0,12.87
5,gpt,vm_placement,0.0,A,F4,1,0,,nan,0,path_adjacency,0,0,0,waxman,medium,0,63.77
5,gpt,vm_placement,0.0,A,F5,1,0,,nan,0,path_adjacency,0,0,0,waxman,medium,0,14.87
6,gpt,vm_placement,0.0,A,F1,1,0,,nan,0,path_adjacency,0,0,0,waxman,medium,0,49.25
6,gpt,vm_placement,0.0,A,F2,1,0,,nan,1,parse_error,0,0,0,waxman,medium,0,76.94
6,gpt,vm_placement,0.0,A,F3,1,0,,nan,1,parse_error,0,0,0,waxman,medium,0,49.59
6,gpt,vm_placement,0.0,A,F4,1,0,,nan,1,parse_error,0,0,0,waxman,medium,0,51.17
6,gpt,vm_placement,0.0,A,F5,1,0,,nan,0,path_adjacency,0,0,0,waxman,medium,0,62.02
7,gpt,vm_placement,0.0,A,F1,1,1,446,-45.006165228113446,0,none,81,365,5,erdos_renyi,small,0,11.19
7,gpt,vm_placement,0.0,A,F2,1,0,,nan,0,path_adjacency,0,0,0,erdos_renyi,small,0,12.75
7,gpt,vm_placement,0.0,A,F3,1,1,446,-45.006165228113446,0,none,81,365,5,erdos_renyi,small,0,16.8
7,gpt,vm_placement,0.0,A,F4,1,1,446,-45.006165228113446,0,none,81,365,5,erdos_renyi,small,0,14.74
7,gpt,vm_placement,0.0,A,F5,1,0,,nan,0,path_adjacency,0,0,0,erdos_renyi,small,0,19.06
8,gpt,vm_placement,0.0,A,F1,1,0,,nan,0,path_adjacency,0,0,0,waxman,medium,0,104.21
8,gpt,vm_placement,0.0,A,F2,1,0,,nan,1,parse_error,0,0,0,waxman,medium,0,56.89
8,gpt,vm_placement,0.0,A,F3,1,0,,nan,1,parse_error,0,0,0,waxman,medium,0,45.85
8,gpt,vm_placement,0.0,A,F4,1,1,1048,nan,0,none,138,910,13,waxman,medium,0,34.65
8,gpt,vm_placement,0.0,A,F5,1,0,,nan,0,path_adjacency,0,0,0,waxman,medium,0,60.88
9,gpt,vm_placement,0.0,A,F1,1,1,324,-43.75,0,none,128,196,7,barabasi_albert,large,0,11.48
9,gpt,vm_placement,0.0,A,F2,1,0,,nan,0,path_adjacency,0,0,0,barabasi_albert,large,0,65.49
9,gpt,vm_placement,0.0,A,F3,1,1,324,-43.75,0,none,128,196,7,barabasi_albert,large,0,38.81
9,gpt,vm_placement,0.0,A,F4,1,0,,nan,0,path_adjacency,0,0,0,barabasi_albert,large,0,17.68
9,gpt,vm_placement,0.0,A,F5,1,1,324,-43.75,0,none,128,196,7,barabasi_albert,large,0,14.85
